invoice_id,buyer_id,invoice_date,due_date,amount,dispute_flag,docs_incomplete,payment_date,days_late,status
INV-09069,B169,2023-10-01,2023-10-31,55200.0,False,False,2023-11-27,27.0,paid
INV-03525,B068,2023-10-01,2023-10-31,62000.0,False,False,2023-10-21,-10.0,paid
INV-08015,B148,2023-10-01,2023-10-31,12900.0,False,False,2023-11-18,18.0,paid
INV-04662,B088,2023-10-01,2023-10-31,34800.0,False,False,2023-11-04,4.0,paid
INV-10978,B199,2023-10-01,2023-11-15,18700.0,False,False,2023-11-07,-8.0,paid
INV-02851,B055,2023-10-01,2023-10-31,34600.0,False,True,2023-12-11,41.0,paid
INV-01553,B028,2023-10-01,2023-11-15,3000.0,False,False,2023-12-18,33.0,paid
INV-08323,B157,2023-10-01,2023-10-31,10600.0,False,False,2023-11-20,20.0,paid
INV-10466,B189,2023-10-01,2023-11-15,105400.0,False,False,2023-12-09,24.0,paid
INV-00080,B002,2023-10-01,2023-10-31,106100.0,False,False,2023-11-08,8.0,paid
INV-11485,B207,2023-10-01,2023-10-31,28300.0,False,False,2023-11-02,2.0,paid
INV-12009,B216,2023-10-01,2023-11-15,19100.0,False,False,2023-12-17,32.0,paid
INV-06598,B120,2023-10-01,2023-11-15,25300.0,False,False,2023-11-27,12.0,paid
INV-05003,B093,2023-10-01,2023-11-15,39500.0,False,False,2023-12-03,18.0,paid
INV-09453,B175,2023-10-01,2023-10-31,84300.0,False,False,2023-11-15,15.0,paid
INV-08016,B148,2023-10-02,2023-11-01,9600.0,False,False,2024-03-07,127.0,paid
INV-11700,B212,2023-10-02,2023-11-16,89800.0,False,False,2023-11-27,11.0,paid
INV-03183,B061,2023-10-02,2023-11-01,15300.0,False,False,2023-10-22,-10.0,paid
INV-02590,B051,2023-10-02,2023-11-01,39600.0,False,True,2023-12-02,31.0,paid
INV-05266,B097,2023-10-02,2023-11-01,25700.0,False,False,2023-11-10,9.0,paid
INV-02432,B047,2023-10-02,2023-11-01,87400.0,False,True,2023-11-01,0.0,paid
INV-01230,B022,2023-10-02,2023-11-01,6000.0,False,True,2023-12-18,47.0,paid
INV-04804,B089,2023-10-02,2023-11-01,89100.0,False,False,2023-11-09,8.0,paid
INV-10323,B187,2023-10-02,2023-11-01,204800.0,True,False,2023-12-30,59.0,paid
INV-00081,B002,2023-10-03,2023-11-02,97700.0,True,False,2023-12-15,43.0,paid
INV-05524,B100,2023-10-03,2023-11-02,33200.0,False,True,2023-12-08,36.0,paid
INV-05525,B100,2023-10-03,2023-11-02,47300.0,False,False,2023-11-29,27.0,paid
INV-07744,B144,2023-10-03,2023-11-02,66600.0,True,False,2023-12-11,39.0,paid
INV-02009,B038,2023-10-03,2023-11-02,87900.0,False,False,2023-11-25,23.0,paid
INV-00590,B012,2023-10-03,2023-11-17,30900.0,False,False,2023-12-13,26.0,paid
INV-06908,B128,2023-10-03,2023-11-17,85700.0,True,False,2024-01-23,67.0,paid
INV-00242,B005,2023-10-03,2023-11-02,71400.0,False,False,2023-10-30,-3.0,paid
INV-01040,B019,2023-10-03,2023-11-02,30600.0,False,False,2023-11-30,28.0,paid
INV-02075,B039,2023-10-04,2023-11-18,7500.0,False,False,2023-11-22,4.0,paid
INV-07568,B141,2023-10-04,2023-11-03,80100.0,False,False,2023-11-21,18.0,paid
INV-02234,B041,2023-10-04,2023-11-18,10900.0,False,False,2023-11-27,9.0,paid
INV-11701,B212,2023-10-04,2023-11-18,108000.0,False,False,2023-12-02,14.0,paid
INV-10220,B186,2023-10-04,2023-11-18,187400.0,False,False,2023-12-09,21.0,paid
INV-06237,B109,2023-10-04,2023-11-03,108500.0,False,False,2023-12-22,49.0,paid
INV-09955,B183,2023-10-04,2023-11-18,72400.0,False,False,2023-12-28,40.0,paid
INV-04663,B088,2023-10-04,2023-11-03,16800.0,False,False,2023-10-24,-10.0,paid
INV-08017,B148,2023-10-04,2023-11-03,9200.0,False,False,2023-11-13,10.0,paid
INV-09954,B183,2023-10-04,2023-11-18,52900.0,False,False,2023-12-09,21.0,paid
INV-10113,B185,2023-10-05,2023-11-19,157500.0,False,False,2024-01-06,48.0,paid
INV-11206,B203,2023-10-05,2023-11-04,6500.0,False,False,2023-11-28,24.0,paid
INV-03953,B075,2023-10-05,2023-11-19,95100.0,False,False,2023-12-18,29.0,paid
INV-08324,B157,2023-10-05,2023-11-04,43100.0,False,False,2023-12-08,34.0,paid
INV-08763,B164,2023-10-05,2023-11-19,13900.0,False,False,2023-11-26,7.0,paid
INV-05690,B101,2023-10-05,2023-11-19,123000.0,False,False,2023-12-27,38.0,paid
INV-05267,B097,2023-10-05,2023-11-04,25900.0,False,False,2023-11-24,20.0,paid
INV-05402,B098,2023-10-06,2023-11-05,7000.0,False,False,2023-10-26,-10.0,paid
INV-09335,B174,2023-10-06,2023-11-05,35000.0,False,False,2023-11-17,12.0,paid
INV-05004,B093,2023-10-06,2023-11-20,27800.0,False,False,2023-12-13,23.0,paid
INV-01077,B020,2023-10-06,2023-11-05,76800.0,False,False,2023-12-03,28.0,paid
INV-12054,B217,2023-10-06,2023-11-20,24500.0,False,False,2023-12-09,19.0,paid
INV-03306,B065,2023-10-06,2023-11-05,81800.0,False,False,2023-11-20,15.0,paid
INV-00001,B000,2023-10-06,2023-11-20,15000.0,False,False,2023-12-09,19.0,paid
INV-08911,B168,2023-10-06,2023-11-20,66100.0,False,False,2023-12-22,32.0,paid
INV-00545,B011,2023-10-06,2023-11-20,29600.0,False,False,2023-12-03,13.0,paid
INV-11207,B203,2023-10-06,2023-11-05,5600.0,True,False,2024-01-16,72.0,paid
INV-10736,B194,2023-10-06,2023-11-20,85400.0,False,False,2023-11-29,9.0,paid
INV-08833,B166,2023-10-07,2023-11-06,54200.0,False,False,2023-11-17,11.0,paid
INV-02852,B055,2023-10-07,2023-11-06,100300.0,False,False,2023-12-13,37.0,paid
INV-06014,B105,2023-10-07,2023-11-06,210700.0,False,False,2023-11-19,13.0,paid
INV-01528,B027,2023-10-07,2023-11-06,41600.0,False,False,2023-11-11,5.0,paid
INV-05862,B104,2023-10-07,2023-11-06,59900.0,False,False,2023-11-12,6.0,paid
INV-01078,B020,2023-10-07,2023-11-06,95800.0,False,False,2023-12-09,33.0,paid
INV-01041,B019,2023-10-07,2023-11-06,25800.0,False,True,2023-12-15,39.0,paid
INV-05268,B097,2023-10-07,2023-11-06,49600.0,False,False,2023-11-20,14.0,paid
INV-04586,B087,2023-10-07,2023-11-21,40600.0,False,False,2023-11-28,7.0,paid
INV-06828,B124,2023-10-07,2023-11-21,7600.0,False,False,2023-11-21,0.0,paid
INV-03526,B068,2023-10-07,2023-11-06,35400.0,False,False,2023-10-30,-7.0,paid
INV-01855,B035,2023-10-08,2023-11-22,113100.0,False,False,2023-12-09,17.0,paid
INV-07618,B143,2023-10-08,2023-11-22,32800.0,False,False,2023-12-08,16.0,paid
INV-08500,B161,2023-10-08,2023-11-07,84900.0,False,False,2023-11-29,22.0,paid
INV-07959,B147,2023-10-08,2023-11-07,14100.0,False,True,2023-12-03,26.0,paid
INV-05526,B100,2023-10-09,2023-11-08,86100.0,False,False,2023-12-12,34.0,paid
INV-04664,B088,2023-10-09,2023-11-08,17500.0,False,False,2023-11-11,3.0,paid
INV-09660,B178,2023-10-09,2023-11-08,9900.0,False,False,2024-04-04,148.0,paid
INV-00900,B018,2023-10-09,2023-11-08,27500.0,False,False,2023-12-24,46.0,paid
INV-07137,B134,2023-10-09,2023-11-23,85000.0,False,False,2023-12-19,26.0,paid
INV-09566,B176,2023-10-09,2023-11-23,5400.0,False,False,2023-12-21,28.0,paid
INV-00221,B004,2023-10-09,2023-11-23,18400.0,False,False,2023-12-18,25.0,paid
INV-08834,B166,2023-10-09,2023-11-08,83600.0,False,False,2023-11-26,18.0,paid
INV-01936,B037,2023-10-09,2023-11-23,60300.0,False,True,2023-12-21,28.0,paid
INV-06863,B126,2023-10-09,2023-11-23,87300.0,False,False,2023-11-22,-1.0,paid
INV-08850,B167,2023-10-10,2023-11-09,67400.0,False,True,2023-12-16,37.0,paid
INV-02737,B053,2023-10-10,2023-11-09,37600.0,True,False,2023-12-17,38.0,paid
INV-01856,B035,2023-10-10,2023-11-24,60300.0,False,False,2023-12-01,7.0,paid
INV-06829,B124,2023-10-10,2023-11-24,11500.0,False,False,2023-11-28,4.0,paid
INV-02591,B051,2023-10-10,2023-11-09,43800.0,False,False,2023-11-27,18.0,paid
INV-01421,B025,2023-10-10,2023-11-24,20300.0,False,False,2024-01-06,43.0,paid
INV-00166,B003,2023-10-10,2023-11-09,25000.0,False,False,2024-02-07,90.0,paid
INV-11191,B202,2023-10-10,2023-11-09,12500.0,False,False,2023-12-12,33.0,paid
INV-09296,B173,2023-10-11,2023-11-25,60800.0,True,True,2024-01-06,42.0,paid
INV-01079,B020,2023-10-11,2023-11-10,268300.0,False,False,2023-12-10,30.0,paid
INV-03386,B067,2023-10-11,2023-11-10,41900.0,False,False,2023-11-04,-6.0,paid
INV-07021,B132,2023-10-11,2023-11-25,81400.0,False,False,2023-12-07,12.0,paid
INV-10979,B199,2023-10-11,2023-11-25,6200.0,False,True,2023-11-18,-7.0,paid
INV-04108,B078,2023-10-11,2023-11-10,4200.0,True,False,2023-12-21,41.0,paid
INV-03772,B072,2023-10-11,2023-11-10,24200.0,False,False,2023-11-16,6.0,paid
INV-09336,B174,2023-10-11,2023-11-10,5800.0,False,True,2023-11-17,7.0,paid
INV-03740,B071,2023-10-11,2023-11-10,41400.0,False,False,2023-11-26,16.0,paid
INV-02010,B038,2023-10-11,2023-11-10,65200.0,False,False,2023-12-13,33.0,paid
INV-07101,B133,2023-10-11,2023-11-10,39200.0,False,False,2023-11-28,18.0,paid
INV-03989,B076,2023-10-11,2023-11-25,49000.0,False,False,2023-12-18,23.0,paid
INV-02077,B039,2023-10-12,2023-11-26,25900.0,False,False,2023-12-20,24.0,paid
INV-06924,B129,2023-10-12,2023-11-26,51500.0,False,False,2023-12-01,5.0,paid
INV-04870,B090,2023-10-12,2023-11-26,101400.0,False,False,2023-12-08,12.0,paid
INV-04665,B088,2023-10-12,2023-11-11,43000.0,False,True,2024-01-23,73.0,paid
INV-04936,B091,2023-10-12,2023-11-11,11200.0,True,False,2024-01-04,54.0,paid
INV-03694,B070,2023-10-12,2023-11-26,217300.0,False,False,2023-12-22,26.0,paid
INV-11208,B203,2023-10-12,2023-11-11,7400.0,False,False,2023-12-28,47.0,paid
INV-02076,B039,2023-10-12,2023-11-26,16100.0,False,True,2023-12-29,33.0,paid
INV-02592,B051,2023-10-12,2023-11-11,56000.0,False,False,2023-11-30,19.0,paid
INV-10684,B193,2023-10-12,2023-11-26,52100.0,False,True,2024-01-03,38.0,paid
INV-00047,B001,2023-10-12,2023-11-26,57400.0,False,False,2023-12-26,30.0,paid
INV-05527,B100,2023-10-12,2023-11-11,66200.0,False,False,2023-12-14,33.0,paid
INV-03272,B064,2023-10-13,2023-11-27,90200.0,False,False,2023-12-22,25.0,paid
INV-09337,B174,2023-10-13,2023-11-12,33700.0,False,False,2023-11-14,2.0,paid
INV-03387,B067,2023-10-13,2023-11-12,61600.0,False,False,2023-11-04,-8.0,paid
INV-02924,B056,2023-10-13,2023-11-27,89200.0,True,False,2024-01-19,53.0,paid
INV-09156,B170,2023-10-13,2023-11-27,14700.0,False,False,2023-12-29,32.0,paid
INV-02480,B048,2023-10-13,2023-11-27,30500.0,False,True,2024-01-06,40.0,paid
INV-04456,B086,2023-10-13,2023-11-27,70400.0,False,False,2023-11-17,-10.0,paid
INV-10221,B186,2023-10-13,2023-11-27,329600.0,False,True,2024-01-01,35.0,paid
INV-05269,B097,2023-10-13,2023-11-12,99300.0,False,False,2023-11-21,9.0,paid
INV-08912,B168,2023-10-14,2023-11-28,59600.0,False,False,2023-12-30,32.0,paid
INV-11702,B212,2023-10-14,2023-11-28,147200.0,True,False,2024-01-04,37.0,paid
INV-09956,B183,2023-10-14,2023-11-28,178700.0,False,False,2023-12-31,33.0,paid
INV-00402,B008,2023-10-14,2023-11-28,19600.0,True,False,2024-01-24,57.0,paid
INV-08158,B151,2023-10-14,2023-11-28,155800.0,False,False,2023-12-24,26.0,paid
INV-03887,B074,2023-10-14,2023-11-13,8200.0,False,False,2023-11-22,9.0,paid
INV-05528,B100,2023-10-14,2023-11-13,23100.0,False,False,2023-12-17,34.0,paid
INV-01909,B036,2023-10-14,2023-11-28,76600.0,False,False,2023-12-27,29.0,paid
INV-05270,B097,2023-10-14,2023-11-13,82200.0,False,False,2023-11-17,4.0,paid
INV-11350,B205,2023-10-14,2023-11-28,54900.0,False,False,2024-04-04,128.0,paid
INV-03205,B062,2023-10-14,2023-11-28,7100.0,False,False,2024-01-03,36.0,paid
INV-10897,B197,2023-10-14,2023-11-28,44900.0,False,False,2023-11-26,-2.0,paid
INV-10222,B186,2023-10-15,2023-11-29,17600.0,False,False,2023-12-16,17.0,paid
INV-01422,B025,2023-10-15,2023-11-29,18700.0,False,False,2024-01-01,33.0,paid
INV-06720,B121,2023-10-15,2023-11-29,66000.0,False,False,2023-12-18,19.0,paid
INV-01197,B021,2023-10-15,2023-11-29,13900.0,False,False,2023-12-18,19.0,paid
INV-09853,B182,2023-10-15,2023-11-14,72000.0,False,False,2023-11-18,4.0,paid
INV-00613,B013,2023-10-15,2023-11-29,6300.0,True,False,2024-01-20,52.0,paid
INV-08764,B164,2023-10-15,2023-11-29,11400.0,False,False,2023-12-12,13.0,paid
INV-02341,B044,2023-10-15,2023-11-14,60700.0,False,False,2023-12-18,34.0,paid
INV-02375,B046,2023-10-15,2023-11-29,33700.0,False,True,2024-01-04,36.0,paid
INV-09297,B173,2023-10-16,2023-11-30,119100.0,False,False,2023-12-24,24.0,paid
INV-01231,B022,2023-10-16,2023-11-15,9800.0,False,False,2023-12-17,32.0,paid
INV-05828,B103,2023-10-16,2023-11-30,90200.0,False,False,2023-12-21,21.0,paid
INV-10846,B196,2023-10-16,2023-11-15,43600.0,False,False,2023-12-20,35.0,paid
INV-03060,B058,2023-10-16,2023-11-30,57400.0,False,False,2024-01-01,32.0,paid
INV-00243,B005,2023-10-16,2023-11-15,23300.0,False,False,2023-11-20,5.0,paid
INV-00677,B014,2023-10-16,2023-11-15,67700.0,False,False,2023-11-18,3.0,paid
INV-06085,B107,2023-10-16,2023-11-30,111600.0,False,False,2023-12-09,9.0,paid
INV-01287,B023,2023-10-17,2023-12-01,50500.0,True,False,2024-02-09,70.0,paid
INV-05529,B100,2023-10-17,2023-11-16,22600.0,False,False,2023-12-11,25.0,paid
INV-07745,B144,2023-10-17,2023-11-16,91000.0,False,False,2023-11-25,9.0,paid
INV-11703,B212,2023-10-17,2023-12-01,34200.0,False,False,2023-12-02,1.0,paid
INV-10407,B188,2023-10-17,2023-11-16,38000.0,False,False,2023-12-09,23.0,paid
INV-06504,B118,2023-10-17,2023-11-16,7500.0,False,False,2024-04-15,151.0,paid
INV-06741,B122,2023-10-17,2023-12-01,54600.0,False,True,2023-11-25,-6.0,paid
INV-07288,B137,2023-10-17,2023-12-01,83300.0,False,False,2023-12-03,2.0,paid
INV-05863,B104,2023-10-17,2023-11-16,142300.0,False,False,2023-11-20,4.0,paid
INV-01232,B022,2023-10-17,2023-11-16,5200.0,False,False,2023-12-23,37.0,paid
INV-08913,B168,2023-10-17,2023-12-01,46900.0,False,True,2023-12-31,30.0,paid
INV-05530,B100,2023-10-17,2023-11-16,87000.0,True,False,2024-01-31,76.0,paid
INV-05691,B101,2023-10-17,2023-12-01,37000.0,False,True,2024-01-04,34.0,paid
INV-10324,B187,2023-10-18,2023-11-17,56000.0,False,False,2023-12-26,39.0,paid
INV-03695,B070,2023-10-18,2023-12-02,130900.0,False,True,2023-12-27,25.0,paid
INV-03741,B071,2023-10-18,2023-11-17,56600.0,False,False,2023-12-08,21.0,paid
INV-06239,B109,2023-10-18,2023-11-17,182100.0,False,False,2024-01-05,49.0,paid
INV-02695,B052,2023-10-18,2023-11-17,98500.0,False,False,2024-01-09,53.0,paid
INV-02696,B052,2023-10-18,2023-11-17,63600.0,False,False,2024-01-10,54.0,paid
INV-08765,B164,2023-10-18,2023-12-02,19400.0,False,False,2023-12-23,21.0,paid
INV-06238,B109,2023-10-18,2023-11-17,68400.0,False,False,2023-12-31,44.0,paid
INV-09233,B172,2023-10-18,2023-12-02,66200.0,False,False,2023-12-18,16.0,paid
INV-01080,B020,2023-10-18,2023-11-17,64400.0,False,False,2023-12-15,28.0,paid
INV-07422,B139,2023-10-18,2023-11-17,27300.0,True,False,2024-04-05,140.0,paid
INV-02925,B056,2023-10-18,2023-12-02,64400.0,False,False,2023-12-24,22.0,paid
INV-07960,B147,2023-10-18,2023-11-17,36200.0,False,False,2023-12-09,22.0,paid
INV-00308,B006,2023-10-19,2023-12-03,109900.0,False,False,2023-12-22,19.0,paid
INV-07746,B144,2023-10-19,2023-11-18,116800.0,True,False,2024-01-01,44.0,paid
INV-04217,B081,2023-10-19,2023-11-18,44600.0,False,False,2024-01-05,48.0,paid
INV-04457,B086,2023-10-19,2023-12-03,259500.0,False,False,2023-12-08,5.0,paid
INV-03527,B068,2023-10-19,2023-11-18,77900.0,False,False,2023-11-08,-10.0,paid
INV-09777,B180,2023-10-19,2023-11-18,10900.0,False,False,2023-12-26,38.0,paid
INV-06140,B108,2023-10-19,2023-11-18,12000.0,False,False,2023-12-01,13.0,paid
INV-10114,B185,2023-10-19,2023-12-03,161300.0,False,False,2024-01-13,41.0,paid
INV-05271,B097,2023-10-19,2023-11-18,24400.0,False,False,2023-11-28,10.0,paid
INV-01597,B029,2023-10-19,2023-12-03,25800.0,False,False,2023-12-14,11.0,paid
INV-06405,B115,2023-10-19,2023-12-03,61100.0,False,False,2023-12-12,9.0,paid
INV-02525,B049,2023-10-19,2023-12-03,30200.0,False,False,2023-11-23,-10.0,paid
INV-08657,B162,2023-10-20,2023-11-19,37600.0,False,False,2024-04-30,163.0,paid
INV-02778,B054,2023-10-20,2023-11-19,10400.0,False,False,2023-11-14,-5.0,paid
INV-05471,B099,2023-10-20,2023-11-19,47600.0,False,False,2023-12-15,26.0,paid
INV-08851,B167,2023-10-20,2023-11-19,52400.0,False,False,2023-12-18,29.0,paid
INV-10408,B188,2023-10-20,2023-11-19,18200.0,False,False,2023-12-09,20.0,paid
INV-09070,B169,2023-10-20,2023-11-19,41400.0,False,False,2023-12-01,12.0,paid
INV-09957,B183,2023-10-20,2023-12-04,95300.0,True,False,2024-02-19,77.0,paid
INV-03307,B065,2023-10-21,2023-11-20,101500.0,False,False,2023-12-16,26.0,paid
INV-06790,B123,2023-10-21,2023-12-05,67000.0,False,False,2024-01-13,39.0,paid
INV-07747,B144,2023-10-21,2023-11-20,94300.0,False,False,2023-11-24,4.0,paid
INV-06993,B131,2023-10-21,2023-12-05,216900.0,False,True,2023-12-23,18.0,paid
INV-08658,B162,2023-10-21,2023-11-20,14600.0,True,True,2024-01-21,62.0,paid
INV-06326,B112,2023-10-21,2023-12-05,20200.0,False,False,2023-11-26,-9.0,paid
INV-06406,B115,2023-10-21,2023-12-05,20400.0,False,False,2023-12-15,10.0,paid
INV-06721,B121,2023-10-21,2023-12-05,76900.0,False,False,2023-12-21,16.0,paid
INV-09234,B172,2023-10-21,2023-12-05,33100.0,False,False,2023-12-19,14.0,paid
INV-04937,B091,2023-10-21,2023-11-20,13000.0,False,True,2023-12-28,38.0,paid
INV-07896,B145,2023-10-22,2023-12-06,8700.0,False,False,2023-11-26,-10.0,paid
INV-00244,B005,2023-10-22,2023-11-21,45700.0,False,False,2023-11-25,4.0,paid
INV-02235,B041,2023-10-22,2023-12-06,50500.0,False,False,2023-12-09,3.0,paid
INV-08263,B156,2023-10-22,2023-11-21,15200.0,False,False,2023-12-15,24.0,paid
INV-03039,B057,2023-10-22,2023-11-21,66700.0,False,False,2023-11-21,0.0,paid
INV-09778,B180,2023-10-22,2023-11-21,13600.0,False,False,2023-12-16,25.0,paid
INV-02594,B051,2023-10-22,2023-11-21,34700.0,False,False,2023-12-15,24.0,paid
INV-05531,B100,2023-10-22,2023-11-21,29500.0,False,False,2023-12-23,32.0,paid
INV-07186,B135,2023-10-22,2023-12-06,25100.0,False,False,2023-12-24,18.0,paid
INV-01288,B023,2023-10-22,2023-12-06,21000.0,False,False,2023-12-29,23.0,paid
INV-02593,B051,2023-10-22,2023-11-21,91700.0,False,False,2023-12-13,22.0,paid
INV-11704,B212,2023-10-23,2023-12-07,21200.0,False,True,2023-11-30,-7.0,paid
INV-07187,B135,2023-10-23,2023-12-07,24500.0,False,False,2023-12-29,22.0,paid
INV-02078,B039,2023-10-23,2023-12-07,28200.0,False,False,2023-12-19,12.0,paid
INV-05472,B099,2023-10-23,2023-11-22,305200.0,False,False,2023-12-17,25.0,paid
INV-00869,B017,2023-10-23,2023-11-22,21800.0,False,False,2023-11-12,-10.0,paid
INV-04458,B086,2023-10-23,2023-12-07,98800.0,False,False,2023-12-07,0.0,paid
INV-03773,B072,2023-10-23,2023-11-22,4500.0,False,True,2023-12-02,10.0,paid
INV-07748,B144,2023-10-23,2023-11-22,81500.0,False,False,2023-11-25,3.0,paid
INV-08835,B166,2023-10-24,2023-11-23,34800.0,False,False,2023-12-11,18.0,paid
INV-08207,B154,2023-10-24,2023-12-08,63900.0,False,True,2023-12-20,12.0,paid
INV-08791,B165,2023-10-24,2023-11-23,8300.0,False,False,2023-11-27,4.0,paid
INV-02779,B054,2023-10-24,2023-11-23,19000.0,False,True,2023-11-24,1.0,paid
INV-11705,B212,2023-10-24,2023-12-08,45800.0,False,False,2023-12-05,-3.0,paid
INV-11154,B201,2023-10-24,2023-12-08,23500.0,False,False,2024-01-11,34.0,paid
INV-00591,B012,2023-10-24,2023-12-08,30700.0,False,True,2023-12-27,19.0,paid
INV-03388,B067,2023-10-24,2023-11-23,113900.0,False,False,2023-11-29,6.0,paid
INV-04871,B090,2023-10-24,2023-12-08,49700.0,False,False,2023-12-06,-2.0,paid
INV-11351,B205,2023-10-24,2023-12-08,66900.0,False,True,2024-01-01,24.0,paid
INV-03241,B063,2023-10-24,2023-11-23,28000.0,False,False,2023-12-14,21.0,paid
INV-10223,B186,2023-10-24,2023-12-08,67200.0,False,False,2023-12-17,9.0,paid
INV-05532,B100,2023-10-24,2023-11-23,107700.0,False,False,2023-12-31,38.0,paid
INV-11613,B210,2023-10-24,2023-11-23,56300.0,False,False,2023-12-07,14.0,paid
INV-09071,B169,2023-10-24,2023-11-23,31000.0,False,False,2023-12-08,15.0,paid
INV-09454,B175,2023-10-24,2023-11-23,68200.0,False,False,2023-11-28,5.0,paid
INV-01289,B023,2023-10-24,2023-12-08,23500.0,False,False,2023-12-25,17.0,paid
INV-02926,B056,2023-10-24,2023-12-08,39800.0,False,False,2023-12-24,16.0,paid
INV-02927,B056,2023-10-25,2023-12-09,192100.0,False,False,2024-01-03,25.0,paid
INV-04109,B078,2023-10-25,2023-11-24,22100.0,False,False,2023-12-15,21.0,paid
INV-01598,B029,2023-10-25,2023-12-09,34800.0,False,False,2023-12-26,17.0,paid
INV-10932,B198,2023-10-25,2023-12-09,13600.0,False,False,2024-01-18,40.0,paid
INV-04459,B086,2023-10-25,2023-12-09,148500.0,True,False,2023-12-28,19.0,paid
INV-11706,B212,2023-10-25,2023-12-09,88900.0,False,False,2023-12-18,9.0,paid
INV-03528,B068,2023-10-25,2023-11-24,46200.0,False,False,2023-11-14,-10.0,paid
INV-04666,B088,2023-10-25,2023-11-24,25300.0,False,True,2023-12-11,17.0,paid
INV-01775,B032,2023-10-25,2023-11-24,20400.0,False,False,2024-01-01,38.0,paid
INV-05272,B097,2023-10-25,2023-11-24,50400.0,False,False,2023-11-28,4.0,paid
INV-07961,B147,2023-10-25,2023-11-24,11100.0,False,False,2023-12-15,21.0,paid
INV-05195,B096,2023-10-25,2023-12-09,80500.0,False,False,2024-01-19,41.0,paid
INV-08914,B168,2023-10-25,2023-12-09,171400.0,False,False,2024-01-05,27.0,paid
INV-03138,B060,2023-10-25,2023-12-09,19400.0,False,False,2023-12-03,-6.0,paid
INV-00901,B018,2023-10-25,2023-11-24,6100.0,False,False,2024-01-09,46.0,paid
INV-00902,B018,2023-10-25,2023-11-24,40100.0,False,True,2024-01-23,60.0,paid
INV-10115,B185,2023-10-25,2023-12-09,56500.0,False,False,2024-01-01,23.0,paid
INV-05692,B101,2023-10-25,2023-12-09,43600.0,False,False,2024-01-02,24.0,paid
INV-09958,B183,2023-10-25,2023-12-09,194900.0,False,False,2024-01-09,31.0,paid
INV-00365,B007,2023-10-25,2023-11-24,288200.0,False,True,2024-01-01,38.0,paid
INV-10762,B195,2023-10-26,2023-11-25,19800.0,False,False,2024-01-03,39.0,paid
INV-09779,B180,2023-10-26,2023-11-25,17200.0,False,False,2023-12-18,23.0,paid
INV-10980,B199,2023-10-26,2023-12-10,29700.0,False,False,2023-11-30,-10.0,paid
INV-11546,B208,2023-10-26,2023-11-25,88500.0,False,True,2024-01-18,54.0,paid
INV-01233,B022,2023-10-26,2023-11-25,7400.0,False,False,2024-01-01,37.0,paid
INV-00745,B015,2023-10-26,2023-11-25,118800.0,False,False,2023-12-11,16.0,paid
INV-11209,B203,2023-10-26,2023-11-25,7000.0,False,False,2024-01-07,43.0,paid
INV-05693,B101,2023-10-26,2023-12-10,69200.0,False,False,2024-01-10,31.0,paid
INV-07897,B145,2023-10-26,2023-12-10,37500.0,False,False,2023-12-20,10.0,paid
INV-02738,B053,2023-10-26,2023-11-25,26700.0,False,True,2023-12-06,11.0,paid
INV-04460,B086,2023-10-26,2023-12-10,200400.0,False,False,2023-12-08,-2.0,paid
INV-11938,B213,2023-10-26,2023-12-10,34200.0,False,True,2023-12-21,11.0,paid
INV-06015,B105,2023-10-26,2023-11-25,97300.0,False,False,2023-12-10,15.0,paid
INV-07188,B135,2023-10-26,2023-12-10,47600.0,False,False,2024-01-03,24.0,paid
INV-07619,B143,2023-10-26,2023-12-10,19200.0,False,True,2023-12-28,18.0,paid
INV-11707,B212,2023-10-27,2023-12-11,58700.0,False,False,2023-12-11,0.0,paid
INV-02928,B056,2023-10-27,2023-12-11,41100.0,False,False,2023-12-28,17.0,paid
INV-03105,B059,2023-10-27,2023-12-11,7300.0,False,False,2024-01-15,35.0,paid
INV-10737,B194,2023-10-27,2023-12-11,26100.0,False,False,2023-12-15,4.0,paid
INV-09661,B178,2023-10-27,2023-11-26,25000.0,False,True,2023-12-29,33.0,paid
INV-04461,B086,2023-10-27,2023-12-11,419700.0,False,False,2023-12-06,-5.0,paid
INV-04218,B081,2023-10-27,2023-11-26,19400.0,False,False,2024-01-10,45.0,paid
INV-09740,B179,2023-10-28,2023-11-27,34700.0,False,False,2023-12-31,34.0,paid
INV-01290,B023,2023-10-28,2023-12-12,25400.0,False,False,2023-12-28,16.0,paid
INV-07289,B137,2023-10-28,2023-12-12,62200.0,False,False,2023-12-13,1.0,paid
INV-00366,B007,2023-10-28,2023-11-27,147800.0,False,False,2023-12-24,27.0,paid
INV-11486,B207,2023-10-28,2023-11-27,32600.0,False,False,2023-11-29,2.0,paid
INV-09455,B175,2023-10-28,2023-11-27,47900.0,False,False,2023-12-12,15.0,paid
INV-01081,B020,2023-10-28,2023-11-27,188700.0,False,False,2024-01-11,45.0,paid
INV-07022,B132,2023-10-28,2023-12-12,34900.0,False,False,2023-12-12,0.0,paid
INV-11487,B207,2023-10-28,2023-11-27,49000.0,False,False,2023-12-11,14.0,paid
INV-03242,B063,2023-10-28,2023-11-27,16900.0,False,False,2023-12-13,16.0,paid
INV-00048,B001,2023-10-28,2023-12-12,58500.0,False,True,2024-01-03,22.0,paid
INV-00746,B015,2023-10-28,2023-11-27,97300.0,False,False,2023-11-24,-3.0,paid
INV-00049,B001,2023-10-29,2023-12-13,42300.0,False,False,2023-12-23,10.0,paid
INV-00614,B013,2023-10-29,2023-12-13,6800.0,False,False,2024-01-13,31.0,paid
INV-11614,B210,2023-10-29,2023-11-28,216100.0,False,False,2024-01-03,36.0,paid
INV-00870,B017,2023-10-29,2023-11-28,60000.0,True,False,2024-01-09,42.0,paid
INV-06742,B122,2023-10-29,2023-12-13,26400.0,False,False,2023-12-03,-10.0,paid
INV-06016,B105,2023-10-29,2023-11-28,26900.0,False,False,2023-12-06,8.0,paid
INV-11293,B204,2023-10-29,2023-11-28,99600.0,False,False,2023-12-12,14.0,paid
INV-02853,B055,2023-10-29,2023-11-28,37700.0,False,True,2023-12-31,33.0,paid
INV-05864,B104,2023-10-29,2023-11-28,124800.0,False,False,2023-12-09,11.0,paid
INV-00819,B016,2023-10-29,2023-12-13,46300.0,False,False,2023-12-27,14.0,paid
INV-07530,B140,2023-10-29,2023-12-13,6500.0,False,False,2023-12-24,11.0,paid
INV-02929,B056,2023-10-29,2023-12-13,157100.0,False,False,2024-01-10,28.0,paid
INV-07749,B144,2023-10-29,2023-11-28,215100.0,False,False,2023-12-03,5.0,paid
INV-12010,B216,2023-10-29,2023-12-13,26200.0,False,False,2024-01-16,34.0,paid
INV-01423,B025,2023-10-29,2023-12-13,28100.0,False,False,2024-01-10,28.0,paid
INV-08915,B168,2023-10-29,2023-12-13,31500.0,False,False,2023-12-29,16.0,paid
INV-10523,B190,2023-10-29,2023-12-13,160400.0,False,True,2024-01-31,49.0,paid
INV-09338,B174,2023-10-29,2023-11-28,16400.0,False,False,2023-12-04,6.0,paid
INV-01082,B020,2023-10-30,2023-11-29,183300.0,False,False,2024-01-05,37.0,paid
INV-02697,B052,2023-10-30,2023-11-29,59100.0,False,False,2024-02-01,64.0,paid
INV-03888,B074,2023-10-30,2023-11-29,11900.0,False,True,2023-12-23,24.0,paid
INV-04667,B088,2023-10-30,2023-11-29,10300.0,False,False,2023-11-20,-9.0,paid
INV-05273,B097,2023-10-30,2023-11-29,49200.0,False,False,2023-12-08,9.0,paid
INV-07102,B133,2023-10-30,2023-11-29,23700.0,False,False,2023-12-05,6.0,paid
INV-07189,B135,2023-10-30,2023-12-14,68800.0,False,False,2024-01-15,32.0,paid
INV-08159,B151,2023-10-30,2023-12-14,88400.0,True,False,2024-01-26,43.0,paid
INV-07357,B138,2023-10-30,2023-11-29,52800.0,False,False,2023-12-04,5.0,paid
INV-09456,B175,2023-10-30,2023-11-29,74500.0,False,False,2023-12-09,10.0,paid
INV-11572,B209,2023-10-30,2023-12-14,75300.0,False,True,2024-01-05,22.0,paid
INV-12075,B218,2023-10-31,2023-12-15,124300.0,False,False,2024-01-02,18.0,paid
INV-06086,B107,2023-10-31,2023-12-15,117000.0,False,False,2023-12-18,3.0,paid
INV-03354,B066,2023-10-31,2023-12-15,29700.0,False,False,2023-12-25,10.0,paid
INV-03990,B076,2023-10-31,2023-12-15,27000.0,False,False,2024-01-04,20.0,paid
INV-09959,B183,2023-10-31,2023-12-15,198000.0,False,False,2024-01-15,31.0,paid
INV-11615,B210,2023-10-31,2023-11-30,223200.0,False,False,2023-12-27,27.0,paid
INV-01793,B033,2023-10-31,2023-12-15,37200.0,False,True,2024-01-14,30.0,paid
INV-01353,B024,2023-10-31,2023-11-30,97200.0,False,False,2023-11-22,-8.0,paid
INV-08501,B161,2023-10-31,2023-11-30,101100.0,False,False,2023-12-23,23.0,paid
INV-08018,B148,2023-10-31,2023-11-30,5600.0,False,False,2023-12-13,13.0,paid
INV-01665,B030,2023-10-31,2023-11-30,241400.0,False,False,2023-12-07,7.0,paid
INV-04397,B085,2023-11-01,2023-12-01,54500.0,False,False,2023-12-17,16.0,paid
INV-06017,B105,2023-11-01,2023-12-01,150000.0,False,False,2023-11-21,-10.0,paid
INV-02281,B043,2023-11-01,2023-12-16,17500.0,False,True,2024-01-30,45.0,paid
INV-10981,B199,2023-11-01,2023-12-16,3700.0,False,False,2023-12-06,-10.0,paid
INV-03355,B066,2023-11-01,2023-12-16,86400.0,False,True,2024-01-11,26.0,paid
INV-01083,B020,2023-11-01,2023-12-01,51900.0,False,False,2023-12-19,18.0,paid
INV-03308,B065,2023-11-01,2023-12-01,104300.0,True,False,2023-12-24,23.0,paid
INV-01554,B028,2023-11-01,2023-12-16,6100.0,False,False,2024-01-18,33.0,paid
INV-12076,B218,2023-11-01,2023-12-16,144500.0,False,True,2024-01-10,25.0,paid
INV-03889,B074,2023-11-01,2023-12-01,21600.0,False,False,2023-12-18,17.0,paid
INV-08693,B163,2023-11-01,2023-12-01,26400.0,False,False,2023-12-23,22.0,paid
INV-01529,B027,2023-11-01,2023-12-01,87200.0,False,False,2023-12-06,5.0,paid
INV-00309,B006,2023-11-02,2023-12-17,83600.0,False,False,2024-03-28,102.0,paid
INV-03529,B068,2023-11-02,2023-12-02,35800.0,False,False,2023-11-22,-10.0,paid
INV-01354,B024,2023-11-02,2023-12-02,174200.0,False,False,2023-11-22,-10.0,paid
INV-03061,B058,2023-11-02,2023-12-17,123300.0,False,False,2024-01-09,23.0,paid
INV-05865,B104,2023-11-02,2023-12-02,126500.0,False,False,2023-11-26,-6.0,paid
INV-06074,B106,2023-11-02,2023-12-17,206600.0,False,False,2024-01-09,23.0,paid
INV-00747,B015,2023-11-02,2023-12-02,97700.0,False,False,2023-11-29,-3.0,paid
INV-05274,B097,2023-11-02,2023-12-02,28900.0,False,False,2023-12-11,9.0,paid
INV-00082,B002,2023-11-02,2023-12-02,265700.0,False,False,2023-12-07,5.0,paid
INV-05533,B100,2023-11-02,2023-12-02,53400.0,False,False,2023-12-26,24.0,paid
INV-07290,B137,2023-11-02,2023-12-17,57200.0,False,False,2023-12-07,-10.0,paid
INV-03991,B076,2023-11-02,2023-12-17,43400.0,False,False,2024-01-09,23.0,paid
INV-06994,B131,2023-11-02,2023-12-17,107800.0,False,False,2023-12-25,8.0,paid
INV-09567,B176,2023-11-02,2023-12-17,9500.0,False,False,2024-01-14,28.0,paid
INV-02698,B052,2023-11-02,2023-12-02,121300.0,False,False,2024-01-26,55.0,paid
INV-06448,B116,2023-11-02,2023-12-17,88200.0,False,False,2024-03-17,91.0,paid
INV-07423,B139,2023-11-02,2023-12-02,17300.0,False,False,2023-11-30,-2.0,paid
INV-11708,B212,2023-11-03,2023-12-18,89900.0,False,False,2023-12-17,-1.0,paid
INV-03389,B067,2023-11-03,2023-12-03,155000.0,False,True,2023-12-15,12.0,paid
INV-10325,B187,2023-11-03,2023-12-03,132100.0,True,False,2024-01-13,41.0,paid
INV-01937,B037,2023-11-03,2023-12-18,116000.0,False,False,2023-12-20,2.0,paid
INV-05866,B104,2023-11-03,2023-12-03,141900.0,False,False,2023-11-29,-4.0,paid
INV-05867,B104,2023-11-03,2023-12-03,133000.0,False,False,2023-12-01,-2.0,paid
INV-08502,B161,2023-11-03,2023-12-03,88800.0,False,False,2023-12-12,9.0,paid
INV-01599,B029,2023-11-03,2023-12-18,28000.0,False,False,2024-01-01,14.0,paid
INV-09662,B178,2023-11-03,2023-12-03,40400.0,False,False,2023-12-20,17.0,paid
INV-02376,B046,2023-11-03,2023-12-18,12600.0,False,False,2023-12-23,5.0,paid
INV-02079,B039,2023-11-03,2023-12-18,13500.0,False,False,2023-12-31,13.0,paid
INV-04292,B082,2023-11-04,2023-12-19,33800.0,False,True,2023-12-30,11.0,paid
INV-10467,B189,2023-11-04,2023-12-19,90000.0,False,True,2024-01-12,24.0,paid
INV-04317,B083,2023-11-04,2023-12-19,31500.0,False,False,2024-01-16,28.0,paid
INV-09457,B175,2023-11-04,2023-12-04,36500.0,False,False,2023-11-24,-10.0,paid
INV-05129,B095,2023-11-04,2023-12-19,49500.0,False,False,2023-12-28,9.0,paid
INV-09854,B182,2023-11-04,2023-12-04,103100.0,False,False,2023-11-30,-4.0,paid
INV-02930,B056,2023-11-04,2023-12-19,221100.0,False,False,2024-01-14,26.0,paid
INV-09339,B174,2023-11-04,2023-12-04,27400.0,False,False,2023-12-15,11.0,paid
INV-05782,B102,2023-11-05,2023-12-20,26700.0,False,False,2023-12-10,-10.0,paid
INV-10933,B198,2023-11-05,2023-12-20,16000.0,False,False,2024-02-07,49.0,paid
INV-08019,B148,2023-11-05,2023-12-05,7600.0,False,False,2023-12-11,6.0,paid
INV-10524,B190,2023-11-05,2023-12-20,65900.0,False,True,2024-02-18,60.0,paid
INV-00748,B015,2023-11-05,2023-12-05,121900.0,False,False,2023-12-14,9.0,paid
INV-05005,B093,2023-11-05,2023-12-20,40900.0,False,False,2024-01-03,14.0,paid
INV-08208,B154,2023-11-05,2023-12-20,43200.0,False,True,2023-12-31,11.0,paid
INV-01355,B024,2023-11-06,2023-12-06,57300.0,False,False,2023-11-28,-8.0,paid
INV-11709,B212,2023-11-06,2023-12-21,142100.0,False,False,2023-12-26,5.0,paid
INV-02282,B043,2023-11-06,2023-12-21,46800.0,False,False,2024-01-19,29.0,paid
INV-05403,B098,2023-11-06,2023-12-06,9000.0,False,False,2023-11-26,-10.0,paid
INV-03356,B066,2023-11-06,2023-12-21,90500.0,False,False,2024-01-03,13.0,paid
INV-05868,B104,2023-11-06,2023-12-06,143600.0,False,False,2023-12-07,1.0,paid
INV-08916,B168,2023-11-06,2023-12-21,20400.0,False,False,2024-01-06,16.0,paid
INV-04176,B080,2023-11-06,2023-12-06,165500.0,False,False,2023-12-07,1.0,paid
INV-08160,B151,2023-11-06,2023-12-21,36400.0,False,False,2023-12-19,-2.0,paid
INV-11488,B207,2023-11-07,2023-12-07,37600.0,False,True,2023-12-17,10.0,paid
INV-07424,B139,2023-11-07,2023-12-07,45200.0,False,True,2024-01-06,30.0,paid
INV-05829,B103,2023-11-07,2023-12-22,57600.0,False,False,2023-12-24,2.0,paid
INV-04587,B087,2023-11-07,2023-12-22,41100.0,False,False,2023-12-27,5.0,paid
INV-05196,B096,2023-11-07,2023-12-22,55600.0,False,False,2024-01-14,23.0,paid
INV-01776,B032,2023-11-07,2023-12-07,8400.0,False,False,2024-01-14,38.0,paid
INV-00615,B013,2023-11-07,2023-12-22,12900.0,False,False,2024-01-25,34.0,paid
INV-10326,B187,2023-11-07,2023-12-07,213000.0,True,False,2024-01-25,49.0,paid
INV-03309,B065,2023-11-07,2023-12-07,108700.0,False,False,2023-12-24,17.0,paid
INV-08020,B148,2023-11-07,2023-12-07,24300.0,False,True,2023-12-23,16.0,paid
INV-06505,B118,2023-11-07,2023-12-07,5000.0,False,False,2024-03-25,109.0,paid
INV-10409,B188,2023-11-07,2023-12-07,51000.0,False,True,2024-01-02,26.0,paid
INV-08766,B164,2023-11-07,2023-12-22,9300.0,False,False,2023-12-31,9.0,paid
INV-00903,B018,2023-11-07,2023-12-07,18800.0,False,False,2024-01-24,48.0,paid
INV-06599,B120,2023-11-08,2023-12-23,18100.0,False,False,2023-12-18,-5.0,paid
INV-06327,B112,2023-11-08,2023-12-23,44300.0,False,False,2024-01-02,10.0,paid
INV-07620,B143,2023-11-08,2023-12-23,34000.0,False,False,2023-12-22,-1.0,paid
INV-07606,B142,2023-11-08,2023-12-08,87000.0,False,False,2024-01-02,25.0,paid
INV-01424,B025,2023-11-08,2023-12-23,12500.0,False,True,2024-01-23,31.0,paid
INV-01425,B025,2023-11-08,2023-12-23,12100.0,False,True,2024-01-24,32.0,paid
INV-01234,B022,2023-11-08,2023-12-08,9500.0,False,False,2024-01-15,38.0,paid
INV-00616,B013,2023-11-08,2023-12-23,11200.0,False,False,2024-01-30,38.0,paid
INV-03853,B073,2023-11-08,2023-12-23,66000.0,True,False,2024-02-14,53.0,paid
INV-11710,B212,2023-11-08,2023-12-23,71100.0,False,False,2023-12-29,6.0,paid
INV-03310,B065,2023-11-09,2023-12-09,37800.0,False,False,2023-12-15,6.0,paid
INV-01198,B021,2023-11-09,2023-12-24,9600.0,True,False,2024-06-01,160.0,paid
INV-07425,B139,2023-11-09,2023-12-09,72000.0,False,False,2023-12-31,22.0,paid
INV-00403,B008,2023-11-09,2023-12-24,26000.0,False,False,2023-12-28,4.0,paid
INV-10934,B198,2023-11-09,2023-12-24,10400.0,False,True,2024-02-18,56.0,paid
INV-01084,B020,2023-11-09,2023-12-09,515000.0,False,False,2024-01-03,25.0,paid
INV-03311,B065,2023-11-09,2023-12-09,149800.0,False,False,2023-12-17,8.0,paid
INV-08325,B157,2023-11-09,2023-12-09,32100.0,False,True,2024-01-11,33.0,paid
INV-09663,B178,2023-11-10,2023-12-10,59200.0,False,False,2023-12-26,16.0,paid
INV-05275,B097,2023-11-10,2023-12-10,33600.0,False,False,2023-12-13,3.0,paid
INV-02258,B042,2023-11-10,2023-12-10,41900.0,False,False,2023-12-22,12.0,paid
INV-00749,B015,2023-11-10,2023-12-10,84000.0,True,False,2024-01-27,48.0,paid
INV-04398,B085,2023-11-10,2023-12-10,73900.0,False,False,2024-01-02,23.0,paid
INV-03890,B074,2023-11-10,2023-12-10,20800.0,False,False,2023-12-14,4.0,paid
INV-07938,B146,2023-11-10,2023-12-10,77500.0,False,False,2023-12-29,19.0,paid
INV-09855,B182,2023-11-10,2023-12-10,48000.0,False,False,2024-02-16,68.0,paid
INV-08503,B161,2023-11-10,2023-12-10,117200.0,False,False,2024-03-03,84.0,paid
INV-01600,B029,2023-11-10,2023-12-25,31900.0,False,False,2024-01-12,18.0,paid
INV-07291,B137,2023-11-10,2023-12-25,121600.0,False,False,2024-01-06,12.0,paid
INV-12011,B216,2023-11-11,2023-12-26,23500.0,False,False,2024-01-26,31.0,paid
INV-11711,B212,2023-11-11,2023-12-26,145700.0,False,False,2023-12-30,4.0,paid
INV-07426,B139,2023-11-11,2023-12-11,24600.0,False,False,2023-12-26,15.0,paid
INV-00546,B011,2023-11-11,2023-12-26,18400.0,False,False,2024-01-18,23.0,paid
INV-04588,B087,2023-11-11,2023-12-26,50300.0,False,True,2024-01-04,9.0,paid
INV-07962,B147,2023-11-11,2023-12-11,47000.0,False,False,2024-01-04,24.0,paid
INV-08127,B150,2023-11-11,2023-12-26,29600.0,False,False,2024-01-04,9.0,paid
INV-00404,B008,2023-11-11,2023-12-26,50400.0,False,True,2024-01-06,11.0,paid
INV-08100,B149,2023-11-12,2023-12-12,92800.0,False,False,2024-01-11,30.0,paid
INV-08504,B161,2023-11-12,2023-12-12,67700.0,False,False,2023-12-24,12.0,paid
INV-05694,B101,2023-11-12,2023-12-27,59400.0,False,False,2024-02-04,39.0,paid
INV-00871,B017,2023-11-12,2023-12-12,29800.0,False,False,2023-12-02,-10.0,paid
INV-08917,B168,2023-11-12,2023-12-27,64500.0,False,False,2024-01-12,16.0,paid
INV-03106,B059,2023-11-12,2023-12-27,4600.0,True,False,2024-02-04,39.0,paid
INV-00405,B008,2023-11-13,2023-12-28,39400.0,False,False,2024-01-09,12.0,paid
INV-11712,B212,2023-11-13,2023-12-28,72800.0,False,False,2023-12-19,-9.0,paid
INV-03390,B067,2023-11-13,2023-12-13,59000.0,False,False,2023-12-03,-10.0,paid
INV-09298,B173,2023-11-13,2023-12-28,106300.0,True,False,2024-02-16,50.0,paid
INV-03992,B076,2023-11-13,2023-12-28,78000.0,False,False,2024-01-19,22.0,paid
INV-03243,B063,2023-11-13,2023-12-13,25900.0,False,True,2024-01-09,27.0,paid
INV-02377,B046,2023-11-13,2023-12-28,12200.0,False,False,2024-01-04,7.0,paid
INV-08101,B149,2023-11-13,2023-12-13,608500.0,False,True,2024-02-03,52.0,paid
INV-09960,B183,2023-11-13,2023-12-28,203700.0,False,True,2024-02-08,42.0,paid
INV-11210,B203,2023-11-13,2023-12-13,7900.0,False,False,2024-01-09,27.0,paid
INV-11211,B203,2023-11-13,2023-12-13,10300.0,False,False,2024-01-18,36.0,paid
INV-01601,B029,2023-11-13,2023-12-28,27000.0,False,False,2024-01-13,16.0,paid
INV-08792,B165,2023-11-14,2023-12-14,16400.0,False,False,2024-03-07,84.0,paid
INV-11294,B204,2023-11-14,2023-12-14,125900.0,False,True,2024-01-11,28.0,paid
INV-00222,B004,2023-11-14,2023-12-29,29500.0,False,False,2024-01-07,9.0,paid
INV-11489,B207,2023-11-14,2023-12-14,53500.0,False,False,2023-12-14,0.0,paid
INV-02080,B039,2023-11-14,2023-12-29,20000.0,False,False,2024-04-21,114.0,paid
INV-02283,B043,2023-11-14,2023-12-29,27700.0,False,False,2024-01-29,31.0,paid
INV-09340,B174,2023-11-14,2023-12-14,49300.0,False,False,2023-12-15,1.0,paid
INV-05197,B096,2023-11-14,2023-12-29,45300.0,False,False,2024-01-27,29.0,paid
INV-06889,B127,2023-11-14,2023-12-14,28800.0,False,False,2023-12-23,9.0,paid
INV-08918,B168,2023-11-14,2023-12-29,47100.0,False,True,2024-01-22,24.0,paid
INV-03774,B072,2023-11-14,2023-12-14,44500.0,False,False,2023-12-19,5.0,paid
INV-03244,B063,2023-11-14,2023-12-14,15800.0,False,False,2023-12-21,7.0,paid
INV-12012,B216,2023-11-15,2023-12-30,11900.0,False,False,2024-01-19,20.0,paid
INV-09299,B173,2023-11-15,2023-12-30,63200.0,True,False,2024-02-15,47.0,paid
INV-05404,B098,2023-11-15,2023-12-15,29600.0,False,False,2023-12-05,-10.0,paid
INV-11054,B200,2023-11-15,2023-12-15,11900.0,False,False,2023-12-16,1.0,paid
INV-11212,B203,2023-11-15,2023-12-15,12400.0,False,False,2024-01-22,38.0,paid
INV-07939,B146,2023-11-15,2023-12-15,83100.0,False,False,2023-12-28,13.0,paid
INV-00406,B008,2023-11-15,2023-12-30,38900.0,False,False,2024-01-01,2.0,paid
INV-05695,B101,2023-11-15,2023-12-30,86000.0,False,False,2024-01-29,30.0,paid
INV-11155,B201,2023-11-15,2023-12-30,8900.0,False,False,2024-02-02,34.0,paid
INV-04219,B081,2023-11-15,2023-12-15,19100.0,False,False,2023-12-25,10.0,paid
INV-11713,B212,2023-11-15,2023-12-30,79000.0,False,False,2024-01-03,4.0,paid
INV-09341,B174,2023-11-15,2023-12-15,15800.0,False,False,2023-12-15,0.0,paid
INV-02011,B038,2023-11-16,2023-12-16,38200.0,False,False,2024-01-10,25.0,paid
INV-01602,B029,2023-11-16,2023-12-31,21100.0,False,False,2024-01-13,13.0,paid
INV-06909,B128,2023-11-16,2023-12-31,44200.0,False,False,2024-01-12,12.0,paid
INV-11617,B210,2023-11-16,2023-12-16,143500.0,False,False,2024-01-12,27.0,paid
INV-06240,B109,2023-11-16,2023-12-16,20000.0,False,False,2024-01-09,24.0,paid
INV-11616,B210,2023-11-16,2023-12-16,171900.0,False,False,2024-01-07,22.0,paid
INV-00223,B004,2023-11-16,2023-12-31,9700.0,False,False,2024-01-03,3.0,paid
INV-10224,B186,2023-11-16,2023-12-31,271400.0,False,False,2024-01-13,13.0,paid
INV-01938,B037,2023-11-16,2023-12-31,118500.0,False,False,2023-12-29,-2.0,paid
INV-12077,B218,2023-11-16,2023-12-31,143700.0,False,False,2024-01-18,18.0,paid
INV-03391,B067,2023-11-16,2023-12-16,47400.0,False,False,2023-12-06,-10.0,paid
INV-02739,B053,2023-11-16,2023-12-16,43200.0,False,False,2023-12-19,3.0,paid
INV-07751,B144,2023-11-16,2023-12-16,54400.0,False,False,2023-12-12,-4.0,paid
INV-11490,B207,2023-11-16,2023-12-16,67700.0,False,False,2023-12-19,3.0,paid
INV-07750,B144,2023-11-16,2023-12-16,33000.0,False,False,2024-02-25,71.0,paid
INV-06506,B118,2023-11-16,2023-12-16,10900.0,False,False,2024-01-25,40.0,paid
INV-07427,B139,2023-11-16,2023-12-16,53600.0,False,False,2024-01-03,18.0,paid
INV-07752,B144,2023-11-17,2023-12-17,38700.0,False,False,2023-12-10,-7.0,paid
INV-10116,B185,2023-11-17,2024-01-01,120400.0,False,False,2024-02-06,36.0,paid
INV-05534,B100,2023-11-17,2023-12-17,41700.0,False,False,2024-01-09,23.0,paid
INV-08414,B159,2023-11-17,2024-01-01,114400.0,False,False,2024-01-25,24.0,paid
INV-05535,B100,2023-11-17,2023-12-17,152200.0,False,False,2024-01-17,31.0,paid
INV-08264,B156,2023-11-17,2023-12-17,18600.0,False,False,2024-01-10,24.0,paid
INV-01356,B024,2023-11-17,2023-12-17,106200.0,False,True,2023-12-11,-6.0,paid
INV-04668,B088,2023-11-17,2023-12-17,23000.0,False,False,2023-12-21,4.0,paid
INV-10468,B189,2023-11-17,2024-01-01,24100.0,False,False,2024-01-18,17.0,paid
INV-00617,B013,2023-11-17,2024-01-01,7700.0,False,False,2024-01-20,19.0,paid
INV-07023,B132,2023-11-17,2024-01-01,72200.0,False,False,2023-12-31,-1.0,paid
INV-08200,B153,2023-11-17,2023-12-17,82200.0,False,False,2024-01-03,17.0,paid
INV-09342,B174,2023-11-18,2023-12-18,32000.0,False,False,2023-12-08,-10.0,paid
INV-01357,B024,2023-11-18,2023-12-18,86700.0,False,False,2023-12-08,-10.0,paid
INV-08919,B168,2023-11-18,2024-01-02,35300.0,False,False,2024-01-20,18.0,paid
INV-09300,B173,2023-11-18,2024-01-02,29700.0,False,False,2024-01-04,2.0,paid
INV-09961,B183,2023-11-18,2024-01-02,183200.0,False,False,2024-02-11,40.0,paid
INV-04959,B092,2023-11-18,2024-01-02,21500.0,False,False,2024-01-01,-1.0,paid
INV-11714,B212,2023-11-18,2024-01-02,26400.0,False,False,2023-12-23,-10.0,paid
INV-02780,B054,2023-11-18,2023-12-18,4700.0,False,True,2023-12-24,6.0,paid
INV-06241,B109,2023-11-18,2023-12-18,57900.0,False,False,2024-01-12,25.0,paid
INV-03775,B072,2023-11-18,2023-12-18,30400.0,False,False,2023-12-26,8.0,paid
INV-09235,B172,2023-11-18,2024-01-02,122700.0,False,False,2024-01-26,24.0,paid
INV-09856,B182,2023-11-19,2023-12-19,117400.0,False,True,2023-12-29,10.0,paid
INV-01085,B020,2023-11-19,2023-12-19,57700.0,False,False,2024-01-05,17.0,paid
INV-07753,B144,2023-11-19,2023-12-19,81100.0,False,False,2023-12-25,6.0,paid
INV-00820,B016,2023-11-19,2024-01-03,53300.0,False,False,2024-01-26,23.0,paid
INV-09857,B182,2023-11-19,2023-12-19,77500.0,False,False,2023-12-23,4.0,paid
INV-05130,B095,2023-11-19,2024-01-03,75800.0,False,True,2024-02-01,29.0,paid
INV-04220,B081,2023-11-19,2023-12-19,14900.0,False,True,2024-01-22,34.0,paid
INV-01857,B035,2023-11-19,2024-01-03,73400.0,False,False,2024-01-21,18.0,paid
INV-08505,B161,2023-11-19,2023-12-19,109000.0,False,False,2024-01-02,14.0,paid
INV-00678,B014,2023-11-20,2023-12-20,151500.0,False,False,2023-12-27,7.0,paid
INV-02481,B048,2023-11-20,2024-01-04,64300.0,False,False,2024-01-29,25.0,paid
INV-04352,B084,2023-11-20,2024-01-04,11600.0,False,False,2024-01-31,27.0,paid
INV-00310,B006,2023-11-20,2024-01-04,121700.0,False,False,2024-01-11,7.0,paid
INV-06743,B122,2023-11-20,2024-01-04,39200.0,False,False,2023-12-29,-6.0,paid
INV-11715,B212,2023-11-20,2024-01-04,131300.0,False,False,2023-12-28,-7.0,paid
INV-03993,B076,2023-11-20,2024-01-04,61800.0,True,False,2024-02-07,34.0,paid
INV-08209,B154,2023-11-20,2024-01-04,46900.0,False,False,2024-01-12,8.0,paid
INV-10117,B185,2023-11-20,2024-01-04,271800.0,False,False,2024-02-22,49.0,paid
INV-07292,B137,2023-11-20,2024-01-04,62900.0,False,False,2024-01-14,10.0,paid
INV-05869,B104,2023-11-20,2023-12-20,89800.0,False,True,2023-12-30,10.0,paid
INV-02081,B039,2023-11-20,2024-01-04,44200.0,False,False,2024-01-14,10.0,paid
INV-00904,B018,2023-11-20,2023-12-20,16000.0,False,True,2024-02-09,51.0,paid
INV-06376,B114,2023-11-20,2024-01-04,6700.0,False,False,2024-01-15,11.0,paid
INV-07138,B134,2023-11-21,2024-01-05,60500.0,False,True,2024-02-04,30.0,paid
INV-06890,B127,2023-11-21,2023-12-21,71600.0,False,False,2024-01-29,39.0,paid
INV-08327,B157,2023-11-21,2023-12-21,50300.0,False,False,2024-01-20,30.0,paid
INV-08326,B157,2023-11-21,2023-12-21,53100.0,False,False,2024-01-09,19.0,paid
INV-00050,B001,2023-11-21,2024-01-05,57500.0,False,False,2024-01-22,17.0,paid
INV-05536,B100,2023-11-21,2023-12-21,128900.0,False,False,2024-01-23,33.0,paid
INV-09962,B183,2023-11-21,2024-01-05,118200.0,False,False,2024-02-02,28.0,paid
INV-00750,B015,2023-11-21,2023-12-21,82900.0,False,False,2023-12-16,-5.0,paid
INV-11352,B205,2023-11-21,2024-01-05,93100.0,False,False,2024-01-12,7.0,paid
INV-06744,B122,2023-11-21,2024-01-05,24500.0,False,False,2024-01-01,-4.0,paid
INV-01666,B030,2023-11-21,2023-12-21,33200.0,False,False,2023-12-11,-10.0,paid
INV-03776,B072,2023-11-21,2023-12-21,10800.0,False,False,2023-12-31,10.0,paid
INV-06018,B105,2023-11-21,2023-12-21,51000.0,False,False,2023-12-12,-9.0,paid
INV-03357,B066,2023-11-21,2024-01-05,58900.0,False,False,2024-01-18,13.0,paid
INV-01858,B035,2023-11-21,2024-01-05,23700.0,False,False,2024-01-02,-3.0,paid
INV-11353,B205,2023-11-22,2024-01-06,79600.0,False,False,2024-01-11,5.0,paid
INV-06600,B120,2023-11-22,2024-01-06,37400.0,False,False,2024-01-01,-5.0,paid
INV-00458,B009,2023-11-22,2024-01-06,94700.0,False,False,2024-01-22,16.0,paid
INV-03245,B063,2023-11-22,2023-12-22,12600.0,False,False,2023-12-30,8.0,paid
INV-05198,B096,2023-11-22,2024-01-06,50700.0,False,False,2024-02-06,31.0,paid
INV-09072,B169,2023-11-22,2023-12-22,51600.0,False,False,2024-01-09,18.0,paid
INV-10327,B187,2023-11-22,2023-12-22,220800.0,True,False,2024-02-26,66.0,paid
INV-01426,B025,2023-11-22,2024-01-06,31100.0,False,False,2024-02-04,29.0,paid
INV-09343,B174,2023-11-22,2023-12-22,44700.0,False,True,2023-12-27,5.0,paid
INV-04589,B087,2023-11-22,2024-01-06,27500.0,False,False,2023-12-27,-10.0,paid
INV-07139,B134,2023-11-23,2024-01-07,22000.0,False,False,2024-02-05,29.0,paid
INV-06601,B120,2023-11-23,2024-01-07,35300.0,False,False,2024-01-26,19.0,paid
INV-04353,B084,2023-11-23,2024-01-07,8700.0,False,False,2024-01-29,22.0,paid
INV-08920,B168,2023-11-23,2024-01-07,146700.0,False,False,2024-02-01,25.0,paid
INV-05870,B104,2023-11-23,2023-12-23,227600.0,True,False,2024-01-17,25.0,paid
INV-10617,B192,2023-11-23,2024-01-07,23800.0,False,False,2023-12-28,-10.0,paid
INV-10328,B187,2023-11-24,2023-12-24,57100.0,False,False,2024-01-08,15.0,paid
INV-07531,B140,2023-11-24,2024-01-08,10600.0,False,True,2024-01-25,17.0,paid
INV-11716,B212,2023-11-24,2024-01-08,104100.0,False,False,2024-01-15,7.0,paid
INV-07569,B141,2023-11-24,2023-12-24,84700.0,False,False,2024-01-08,15.0,paid
INV-10225,B186,2023-11-24,2024-01-08,109100.0,False,False,2024-01-18,10.0,paid
INV-03530,B068,2023-11-24,2023-12-24,42300.0,False,False,2023-12-14,-10.0,paid
INV-05131,B095,2023-11-24,2024-01-08,34600.0,False,False,2024-01-20,12.0,paid
INV-07754,B144,2023-11-24,2023-12-24,70000.0,False,False,2023-12-18,-6.0,paid
INV-01859,B035,2023-11-24,2024-01-08,38700.0,False,False,2024-01-04,-4.0,paid
INV-10410,B188,2023-11-24,2023-12-24,17000.0,False,False,2024-01-01,8.0,paid
INV-02012,B038,2023-11-24,2023-12-24,55900.0,False,False,2024-01-13,20.0,paid
INV-07358,B138,2023-11-24,2023-12-24,38300.0,False,False,2023-12-26,2.0,paid
INV-05276,B097,2023-11-24,2023-12-24,33700.0,False,False,2023-12-24,0.0,paid
INV-11717,B212,2023-11-25,2024-01-09,73800.0,False,True,2024-01-20,11.0,paid
INV-00618,B013,2023-11-25,2024-01-09,11900.0,False,False,2024-02-06,28.0,paid
INV-07140,B134,2023-11-25,2024-01-09,15100.0,False,True,2024-02-14,36.0,paid
INV-08793,B165,2023-11-25,2023-12-25,7800.0,False,False,2023-12-25,0.0,paid
INV-08794,B165,2023-11-25,2023-12-25,20300.0,False,False,2024-01-09,15.0,paid
INV-01910,B036,2023-11-25,2024-01-09,21200.0,False,True,2024-02-08,30.0,paid
INV-04960,B092,2023-11-25,2024-01-09,20200.0,False,False,2023-12-30,-10.0,paid
INV-11213,B203,2023-11-25,2023-12-25,8300.0,False,False,2024-01-21,27.0,paid
INV-02782,B054,2023-11-25,2023-12-25,12400.0,False,False,2023-12-24,-1.0,paid
INV-02781,B054,2023-11-25,2023-12-25,18200.0,False,False,2023-12-27,2.0,paid
INV-02549,B050,2023-11-25,2023-12-25,47700.0,False,False,2024-01-16,22.0,paid
INV-02378,B046,2023-11-26,2024-01-10,8000.0,False,False,2024-01-07,-3.0,paid
INV-10411,B188,2023-11-26,2023-12-26,7300.0,False,False,2024-01-09,14.0,paid
INV-09458,B175,2023-11-26,2023-12-26,30500.0,False,False,2023-12-23,-3.0,paid
INV-02854,B055,2023-11-26,2023-12-26,66500.0,False,False,2024-01-09,14.0,paid
INV-02595,B051,2023-11-26,2023-12-26,46200.0,False,False,2024-01-03,8.0,paid
INV-03312,B065,2023-11-26,2023-12-26,149400.0,False,False,2023-12-26,0.0,paid
INV-09459,B175,2023-11-26,2023-12-26,49100.0,False,False,2023-12-23,-3.0,paid
INV-05537,B100,2023-11-26,2023-12-26,46300.0,False,True,2024-01-31,36.0,paid
INV-00619,B013,2023-11-26,2024-01-10,3300.0,False,False,2024-02-08,29.0,paid
INV-03696,B070,2023-11-26,2024-01-10,45400.0,False,True,2024-01-25,15.0,paid
INV-10082,B184,2023-11-27,2023-12-27,14300.0,False,False,2024-01-08,12.0,paid
INV-07621,B143,2023-11-27,2024-01-11,11800.0,False,False,2024-01-08,-3.0,paid
INV-04083,B077,2023-11-27,2024-01-11,136400.0,False,False,2024-01-21,10.0,paid
INV-00245,B005,2023-11-27,2023-12-27,74200.0,False,False,2023-12-25,-2.0,paid
INV-09858,B182,2023-11-27,2023-12-27,75700.0,False,False,2023-12-22,-5.0,paid
INV-09344,B174,2023-11-27,2023-12-27,26200.0,True,True,2024-02-18,53.0,paid
INV-00167,B003,2023-11-27,2023-12-27,72200.0,False,False,2024-01-20,24.0,paid
INV-10226,B186,2023-11-27,2024-01-11,125600.0,False,False,2024-01-28,17.0,paid
INV-02931,B056,2023-11-28,2024-01-12,149700.0,False,False,2024-02-03,22.0,paid
INV-07024,B132,2023-11-28,2024-01-12,105400.0,False,False,2024-01-25,13.0,paid
INV-07359,B138,2023-11-28,2023-12-28,22300.0,False,False,2024-01-03,6.0,paid
INV-09859,B182,2023-11-28,2023-12-28,92300.0,False,False,2024-01-03,6.0,paid
INV-09200,B171,2023-11-28,2023-12-28,244900.0,False,False,2024-01-13,16.0,paid
INV-05277,B097,2023-11-28,2023-12-28,40900.0,False,False,2023-12-30,2.0,paid
INV-11547,B208,2023-11-28,2023-12-28,130900.0,False,False,2024-02-03,37.0,paid
INV-07622,B143,2023-11-28,2024-01-12,22400.0,False,False,2024-01-04,-8.0,paid
INV-03697,B070,2023-11-28,2024-01-12,92200.0,False,False,2024-01-29,17.0,paid
INV-02175,B040,2023-11-29,2023-12-29,39200.0,False,True,2024-01-05,7.0,paid
INV-06602,B120,2023-11-29,2024-01-13,47800.0,False,False,2024-01-23,10.0,paid
INV-07623,B143,2023-11-29,2024-01-13,7600.0,False,True,2024-01-24,11.0,paid
INV-00168,B003,2023-11-29,2023-12-29,41800.0,False,False,2024-01-17,19.0,paid
INV-04938,B091,2023-11-29,2023-12-29,18400.0,False,False,2024-01-29,31.0,paid
INV-09664,B178,2023-11-29,2023-12-29,17700.0,False,True,2024-01-22,24.0,paid
INV-01291,B023,2023-11-29,2024-01-13,51700.0,False,True,2024-02-12,30.0,paid
INV-05132,B095,2023-11-29,2024-01-13,21000.0,False,False,2024-01-14,1.0,paid
INV-03139,B060,2023-11-29,2024-01-13,43500.0,False,False,2024-01-17,4.0,paid
INV-09301,B173,2023-11-29,2024-01-13,57200.0,False,False,2024-01-12,-1.0,paid
INV-10227,B186,2023-11-29,2024-01-13,113400.0,False,False,2024-01-21,8.0,paid
INV-11295,B204,2023-11-29,2023-12-29,343600.0,False,False,2024-01-25,27.0,paid
INV-08128,B150,2023-11-29,2024-01-13,25500.0,False,False,2024-01-20,7.0,paid
INV-06493,B117,2023-11-29,2023-12-29,38000.0,False,False,2024-01-12,14.0,paid
INV-05696,B101,2023-11-30,2024-01-14,75600.0,False,False,2024-02-11,28.0,paid
INV-09236,B172,2023-11-30,2024-01-14,33100.0,False,False,2024-01-18,4.0,paid
INV-11354,B205,2023-11-30,2024-01-14,93200.0,False,False,2024-01-20,6.0,paid
INV-05871,B104,2023-11-30,2023-12-30,36500.0,False,False,2023-12-24,-6.0,paid
INV-06019,B105,2023-11-30,2023-12-30,34600.0,False,False,2024-01-09,10.0,paid
INV-06745,B122,2023-11-30,2024-01-14,46400.0,False,False,2024-01-04,-10.0,paid
INV-11573,B209,2023-11-30,2024-01-14,181700.0,False,False,2024-01-22,8.0,paid
INV-06791,B123,2023-11-30,2024-01-14,169700.0,False,False,2024-02-29,46.0,paid
INV-03246,B063,2023-11-30,2023-12-30,26400.0,False,False,2024-01-11,12.0,paid
INV-10763,B195,2023-11-30,2023-12-30,19300.0,False,False,2024-02-01,33.0,paid
INV-10764,B195,2023-11-30,2023-12-30,11900.0,False,False,2024-01-25,26.0,paid
INV-10765,B195,2023-11-30,2023-12-30,9400.0,False,False,2024-01-25,26.0,paid
INV-02596,B051,2023-11-30,2023-12-30,53000.0,False,False,2024-01-14,15.0,paid
INV-00872,B017,2023-11-30,2023-12-30,84100.0,False,False,2023-12-23,-7.0,paid
INV-10329,B187,2023-12-01,2023-12-31,117500.0,True,False,2024-02-16,47.0,paid
INV-08021,B148,2023-12-01,2023-12-31,8000.0,False,False,2024-01-10,10.0,paid
INV-11574,B209,2023-12-01,2024-01-15,42600.0,False,False,2024-01-22,7.0,paid
INV-01603,B029,2023-12-01,2024-01-15,30900.0,False,True,2024-02-05,21.0,paid
INV-07141,B134,2023-12-01,2024-01-15,54600.0,False,True,2024-06-17,154.0,paid
INV-07532,B140,2023-12-01,2024-01-15,8300.0,False,False,2024-01-16,1.0,paid
INV-02550,B050,2023-12-01,2023-12-31,42100.0,False,False,2024-02-01,32.0,paid
INV-04805,B089,2023-12-01,2023-12-31,18000.0,False,False,2023-12-25,-6.0,paid
INV-03358,B066,2023-12-01,2024-01-15,62500.0,True,False,2024-02-09,25.0,paid
INV-02433,B047,2023-12-01,2023-12-31,106500.0,False,False,2023-12-31,0.0,paid
INV-05278,B097,2023-12-02,2024-01-01,48100.0,False,False,2024-01-09,8.0,paid
INV-11156,B201,2023-12-02,2024-01-16,11200.0,False,False,2024-02-13,28.0,paid
INV-07755,B144,2023-12-02,2024-01-01,91800.0,False,False,2024-01-01,0.0,paid
INV-08921,B168,2023-12-02,2024-01-16,89500.0,False,True,2024-02-07,22.0,paid
INV-04462,B086,2023-12-02,2024-01-16,388800.0,False,False,2024-02-01,16.0,paid
INV-06995,B131,2023-12-02,2024-01-16,112400.0,True,True,2024-03-08,52.0,paid
INV-11718,B212,2023-12-02,2024-01-16,242000.0,False,False,2024-01-17,1.0,paid
INV-03247,B063,2023-12-02,2024-01-01,47600.0,False,False,2024-01-24,23.0,paid
INV-04806,B089,2023-12-02,2024-01-01,44200.0,False,False,2024-01-08,7.0,paid
INV-11355,B205,2023-12-02,2024-01-16,118100.0,False,False,2024-01-15,-1.0,paid
INV-00821,B016,2023-12-02,2024-01-16,44500.0,False,False,2024-01-24,8.0,paid
INV-02342,B044,2023-12-02,2024-01-01,69300.0,False,False,2024-01-23,22.0,paid
INV-04293,B082,2023-12-03,2024-01-17,110700.0,False,False,2024-01-26,9.0,paid
INV-10766,B195,2023-12-03,2024-01-02,8400.0,False,False,2024-01-25,23.0,paid
INV-01292,B023,2023-12-03,2024-01-17,14600.0,False,False,2024-02-08,22.0,paid
INV-03392,B067,2023-12-03,2024-01-02,29000.0,True,False,2024-01-17,15.0,paid
INV-07025,B132,2023-12-03,2024-01-17,60500.0,False,False,2024-01-19,2.0,paid
INV-06864,B126,2023-12-03,2024-01-17,244500.0,False,False,2024-01-24,7.0,paid
INV-01777,B032,2023-12-03,2024-01-02,36900.0,False,False,2024-01-28,26.0,paid
INV-01939,B037,2023-12-03,2024-01-17,201600.0,False,False,2024-01-27,10.0,paid
INV-07570,B141,2023-12-03,2024-01-02,114000.0,False,False,2024-01-19,17.0,paid
INV-07756,B144,2023-12-03,2024-01-02,61300.0,False,False,2024-01-03,1.0,paid
INV-05007,B093,2023-12-04,2024-01-18,52600.0,False,False,2024-01-18,0.0,paid
INV-07624,B143,2023-12-04,2024-01-18,22700.0,False,False,2024-05-19,122.0,paid
INV-11719,B212,2023-12-04,2024-01-18,105400.0,False,False,2024-01-08,-10.0,paid
INV-05538,B100,2023-12-04,2024-01-03,60100.0,True,False,2024-02-08,36.0,paid
INV-05006,B093,2023-12-04,2024-01-18,18600.0,True,False,2024-01-31,13.0,paid
INV-05697,B101,2023-12-04,2024-01-18,58200.0,False,False,2024-02-23,36.0,paid
INV-01604,B029,2023-12-04,2024-01-18,23500.0,False,False,2024-01-27,9.0,paid
INV-02259,B042,2023-12-04,2024-01-03,56300.0,False,False,2024-01-06,3.0,paid
INV-05090,B094,2023-12-04,2024-01-18,22000.0,False,False,2024-01-09,-9.0,paid
INV-07360,B138,2023-12-04,2024-01-03,19000.0,False,False,2023-12-25,-9.0,paid
INV-02855,B055,2023-12-04,2024-01-03,175900.0,False,False,2024-02-02,30.0,paid
INV-06021,B105,2023-12-04,2024-01-03,52300.0,False,False,2024-01-04,1.0,paid
INV-06020,B105,2023-12-04,2024-01-03,30300.0,False,False,2023-12-24,-10.0,paid
INV-07026,B132,2023-12-04,2024-01-18,58400.0,False,True,2024-01-21,3.0,paid
INV-09665,B178,2023-12-04,2024-01-03,38700.0,False,False,2024-01-27,24.0,paid
INV-00459,B009,2023-12-04,2024-01-18,56800.0,False,False,2024-01-23,5.0,paid
INV-09826,B181,2023-12-04,2024-01-18,126600.0,True,False,2024-03-06,48.0,paid
INV-04807,B089,2023-12-04,2024-01-03,19600.0,False,False,2023-12-24,-10.0,paid
INV-01735,B031,2023-12-05,2024-01-04,23100.0,False,False,2024-01-18,14.0,paid
INV-10592,B191,2023-12-05,2024-01-04,54100.0,False,True,2024-02-12,39.0,paid
INV-08328,B157,2023-12-05,2024-01-04,39400.0,True,False,2024-02-18,45.0,paid
INV-05008,B093,2023-12-05,2024-01-19,88100.0,False,False,2024-01-30,11.0,paid
INV-03854,B073,2023-12-05,2024-01-19,102600.0,False,False,2024-02-05,17.0,paid
INV-11157,B201,2023-12-05,2024-01-19,14700.0,False,False,2024-02-24,36.0,paid
INV-05539,B100,2023-12-05,2024-01-04,70200.0,False,False,2024-01-21,17.0,paid
INV-08922,B168,2023-12-06,2024-01-20,59800.0,False,False,2024-02-06,17.0,paid
INV-10118,B185,2023-12-06,2024-01-20,33600.0,False,False,2024-02-21,32.0,paid
INV-02526,B049,2023-12-06,2024-01-20,79500.0,False,False,2024-01-29,9.0,paid
INV-03994,B076,2023-12-06,2024-01-20,56100.0,False,False,2024-02-06,17.0,paid
INV-08381,B158,2023-12-06,2024-01-20,21200.0,False,False,2024-02-27,38.0,paid
INV-02082,B039,2023-12-06,2024-01-20,11200.0,False,False,2024-02-01,12.0,paid
INV-09666,B178,2023-12-06,2024-01-05,7100.0,False,False,2024-01-23,18.0,paid
INV-02434,B047,2023-12-06,2024-01-05,37400.0,False,False,2023-12-26,-10.0,paid
INV-03206,B062,2023-12-06,2024-01-20,10200.0,False,False,2024-02-29,40.0,paid
INV-01736,B031,2023-12-06,2024-01-05,18200.0,False,False,2024-01-08,3.0,paid
INV-02932,B056,2023-12-07,2024-01-21,56800.0,False,False,2024-02-06,16.0,paid
INV-02598,B051,2023-12-07,2024-01-06,66800.0,False,False,2024-01-09,3.0,paid
INV-07027,B132,2023-12-07,2024-01-21,67600.0,False,False,2024-01-19,-2.0,paid
INV-03531,B068,2023-12-07,2024-01-06,45100.0,False,False,2023-12-27,-10.0,paid
INV-11415,B206,2023-12-07,2024-01-21,29800.0,True,False,2024-02-23,33.0,paid
INV-02597,B051,2023-12-07,2024-01-06,54100.0,False,False,2024-01-10,4.0,paid
INV-08382,B158,2023-12-07,2024-01-21,9300.0,False,True,2024-03-08,47.0,paid
INV-11548,B208,2023-12-07,2024-01-06,59900.0,False,False,2024-01-26,20.0,paid
INV-00051,B001,2023-12-07,2024-01-21,60200.0,False,True,2024-02-13,23.0,paid
INV-01427,B025,2023-12-07,2024-01-21,5700.0,False,False,2024-02-10,20.0,paid
INV-11296,B204,2023-12-07,2024-01-06,57200.0,False,False,2024-02-02,27.0,paid
INV-08102,B149,2023-12-08,2024-01-07,70100.0,False,False,2024-01-30,23.0,paid
INV-05199,B096,2023-12-08,2024-01-22,50900.0,False,False,2024-02-14,23.0,paid
INV-04221,B081,2023-12-08,2024-01-07,20100.0,False,True,2024-02-11,35.0,paid
INV-03140,B060,2023-12-08,2024-01-22,35400.0,False,False,2024-01-19,-3.0,paid
INV-00905,B018,2023-12-08,2024-01-07,31900.0,False,False,2024-02-28,52.0,paid
INV-05405,B098,2023-12-08,2024-01-07,25000.0,False,False,2023-12-28,-10.0,paid
INV-06087,B107,2023-12-08,2024-01-22,258400.0,False,False,2024-01-30,8.0,paid
INV-12078,B218,2023-12-08,2024-01-22,53300.0,False,False,2024-02-03,12.0,paid
INV-00487,B010,2023-12-08,2024-01-22,8600.0,False,False,2024-01-22,0.0,paid
INV-12079,B218,2023-12-09,2024-01-23,85800.0,False,False,2024-02-03,11.0,paid
INV-05009,B093,2023-12-09,2024-01-23,44700.0,False,False,2024-01-31,8.0,paid
INV-00169,B003,2023-12-09,2024-01-08,18800.0,False,False,2024-01-31,23.0,paid
INV-08506,B161,2023-12-09,2024-01-08,52100.0,False,False,2024-01-14,6.0,paid
INV-00679,B014,2023-12-09,2024-01-08,58600.0,False,True,2024-01-20,12.0,paid
INV-04463,B086,2023-12-09,2024-01-23,147900.0,False,False,2024-01-27,4.0,paid
INV-11491,B207,2023-12-09,2024-01-08,45900.0,False,False,2024-01-12,4.0,paid
INV-02379,B046,2023-12-09,2024-01-23,12300.0,True,False,2024-02-18,26.0,paid
INV-04669,B088,2023-12-09,2024-01-08,90000.0,False,False,2024-01-05,-3.0,paid
INV-06603,B120,2023-12-09,2024-01-23,22600.0,False,False,2024-02-03,11.0,paid
INV-05698,B101,2023-12-09,2024-01-23,20300.0,False,False,2024-02-12,20.0,paid
INV-05783,B102,2023-12-10,2024-01-24,19200.0,False,False,2024-01-21,-3.0,paid
INV-07533,B140,2023-12-10,2024-01-24,7300.0,False,False,2024-04-17,84.0,paid
INV-05699,B101,2023-12-10,2024-01-24,57500.0,False,False,2024-02-25,32.0,paid
INV-03621,B069,2023-12-10,2024-01-09,57700.0,False,False,2024-02-08,30.0,paid
INV-08507,B161,2023-12-10,2024-01-09,73200.0,False,False,2024-01-20,11.0,paid
INV-00002,B000,2023-12-10,2024-01-24,29200.0,False,False,2024-02-05,12.0,paid
INV-12013,B216,2023-12-10,2024-01-24,12300.0,True,True,2024-03-19,55.0,paid
INV-11721,B212,2023-12-10,2024-01-24,95100.0,False,False,2024-01-23,-1.0,paid
INV-04354,B084,2023-12-10,2024-01-24,12900.0,False,False,2024-02-23,30.0,paid
INV-12055,B217,2023-12-10,2024-01-24,46800.0,False,False,2024-02-13,20.0,paid
INV-05872,B104,2023-12-10,2024-01-09,67300.0,False,False,2024-01-03,-6.0,paid
INV-07028,B132,2023-12-10,2024-01-24,31000.0,False,False,2024-01-31,7.0,paid
INV-05873,B104,2023-12-10,2024-01-09,37400.0,False,True,2024-01-23,14.0,paid
INV-11720,B212,2023-12-10,2024-01-24,205600.0,False,False,2024-01-28,4.0,paid
INV-05279,B097,2023-12-11,2024-01-10,49300.0,False,True,2024-01-20,10.0,paid
INV-10685,B193,2023-12-11,2024-01-25,122100.0,False,False,2024-02-24,30.0,paid
INV-07428,B139,2023-12-11,2024-01-10,30600.0,False,False,2024-01-20,10.0,paid
INV-08415,B159,2023-12-11,2024-01-25,75600.0,False,False,2024-02-15,21.0,paid
INV-09860,B182,2023-12-11,2024-01-10,175300.0,False,False,2024-01-08,-2.0,paid
INV-08508,B161,2023-12-11,2024-01-10,39300.0,False,False,2024-01-15,5.0,paid
INV-07757,B144,2023-12-12,2024-01-11,20000.0,False,True,2024-01-07,-4.0,paid
INV-08509,B161,2023-12-12,2024-01-11,66800.0,False,False,2024-01-12,1.0,paid
INV-00547,B011,2023-12-12,2024-01-26,43300.0,True,True,2024-04-08,73.0,paid
INV-02741,B053,2023-12-12,2024-01-11,72100.0,False,True,2024-01-20,9.0,paid
INV-09963,B183,2023-12-12,2024-01-26,261600.0,False,True,2024-03-07,41.0,paid
INV-04590,B087,2023-12-12,2024-01-26,14000.0,False,False,2024-01-23,-3.0,paid
INV-02740,B053,2023-12-12,2024-01-11,45500.0,False,False,2024-01-06,-5.0,paid
INV-06555,B119,2023-12-12,2024-01-11,59700.0,False,False,2024-01-10,-1.0,paid
INV-03207,B062,2023-12-12,2024-01-26,12900.0,False,False,2024-03-13,47.0,paid
INV-07190,B135,2023-12-12,2024-01-26,62900.0,False,False,2024-02-05,10.0,paid
INV-03995,B076,2023-12-12,2024-01-26,40000.0,False,False,2024-02-10,15.0,paid
INV-04399,B085,2023-12-12,2024-01-11,71500.0,False,False,2024-02-14,34.0,paid
INV-03393,B067,2023-12-12,2024-01-11,62100.0,True,False,2024-02-08,28.0,paid
INV-01293,B023,2023-12-12,2024-01-26,16700.0,False,False,2024-05-30,125.0,paid
INV-10469,B189,2023-12-12,2024-01-26,28300.0,False,False,2024-02-09,14.0,paid
INV-05133,B095,2023-12-12,2024-01-26,77100.0,False,False,2024-02-11,16.0,paid
INV-00592,B012,2023-12-12,2024-01-26,65100.0,False,False,2024-02-16,21.0,paid
INV-05201,B096,2023-12-13,2024-01-27,62700.0,False,False,2024-02-16,20.0,paid
INV-07361,B138,2023-12-13,2024-01-12,29200.0,False,False,2024-01-13,1.0,paid
INV-11416,B206,2023-12-13,2024-01-27,34800.0,False,False,2024-02-10,14.0,paid
INV-02013,B038,2023-12-13,2024-01-12,73900.0,True,False,2024-02-17,36.0,paid
INV-08510,B161,2023-12-13,2024-01-12,107400.0,False,False,2024-01-23,11.0,paid
INV-04591,B087,2023-12-13,2024-01-27,15600.0,False,False,2024-01-23,-4.0,paid
INV-05010,B093,2023-12-13,2024-01-27,59600.0,False,True,2024-02-06,10.0,paid
INV-05200,B096,2023-12-13,2024-01-27,30500.0,False,False,2024-02-21,25.0,paid
INV-04400,B085,2023-12-13,2024-01-12,42900.0,False,False,2024-01-22,10.0,paid
INV-11055,B200,2023-12-13,2024-01-12,32300.0,False,False,2024-01-24,12.0,paid
INV-05406,B098,2023-12-13,2024-01-12,30600.0,False,False,2024-01-02,-10.0,paid
INV-08416,B159,2023-12-13,2024-01-27,97600.0,True,True,2024-04-14,78.0,paid
INV-10119,B185,2023-12-14,2024-01-28,326400.0,True,False,2024-04-18,81.0,paid
INV-05700,B101,2023-12-14,2024-01-28,119700.0,False,False,2024-03-03,35.0,paid
INV-09345,B174,2023-12-14,2024-01-13,23500.0,False,False,2024-01-11,-2.0,paid
INV-09237,B172,2023-12-14,2024-01-28,48600.0,False,False,2024-02-06,9.0,paid
INV-11722,B212,2023-12-14,2024-01-28,106300.0,False,False,2024-01-30,2.0,paid
INV-04670,B088,2023-12-14,2024-01-13,31200.0,False,False,2024-01-11,-2.0,paid
INV-11723,B212,2023-12-14,2024-01-28,155400.0,False,False,2024-01-26,-2.0,paid
INV-02599,B051,2023-12-14,2024-01-13,125100.0,False,False,2024-01-23,10.0,paid
INV-04872,B090,2023-12-14,2024-01-28,172600.0,False,False,2024-02-16,19.0,paid
INV-06604,B120,2023-12-14,2024-01-28,28700.0,False,False,2024-01-28,0.0,paid
INV-04464,B086,2023-12-14,2024-01-28,125700.0,False,False,2024-01-18,-10.0,paid
INV-09780,B180,2023-12-15,2024-01-14,5100.0,False,False,2024-02-04,21.0,paid
INV-05701,B101,2023-12-15,2024-01-29,108900.0,False,False,2024-02-24,26.0,paid
INV-11724,B212,2023-12-15,2024-01-29,108400.0,False,True,2024-02-06,8.0,paid
INV-05874,B104,2023-12-15,2024-01-14,50400.0,True,False,2024-01-30,16.0,paid
INV-04465,B086,2023-12-15,2024-01-29,210200.0,False,False,2024-01-30,1.0,paid
INV-03622,B069,2023-12-15,2024-01-14,50400.0,False,False,2024-02-07,24.0,paid
INV-06141,B108,2023-12-15,2024-01-14,14700.0,False,False,2024-01-25,11.0,paid
INV-05407,B098,2023-12-15,2024-01-14,27700.0,False,False,2024-01-06,-8.0,paid
INV-02482,B048,2023-12-15,2024-01-29,31700.0,True,False,2024-03-26,57.0,paid
INV-11939,B213,2023-12-15,2024-01-29,49300.0,False,False,2024-01-31,2.0,paid
INV-06605,B120,2023-12-15,2024-01-29,122500.0,True,False,2024-03-14,45.0,paid
INV-08103,B149,2023-12-15,2024-01-14,79400.0,False,False,2024-02-12,29.0,paid
INV-03394,B067,2023-12-15,2024-01-14,214000.0,False,False,2024-01-21,7.0,paid
INV-07429,B139,2023-12-15,2024-01-14,58500.0,False,False,2024-01-29,15.0,paid
INV-04939,B091,2023-12-15,2024-01-14,17000.0,False,False,2024-02-03,20.0,paid
INV-07029,B132,2023-12-15,2024-01-29,52600.0,False,False,2024-01-24,-5.0,paid
INV-00083,B002,2023-12-16,2024-01-15,188200.0,False,False,2024-01-16,1.0,paid
INV-00170,B003,2023-12-16,2024-01-15,25000.0,True,False,2024-03-10,55.0,paid
INV-08836,B166,2023-12-16,2024-01-15,61500.0,False,True,2024-02-11,27.0,paid
INV-11417,B206,2023-12-16,2024-01-30,41200.0,False,False,2024-04-17,78.0,paid
INV-07625,B143,2023-12-16,2024-01-30,17200.0,False,False,2024-01-20,-10.0,paid
INV-03996,B076,2023-12-16,2024-01-30,32300.0,False,False,2024-02-12,13.0,paid
INV-07191,B135,2023-12-16,2024-01-30,41700.0,False,False,2024-05-14,105.0,paid
INV-05091,B094,2023-12-16,2024-01-30,33400.0,False,True,2024-02-01,2.0,paid
INV-02551,B050,2023-12-16,2024-01-15,19900.0,False,False,2024-02-13,29.0,paid
INV-05011,B093,2023-12-16,2024-01-30,50000.0,False,False,2024-01-28,-2.0,paid
INV-11158,B201,2023-12-17,2024-01-31,24800.0,True,False,2024-04-03,63.0,paid
INV-12080,B218,2023-12-17,2024-01-31,35000.0,False,False,2024-02-03,3.0,paid
INV-00460,B009,2023-12-17,2024-01-31,116200.0,False,False,2024-02-13,13.0,paid
INV-00822,B016,2023-12-17,2024-01-31,28600.0,False,False,2024-02-12,12.0,paid
INV-06328,B112,2023-12-17,2024-01-31,5500.0,False,False,2024-01-21,-10.0,paid
INV-05280,B097,2023-12-17,2024-01-16,178900.0,False,True,2024-01-31,15.0,paid
INV-01605,B029,2023-12-17,2024-01-31,26300.0,False,False,2024-02-25,25.0,paid
INV-00620,B013,2023-12-17,2024-01-31,7200.0,False,False,2024-03-04,33.0,paid
INV-06407,B115,2023-12-17,2024-01-31,68300.0,False,False,2024-02-06,6.0,paid
INV-09073,B169,2023-12-17,2024-01-16,92200.0,False,False,2024-02-02,17.0,paid
INV-03954,B075,2023-12-17,2024-01-31,69000.0,False,True,2024-02-28,28.0,paid
INV-03997,B076,2023-12-17,2024-01-31,48500.0,False,True,2024-02-17,17.0,paid
INV-01235,B022,2023-12-17,2024-01-16,8300.0,False,False,2024-02-20,35.0,paid
INV-07030,B132,2023-12-17,2024-01-31,23200.0,False,False,2024-02-02,2.0,paid
INV-07940,B146,2023-12-17,2024-01-16,56600.0,False,False,2024-01-30,14.0,paid
INV-11492,B207,2023-12-17,2024-01-16,29700.0,False,False,2024-01-11,-5.0,paid
INV-04873,B090,2023-12-17,2024-01-31,211400.0,False,False,2024-06-25,146.0,paid
INV-02236,B041,2023-12-18,2024-02-01,20800.0,False,False,2024-02-10,9.0,paid
INV-06022,B105,2023-12-18,2024-01-17,107800.0,False,False,2024-01-13,-4.0,paid
INV-03395,B067,2023-12-18,2024-01-17,59700.0,False,True,2024-01-18,1.0,paid
INV-11356,B205,2023-12-18,2024-02-01,49800.0,False,False,2024-02-10,9.0,paid
INV-10412,B188,2023-12-18,2024-01-17,10400.0,False,False,2024-01-25,8.0,paid
INV-08694,B163,2023-12-18,2024-01-17,42600.0,False,False,2024-01-30,13.0,paid
INV-10686,B193,2023-12-18,2024-02-01,36900.0,False,False,2024-03-01,29.0,paid
INV-00084,B002,2023-12-18,2024-01-17,163600.0,False,True,2024-01-23,6.0,paid
INV-08417,B159,2023-12-18,2024-02-01,265100.0,False,False,2024-02-24,23.0,paid
INV-05281,B097,2023-12-18,2024-01-17,41500.0,False,False,2024-01-26,9.0,paid
INV-01428,B025,2023-12-18,2024-02-01,12000.0,False,False,2024-03-04,32.0,paid
INV-00681,B014,2023-12-18,2024-01-17,39000.0,False,False,2024-01-17,0.0,paid
INV-00680,B014,2023-12-18,2024-01-17,34700.0,False,False,2024-01-17,0.0,paid
INV-02933,B056,2023-12-18,2024-02-01,44600.0,False,False,2024-02-19,18.0,paid
INV-04401,B085,2023-12-18,2024-01-17,45900.0,False,False,2024-01-29,12.0,paid
INV-00171,B003,2023-12-18,2024-01-17,31600.0,False,False,2024-02-07,21.0,paid
INV-04808,B089,2023-12-18,2024-01-17,41900.0,False,False,2024-01-20,3.0,paid
INV-09667,B178,2023-12-19,2024-01-18,17500.0,False,True,2024-02-19,32.0,paid
INV-02083,B039,2023-12-19,2024-02-02,16600.0,False,False,2024-02-14,12.0,paid
INV-08852,B167,2023-12-19,2024-01-18,30300.0,False,False,2024-01-26,8.0,paid
INV-00751,B015,2023-12-19,2024-01-18,70200.0,False,False,2024-01-17,-1.0,paid
INV-11725,B212,2023-12-19,2024-02-02,123400.0,False,False,2024-02-06,4.0,paid
INV-05875,B104,2023-12-19,2024-01-18,63900.0,False,False,2024-01-14,-4.0,paid
INV-04402,B085,2023-12-19,2024-01-18,34400.0,False,False,2024-02-03,16.0,paid
INV-06606,B120,2023-12-19,2024-02-02,77800.0,False,False,2024-02-11,9.0,paid
INV-11214,B203,2023-12-19,2024-01-18,9000.0,False,False,2024-02-15,28.0,paid
INV-07430,B139,2023-12-19,2024-01-18,109800.0,False,True,2024-02-13,26.0,paid
INV-07626,B143,2023-12-20,2024-02-03,49100.0,True,False,2024-03-28,54.0,paid
INV-04222,B081,2023-12-20,2024-01-19,39100.0,False,False,2024-02-26,38.0,paid
INV-03777,B072,2023-12-20,2024-01-19,35100.0,False,False,2024-01-28,9.0,paid
INV-05876,B104,2023-12-20,2024-01-19,204700.0,False,False,2024-01-20,1.0,paid
INV-04671,B088,2023-12-20,2024-01-19,27900.0,False,False,2024-01-21,2.0,paid
INV-03855,B073,2023-12-20,2024-02-03,117000.0,False,False,2024-02-28,25.0,paid
INV-04592,B087,2023-12-21,2024-02-04,10100.0,False,True,2024-01-27,-8.0,paid
INV-02600,B051,2023-12-21,2024-01-20,77100.0,False,False,2024-02-05,16.0,paid
INV-05540,B100,2023-12-21,2024-01-20,47600.0,False,False,2024-02-06,17.0,paid
INV-11618,B210,2023-12-21,2024-01-20,172200.0,False,False,2024-02-09,20.0,paid
INV-00488,B010,2023-12-21,2024-02-04,13100.0,False,False,2024-02-10,6.0,paid
INV-04466,B086,2023-12-21,2024-02-04,490500.0,False,False,2024-02-17,13.0,paid
INV-01086,B020,2023-12-21,2024-01-20,64000.0,False,False,2024-02-15,26.0,paid
INV-03359,B066,2023-12-21,2024-02-04,75800.0,False,False,2024-02-21,17.0,paid
INV-06377,B114,2023-12-21,2024-02-04,8300.0,False,False,2024-02-12,8.0,paid
INV-04177,B080,2023-12-21,2024-01-20,97400.0,False,False,2024-02-28,39.0,paid
INV-05784,B102,2023-12-21,2024-02-04,41600.0,False,True,2024-01-29,-6.0,paid
INV-08923,B168,2023-12-22,2024-02-05,51500.0,False,False,2024-02-20,15.0,paid
INV-02483,B048,2023-12-22,2024-02-05,54700.0,False,False,2024-03-03,27.0,paid
INV-10618,B192,2023-12-22,2024-02-05,12700.0,False,True,2024-02-02,-3.0,paid
INV-10935,B198,2023-12-22,2024-02-05,15900.0,False,True,2024-03-20,44.0,paid
INV-09964,B183,2023-12-22,2024-02-05,85200.0,False,False,2024-03-08,32.0,paid
INV-05877,B104,2023-12-22,2024-01-21,72000.0,False,False,2024-01-13,-8.0,paid
INV-08265,B156,2023-12-22,2024-01-21,5500.0,False,False,2024-01-24,3.0,paid
INV-04084,B077,2023-12-22,2024-02-05,35400.0,False,False,2024-01-28,-8.0,paid
INV-11940,B213,2023-12-22,2024-02-05,29100.0,False,False,2024-02-07,2.0,paid
INV-02552,B050,2023-12-22,2024-01-21,131000.0,False,False,2024-02-21,31.0,paid
INV-11159,B201,2023-12-22,2024-02-05,11600.0,False,False,2024-03-19,43.0,paid
INV-00906,B018,2023-12-22,2024-01-21,36800.0,False,False,2024-03-18,57.0,paid
INV-03778,B072,2023-12-22,2024-01-21,25200.0,False,False,2024-02-15,25.0,paid
INV-00172,B003,2023-12-23,2024-01-22,31000.0,False,False,2024-02-18,27.0,paid
INV-03396,B067,2023-12-23,2024-01-22,57300.0,False,False,2024-01-15,-7.0,paid
INV-10525,B190,2023-12-23,2024-02-06,90000.0,False,False,2024-03-15,38.0,paid
INV-05878,B104,2023-12-23,2024-01-22,242900.0,False,False,2024-01-30,8.0,paid
INV-08249,B155,2023-12-23,2024-02-06,7000.0,False,False,2024-02-06,0.0,paid
INV-01294,B023,2023-12-24,2024-02-07,24800.0,False,False,2024-02-28,21.0,paid
INV-01737,B031,2023-12-24,2024-01-23,34400.0,False,False,2024-02-10,18.0,paid
INV-09346,B174,2023-12-24,2024-01-23,27400.0,False,False,2024-01-26,3.0,paid
INV-09238,B172,2023-12-24,2024-02-07,89400.0,False,False,2024-02-20,13.0,paid
INV-02601,B051,2023-12-24,2024-01-23,39100.0,False,False,2024-02-14,22.0,paid
INV-03698,B070,2023-12-24,2024-02-07,72100.0,False,False,2024-02-15,8.0,paid
INV-08418,B159,2023-12-24,2024-02-07,105200.0,False,False,2024-02-25,18.0,paid
INV-11056,B200,2023-12-24,2024-01-23,11400.0,False,False,2024-01-28,5.0,paid
INV-06746,B122,2023-12-24,2024-02-07,39100.0,False,True,2024-01-28,-10.0,paid
INV-11493,B207,2023-12-24,2024-01-23,129000.0,False,False,2024-01-23,0.0,paid
INV-08329,B157,2023-12-24,2024-01-23,51700.0,False,False,2024-02-24,32.0,paid
INV-04467,B086,2023-12-25,2024-02-08,233800.0,False,False,2024-02-04,-4.0,paid
INV-10982,B199,2023-12-25,2024-02-08,22900.0,False,False,2024-02-09,1.0,paid
INV-09965,B183,2023-12-25,2024-02-08,84300.0,False,False,2024-03-04,25.0,paid
INV-06378,B114,2023-12-25,2024-02-08,3100.0,False,False,2024-02-18,10.0,paid
INV-11215,B203,2023-12-25,2024-01-24,15200.0,False,False,2024-02-20,27.0,paid
INV-01738,B031,2023-12-25,2024-01-24,16000.0,False,False,2024-02-03,10.0,paid
INV-06925,B129,2023-12-25,2024-02-08,207100.0,False,False,2024-02-27,19.0,paid
INV-10767,B195,2023-12-25,2024-01-24,11800.0,False,False,2024-03-01,37.0,paid
INV-10330,B187,2023-12-25,2024-01-24,105900.0,True,False,2024-03-19,55.0,paid
INV-09619,B177,2023-12-25,2024-02-08,26700.0,False,False,2024-02-17,9.0,paid
INV-00752,B015,2023-12-26,2024-01-25,124800.0,False,False,2024-01-20,-5.0,paid
INV-05879,B104,2023-12-26,2024-01-25,60200.0,True,False,2024-02-10,16.0,paid
INV-09668,B178,2023-12-26,2024-01-25,18600.0,False,False,2024-02-10,16.0,paid
INV-06088,B107,2023-12-26,2024-02-09,75900.0,False,False,2024-02-20,11.0,paid
INV-08767,B164,2023-12-26,2024-02-09,12000.0,False,True,2024-02-26,17.0,paid
INV-00907,B018,2023-12-26,2024-01-25,25000.0,False,False,2024-03-22,57.0,paid
INV-00407,B008,2023-12-26,2024-02-09,90000.0,False,False,2024-02-20,11.0,paid
INV-09157,B170,2023-12-26,2024-02-09,6900.0,False,False,2024-03-09,29.0,paid
INV-00621,B013,2023-12-26,2024-02-09,8100.0,False,True,2024-03-25,45.0,paid
INV-02856,B055,2023-12-27,2024-01-26,15500.0,False,False,2024-02-06,11.0,paid
INV-08924,B168,2023-12-27,2024-02-10,81100.0,False,False,2024-03-07,26.0,paid
INV-12056,B217,2023-12-27,2024-02-10,67000.0,False,False,2024-02-23,13.0,paid
INV-12081,B218,2023-12-27,2024-02-10,27200.0,False,False,2024-02-15,5.0,paid
INV-02742,B053,2023-12-27,2024-01-26,88800.0,False,False,2024-02-10,15.0,paid
INV-07263,B136,2023-12-27,2024-01-26,124400.0,False,True,2024-02-13,18.0,paid
INV-08511,B161,2023-12-27,2024-01-26,60000.0,False,False,2024-02-04,9.0,paid
INV-06891,B127,2023-12-27,2024-01-26,59500.0,False,True,2024-02-13,18.0,paid
INV-08695,B163,2023-12-27,2024-01-26,37500.0,False,False,2024-02-08,13.0,paid
INV-02380,B046,2023-12-27,2024-02-10,12200.0,True,False,2024-03-05,24.0,paid
INV-11297,B204,2023-12-27,2024-01-26,173100.0,False,False,2024-01-31,5.0,paid
INV-07431,B139,2023-12-27,2024-01-26,76900.0,False,False,2024-02-22,27.0,paid
INV-08853,B167,2023-12-27,2024-01-26,48400.0,False,True,2024-02-15,20.0,paid
INV-11726,B212,2023-12-28,2024-02-11,232500.0,False,False,2024-02-18,7.0,paid
INV-12014,B216,2023-12-28,2024-02-11,18500.0,False,False,2024-03-02,20.0,paid
INV-11357,B205,2023-12-28,2024-02-11,93600.0,False,False,2024-02-15,4.0,paid
INV-01606,B029,2023-12-28,2024-02-11,43000.0,False,True,2024-03-11,29.0,paid
INV-06556,B119,2023-12-28,2024-01-27,101800.0,False,False,2024-02-01,5.0,paid
INV-03397,B067,2023-12-28,2024-01-27,55700.0,False,False,2024-01-19,-8.0,paid
INV-06926,B129,2023-12-28,2024-02-11,96200.0,False,False,2024-02-11,0.0,paid
INV-02014,B038,2023-12-28,2024-01-27,26300.0,False,True,2024-02-13,17.0,paid
INV-10847,B196,2023-12-28,2024-01-27,10700.0,False,False,2024-02-24,28.0,paid
INV-05282,B097,2023-12-28,2024-01-27,27700.0,False,False,2024-01-30,3.0,paid
INV-07031,B132,2023-12-28,2024-02-11,69300.0,False,False,2024-02-21,10.0,paid
INV-05541,B100,2023-12-28,2024-01-27,41600.0,False,False,2024-03-03,36.0,paid
INV-06023,B105,2023-12-28,2024-01-27,64100.0,False,False,2024-01-17,-10.0,paid
INV-02783,B054,2023-12-28,2024-01-27,18800.0,False,False,2024-01-25,-2.0,paid
INV-04178,B080,2023-12-28,2024-01-27,132300.0,False,False,2024-02-16,20.0,paid
INV-10470,B189,2023-12-28,2024-02-11,60200.0,False,False,2024-02-20,9.0,paid
INV-00085,B002,2023-12-28,2024-01-27,204300.0,False,False,2024-02-11,15.0,paid
INV-01668,B030,2023-12-29,2024-01-28,101300.0,False,True,2024-02-07,10.0,paid
INV-01667,B030,2023-12-29,2024-01-28,240400.0,False,False,2024-02-04,7.0,paid
INV-03248,B063,2023-12-29,2024-01-28,31100.0,False,True,2024-02-22,25.0,paid
INV-09158,B170,2023-12-29,2024-02-12,21700.0,False,False,2024-03-15,32.0,paid
INV-05830,B103,2023-12-29,2024-02-12,138100.0,False,False,2024-03-05,22.0,paid
INV-05092,B094,2023-12-29,2024-02-12,14600.0,False,False,2024-02-10,-2.0,paid
INV-06142,B108,2023-12-29,2024-01-28,13600.0,False,False,2024-02-18,21.0,paid
INV-06024,B105,2023-12-29,2024-01-28,106200.0,False,False,2024-01-25,-3.0,paid
INV-06025,B105,2023-12-29,2024-01-28,129300.0,True,False,2024-03-02,34.0,paid
INV-00461,B009,2023-12-29,2024-02-12,118400.0,False,False,2024-06-11,120.0,paid
INV-07963,B147,2023-12-30,2024-01-29,12000.0,False,False,2024-02-03,5.0,paid
INV-08925,B168,2023-12-30,2024-02-13,72800.0,False,False,2024-03-08,24.0,paid
INV-09239,B172,2023-12-30,2024-02-13,72400.0,False,False,2024-02-28,15.0,paid
INV-06865,B126,2023-12-30,2024-02-13,201300.0,False,True,2024-03-09,25.0,paid
INV-07192,B135,2023-12-30,2024-02-13,28800.0,False,False,2024-03-01,17.0,paid
INV-02784,B054,2023-12-30,2024-01-29,25100.0,False,False,2024-01-29,0.0,paid
INV-01670,B030,2023-12-30,2024-01-29,102000.0,False,False,2024-01-25,-4.0,paid
INV-01669,B030,2023-12-30,2024-01-29,114600.0,False,False,2024-01-22,-7.0,paid
INV-03062,B058,2023-12-30,2024-02-13,85100.0,False,False,2024-04-03,50.0,paid
INV-09347,B174,2023-12-30,2024-01-29,14600.0,False,False,2024-01-30,1.0,paid
INV-06242,B109,2023-12-30,2024-01-29,112600.0,False,False,2024-03-02,33.0,paid
INV-08512,B161,2023-12-30,2024-01-29,99700.0,False,False,2024-02-08,10.0,paid
INV-00367,B007,2023-12-31,2024-01-30,75900.0,False,False,2024-02-07,8.0,paid
INV-00622,B013,2023-12-31,2024-02-14,14100.0,False,True,2024-03-29,44.0,paid
INV-04961,B092,2023-12-31,2024-02-14,26700.0,False,False,2024-02-13,-1.0,paid
INV-04874,B090,2023-12-31,2024-02-14,53500.0,False,False,2024-02-21,7.0,paid
INV-03955,B075,2023-12-31,2024-02-14,44000.0,False,False,2024-02-26,12.0,paid
INV-10120,B185,2023-12-31,2024-02-14,134800.0,False,False,2024-03-19,34.0,paid
INV-10983,B199,2023-12-31,2024-02-14,8300.0,False,False,2024-02-07,-7.0,paid
INV-01860,B035,2023-12-31,2024-02-14,78400.0,False,False,2024-02-09,-5.0,paid
INV-05134,B095,2023-12-31,2024-02-14,60200.0,False,False,2024-02-29,15.0,paid
INV-08022,B148,2023-12-31,2024-01-30,10100.0,False,False,2024-01-22,-8.0,paid
INV-11418,B206,2023-12-31,2024-02-14,34200.0,False,True,2024-03-05,20.0,paid
INV-02381,B046,2023-12-31,2024-02-14,18600.0,False,False,2024-02-25,11.0,paid
INV-06607,B120,2023-12-31,2024-02-14,28000.0,False,False,2024-02-19,5.0,paid
INV-02602,B051,2023-12-31,2024-01-30,31600.0,False,False,2024-02-09,10.0,paid
INV-07362,B138,2023-12-31,2024-01-30,26200.0,False,False,2024-02-08,9.0,paid
INV-01940,B037,2024-01-01,2024-02-15,284100.0,False,False,2024-02-14,-1.0,paid
INV-02785,B054,2024-01-01,2024-01-31,7500.0,False,False,2024-01-25,-6.0,paid
INV-06348,B113,2024-01-01,2024-02-15,186700.0,False,False,2024-03-30,44.0,paid
INV-10413,B188,2024-01-01,2024-01-31,8300.0,False,False,2024-02-03,3.0,paid
INV-03699,B070,2024-01-01,2024-02-15,61200.0,False,True,2024-02-23,8.0,paid
INV-10619,B192,2024-01-01,2024-02-15,20100.0,False,True,2024-02-18,3.0,paid
INV-04962,B092,2024-01-01,2024-02-15,17800.0,False,False,2024-02-05,-10.0,paid
INV-00623,B013,2024-01-01,2024-02-15,17300.0,True,False,2024-04-08,53.0,paid
INV-08795,B165,2024-01-01,2024-01-31,9200.0,False,False,2024-01-23,-8.0,paid
INV-10687,B193,2024-01-01,2024-02-15,32200.0,False,False,2024-03-01,15.0,paid
INV-00052,B001,2024-01-01,2024-02-15,24000.0,False,False,2024-02-20,5.0,paid
INV-06243,B109,2024-01-01,2024-01-31,88800.0,False,True,2024-03-08,37.0,paid
INV-02084,B039,2024-01-01,2024-02-15,11900.0,False,False,2024-02-27,12.0,paid
INV-02857,B055,2024-01-01,2024-01-31,146300.0,False,False,2024-03-02,31.0,paid
INV-09348,B174,2024-01-02,2024-02-01,27500.0,False,False,2024-01-25,-7.0,paid
INV-03398,B067,2024-01-02,2024-02-01,53400.0,False,False,2024-02-06,5.0,paid
INV-02343,B044,2024-01-02,2024-02-01,83300.0,False,False,2024-02-19,18.0,paid
INV-10620,B192,2024-01-02,2024-02-16,24500.0,False,False,2024-02-06,-10.0,paid
INV-04223,B081,2024-01-02,2024-02-01,17700.0,False,False,2024-02-24,23.0,paid
INV-11298,B204,2024-01-02,2024-02-01,142300.0,False,True,2024-03-01,29.0,paid
INV-03208,B062,2024-01-02,2024-02-16,16800.0,False,True,2024-04-02,46.0,paid
INV-08854,B167,2024-01-02,2024-02-01,30900.0,False,False,2024-02-12,11.0,paid
INV-11057,B200,2024-01-02,2024-02-01,51800.0,False,False,2024-02-16,15.0,paid
INV-06608,B120,2024-01-02,2024-02-16,46900.0,False,False,2024-03-02,15.0,paid
INV-07363,B138,2024-01-02,2024-02-01,52500.0,False,True,2024-02-10,9.0,paid
INV-07293,B137,2024-01-03,2024-02-17,70800.0,False,False,2024-02-07,-10.0,paid
INV-05785,B102,2024-01-03,2024-02-17,51400.0,False,False,2024-02-07,-10.0,paid
INV-10768,B195,2024-01-03,2024-02-02,6500.0,False,False,2024-03-16,43.0,paid
INV-08419,B159,2024-01-03,2024-02-17,90400.0,False,False,2024-03-16,28.0,paid
INV-12015,B216,2024-01-03,2024-02-17,20100.0,False,False,2024-03-15,27.0,paid
INV-03779,B072,2024-01-03,2024-02-02,10800.0,False,False,2024-02-13,11.0,paid
INV-10121,B185,2024-01-03,2024-02-17,260200.0,False,False,2024-03-24,36.0,paid
INV-02699,B052,2024-01-03,2024-02-02,90300.0,False,False,2024-03-31,58.0,paid
INV-05283,B097,2024-01-03,2024-02-02,97800.0,False,False,2024-02-16,14.0,paid
INV-11494,B207,2024-01-03,2024-02-02,25800.0,False,False,2024-02-13,11.0,paid
INV-05542,B100,2024-01-03,2024-02-02,25200.0,True,False,2024-04-08,66.0,paid
INV-00408,B008,2024-01-03,2024-02-17,22400.0,False,False,2024-02-21,4.0,paid
INV-04468,B086,2024-01-03,2024-02-17,197400.0,True,False,2024-03-19,31.0,paid
INV-08926,B168,2024-01-04,2024-02-18,44100.0,False,False,2024-03-13,24.0,paid
INV-00173,B003,2024-01-04,2024-02-03,38700.0,False,False,2024-03-09,35.0,paid
INV-06557,B119,2024-01-04,2024-02-03,72000.0,True,False,2024-02-27,24.0,paid
INV-08210,B154,2024-01-04,2024-02-18,35500.0,False,False,2024-02-16,-2.0,paid
INV-09349,B174,2024-01-04,2024-02-03,26300.0,False,False,2024-06-22,140.0,paid
INV-04110,B078,2024-01-04,2024-02-03,12600.0,False,False,2024-01-24,-10.0,paid
INV-10621,B192,2024-01-05,2024-02-19,11900.0,False,False,2024-02-09,-10.0,paid
INV-05543,B100,2024-01-05,2024-02-04,46000.0,False,True,2024-03-15,40.0,paid
INV-06329,B112,2024-01-05,2024-02-19,31400.0,False,False,2024-02-09,-10.0,paid
INV-11727,B212,2024-01-05,2024-02-19,83600.0,False,False,2024-02-26,7.0,paid
INV-09861,B182,2024-01-05,2024-02-04,21000.0,False,False,2024-01-25,-10.0,paid
INV-02858,B055,2024-01-05,2024-02-04,32100.0,False,False,2024-02-16,12.0,paid
INV-09074,B169,2024-01-05,2024-02-04,46700.0,False,False,2024-02-22,18.0,paid
INV-10331,B187,2024-01-05,2024-02-04,55600.0,False,False,2024-02-25,21.0,paid
INV-10769,B195,2024-01-05,2024-02-04,7100.0,False,True,2024-03-01,26.0,paid
INV-03107,B059,2024-01-05,2024-02-19,5400.0,False,False,2024-03-05,15.0,paid
INV-08927,B168,2024-01-06,2024-02-20,84300.0,False,False,2024-03-17,26.0,paid
INV-07964,B147,2024-01-06,2024-02-05,18800.0,False,False,2024-03-04,28.0,paid
INV-03891,B074,2024-01-06,2024-02-05,6800.0,False,False,2024-02-04,-1.0,paid
INV-09159,B170,2024-01-06,2024-02-20,11800.0,False,False,2024-03-22,31.0,paid
INV-02015,B038,2024-01-06,2024-02-05,50100.0,False,False,2024-02-16,11.0,paid
INV-04963,B092,2024-01-06,2024-02-20,80700.0,False,False,2024-02-22,2.0,paid
INV-01502,B026,2024-01-06,2024-02-20,50400.0,False,False,2024-03-11,20.0,paid
INV-04875,B090,2024-01-06,2024-02-20,146800.0,False,True,2024-03-13,22.0,paid
INV-10228,B186,2024-01-06,2024-02-20,153600.0,False,False,2024-03-13,22.0,paid
INV-05544,B100,2024-01-06,2024-02-05,52900.0,False,False,2024-02-24,19.0,paid
INV-03141,B060,2024-01-06,2024-02-20,61000.0,False,False,2024-02-21,1.0,paid
INV-08659,B162,2024-01-07,2024-02-06,25600.0,False,False,2024-02-25,19.0,paid
INV-08513,B161,2024-01-07,2024-02-06,100200.0,False,False,2024-02-20,14.0,paid
INV-06408,B115,2024-01-07,2024-02-21,45200.0,False,False,2024-02-29,8.0,paid
INV-08928,B168,2024-01-07,2024-02-21,54600.0,False,False,2024-03-19,27.0,paid
INV-07898,B145,2024-01-07,2024-02-21,10800.0,False,False,2024-02-22,1.0,paid
INV-11728,B212,2024-01-07,2024-02-21,45400.0,False,False,2024-02-21,0.0,paid
INV-03700,B070,2024-01-07,2024-02-21,58500.0,False,False,2024-03-09,17.0,paid
INV-12016,B216,2024-01-07,2024-02-21,25800.0,False,False,2024-03-18,26.0,paid
INV-00174,B003,2024-01-07,2024-02-06,18300.0,False,False,2024-03-03,26.0,paid
INV-00682,B014,2024-01-07,2024-02-06,152300.0,False,False,2024-02-08,2.0,paid
INV-05880,B104,2024-01-07,2024-02-06,165800.0,False,False,2024-02-03,-3.0,paid
INV-05831,B103,2024-01-07,2024-02-21,35000.0,False,False,2024-03-06,14.0,paid
INV-11216,B203,2024-01-07,2024-02-06,8500.0,False,True,2024-03-04,27.0,paid
INV-02604,B051,2024-01-08,2024-02-07,70600.0,False,False,2024-02-20,13.0,paid
INV-02085,B039,2024-01-08,2024-02-22,14500.0,False,False,2024-02-28,6.0,paid
INV-03892,B074,2024-01-08,2024-02-07,14000.0,True,True,2024-04-08,61.0,paid
INV-09075,B169,2024-01-08,2024-02-07,32800.0,False,False,2024-02-10,3.0,paid
INV-04672,B088,2024-01-08,2024-02-07,38300.0,False,True,2024-02-02,-5.0,paid
INV-10122,B185,2024-01-08,2024-02-22,135100.0,False,True,2024-04-18,56.0,paid
INV-01429,B025,2024-01-08,2024-02-22,8400.0,False,False,2024-03-16,23.0,paid
INV-02603,B051,2024-01-08,2024-02-07,53500.0,True,False,2024-04-08,61.0,paid
INV-06971,B130,2024-01-09,2024-02-08,19500.0,False,False,2024-02-02,-6.0,paid
INV-08514,B161,2024-01-09,2024-02-08,62300.0,False,False,2024-02-20,12.0,paid
INV-12082,B218,2024-01-09,2024-02-23,102400.0,False,True,2024-03-21,27.0,paid
INV-09966,B183,2024-01-09,2024-02-23,126200.0,False,True,2024-03-24,30.0,paid
INV-05832,B103,2024-01-09,2024-02-23,63300.0,False,False,2024-03-09,15.0,paid
INV-03893,B074,2024-01-09,2024-02-08,7400.0,False,False,2024-02-19,11.0,paid
INV-10123,B185,2024-01-09,2024-02-23,177500.0,False,False,2024-04-09,46.0,paid
INV-08023,B148,2024-01-09,2024-02-08,5800.0,False,False,2024-02-17,9.0,paid
INV-07899,B145,2024-01-09,2024-02-23,10800.0,False,False,2024-02-27,4.0,paid
INV-04809,B089,2024-01-10,2024-02-09,43100.0,False,True,2024-02-24,15.0,paid
INV-09160,B170,2024-01-10,2024-02-24,9500.0,False,False,2024-04-05,41.0,paid
INV-01236,B022,2024-01-10,2024-02-09,10200.0,False,False,2024-03-23,43.0,paid
INV-01941,B037,2024-01-10,2024-02-24,171900.0,False,False,2024-03-05,10.0,paid
INV-11994,B215,2024-01-10,2024-02-09,86100.0,False,False,2024-04-02,53.0,paid
INV-05202,B096,2024-01-10,2024-02-24,27300.0,False,False,2024-03-23,28.0,paid
INV-11575,B209,2024-01-10,2024-02-24,50700.0,False,True,2024-03-16,21.0,paid
INV-11058,B200,2024-01-10,2024-02-09,42700.0,False,True,2024-03-09,29.0,paid
INV-06026,B105,2024-01-10,2024-02-09,124100.0,False,False,2024-02-06,-3.0,paid
INV-12057,B217,2024-01-10,2024-02-24,49500.0,True,False,2024-04-08,44.0,paid
INV-08024,B148,2024-01-10,2024-02-09,3900.0,False,False,2024-02-06,-3.0,paid
INV-11358,B205,2024-01-11,2024-02-25,77400.0,False,False,2024-03-05,9.0,paid
INV-03209,B062,2024-01-11,2024-02-25,17000.0,True,True,2024-05-07,72.0,paid
INV-00873,B017,2024-01-11,2024-02-10,16500.0,False,False,2024-01-31,-10.0,paid
INV-04593,B087,2024-01-11,2024-02-25,24800.0,False,False,2024-02-23,-2.0,paid
INV-06075,B106,2024-01-11,2024-02-25,176000.0,False,False,2024-03-18,22.0,paid
INV-08485,B160,2024-01-11,2024-02-10,437800.0,False,False,2024-05-19,99.0,paid
INV-10984,B199,2024-01-11,2024-02-25,5600.0,False,False,2024-02-15,-10.0,paid
INV-03856,B073,2024-01-11,2024-02-25,113500.0,False,True,2024-03-22,26.0,paid
INV-05786,B102,2024-01-11,2024-02-25,98400.0,False,False,2024-02-20,-5.0,paid
INV-01237,B022,2024-01-11,2024-02-10,4100.0,False,False,2024-03-15,34.0,paid
INV-09350,B174,2024-01-11,2024-02-10,22800.0,False,False,2024-02-11,1.0,paid
INV-07432,B139,2024-01-12,2024-02-11,77500.0,False,False,2024-03-03,21.0,paid
INV-04224,B081,2024-01-12,2024-02-11,6100.0,False,False,2024-03-08,26.0,paid
INV-06910,B128,2024-01-12,2024-02-26,62000.0,False,False,2024-03-12,15.0,paid
INV-03998,B076,2024-01-12,2024-02-26,66800.0,False,True,2024-04-14,48.0,paid
INV-08266,B156,2024-01-12,2024-02-11,16500.0,False,False,2024-02-27,16.0,paid
INV-01238,B022,2024-01-13,2024-02-12,11200.0,False,False,2024-03-07,24.0,paid
INV-02344,B044,2024-01-13,2024-02-12,87500.0,False,False,2024-03-03,20.0,paid
INV-07193,B135,2024-01-13,2024-02-27,73000.0,False,False,2024-03-22,24.0,paid
INV-00548,B011,2024-01-13,2024-02-27,14300.0,False,False,2024-03-17,19.0,paid
INV-04294,B082,2024-01-13,2024-02-27,20200.0,True,False,2024-03-16,18.0,paid
INV-10622,B192,2024-01-13,2024-02-27,21800.0,False,False,2024-02-24,-3.0,paid
INV-01833,B034,2024-01-13,2024-02-27,220200.0,False,False,2024-03-14,16.0,paid
INV-08330,B157,2024-01-13,2024-02-12,37100.0,False,False,2024-03-01,18.0,paid
INV-07103,B133,2024-01-13,2024-02-12,27100.0,False,False,2024-02-20,8.0,paid
INV-04594,B087,2024-01-13,2024-02-27,32700.0,False,False,2024-02-20,-7.0,paid
INV-06449,B116,2024-01-13,2024-02-27,137000.0,False,False,2024-03-04,6.0,paid
INV-01739,B031,2024-01-14,2024-02-13,55800.0,False,False,2024-03-14,30.0,paid
INV-01861,B035,2024-01-14,2024-02-28,29800.0,False,False,2024-02-22,-6.0,paid
INV-09967,B183,2024-01-14,2024-02-28,80700.0,False,False,2024-04-04,36.0,paid
INV-10623,B192,2024-01-14,2024-02-28,24800.0,False,False,2024-02-18,-10.0,paid
INV-08660,B162,2024-01-14,2024-02-13,18300.0,False,False,2024-02-27,14.0,paid
INV-08929,B168,2024-01-14,2024-02-28,29400.0,False,False,2024-03-19,20.0,paid
INV-10124,B185,2024-01-14,2024-02-28,146800.0,True,False,2024-05-21,83.0,paid
INV-00003,B000,2024-01-15,2024-02-29,12800.0,False,False,2024-02-27,-2.0,paid
INV-07627,B143,2024-01-15,2024-02-29,25800.0,False,False,2024-02-28,-1.0,paid
INV-08331,B157,2024-01-15,2024-02-14,33600.0,False,False,2024-03-10,25.0,paid
INV-02700,B052,2024-01-15,2024-02-14,59600.0,False,False,2024-05-03,79.0,paid
INV-05473,B099,2024-01-15,2024-02-14,180700.0,False,False,2024-03-09,24.0,paid
INV-06927,B129,2024-01-15,2024-02-29,98400.0,False,False,2024-03-04,4.0,paid
INV-06830,B124,2024-01-15,2024-02-29,20300.0,False,False,2024-02-29,0.0,paid
INV-04403,B085,2024-01-15,2024-02-14,224800.0,False,False,2024-03-15,30.0,paid
INV-04673,B088,2024-01-15,2024-02-14,17400.0,False,False,2024-02-04,-10.0,paid
INV-06143,B108,2024-01-15,2024-02-14,30400.0,False,False,2024-02-18,4.0,paid
INV-08250,B155,2024-01-15,2024-02-29,15700.0,False,False,2024-02-19,-10.0,paid
INV-10848,B196,2024-01-15,2024-02-14,54300.0,False,False,2024-03-18,33.0,paid
INV-11217,B203,2024-01-16,2024-02-15,6400.0,True,False,2024-04-02,47.0,paid
INV-09742,B179,2024-01-16,2024-02-15,32000.0,False,False,2024-04-11,56.0,paid
INV-09741,B179,2024-01-16,2024-02-15,27400.0,False,False,2024-04-13,58.0,paid
INV-05012,B093,2024-01-16,2024-03-01,25500.0,False,False,2024-03-03,2.0,paid
INV-01740,B031,2024-01-16,2024-02-15,15500.0,False,False,2024-02-19,4.0,paid
INV-09302,B173,2024-01-16,2024-03-01,64200.0,False,False,2024-03-02,1.0,paid
INV-09351,B174,2024-01-16,2024-02-15,14600.0,False,False,2024-02-16,1.0,paid
INV-09201,B171,2024-01-16,2024-02-15,234300.0,False,False,2024-02-27,12.0,paid
INV-03532,B068,2024-01-16,2024-02-15,39300.0,False,True,2024-02-05,-10.0,paid
INV-09240,B172,2024-01-16,2024-03-01,93000.0,False,False,2024-03-13,12.0,paid
INV-01794,B033,2024-01-16,2024-03-01,41700.0,False,False,2024-03-24,23.0,paid
INV-10229,B186,2024-01-16,2024-03-01,45100.0,False,False,2024-03-01,0.0,paid
INV-11359,B205,2024-01-16,2024-03-01,49400.0,False,False,2024-02-20,-10.0,paid
INV-08515,B161,2024-01-16,2024-02-15,110100.0,False,False,2024-02-20,5.0,paid
INV-08267,B156,2024-01-16,2024-02-15,38100.0,False,False,2024-03-16,30.0,paid
INV-04674,B088,2024-01-16,2024-02-15,36400.0,False,False,2024-02-15,0.0,paid
INV-02086,B039,2024-01-17,2024-03-02,13400.0,False,False,2024-02-29,-2.0,paid
INV-07194,B135,2024-01-17,2024-03-02,88800.0,False,False,2024-04-05,34.0,paid
INV-02743,B053,2024-01-17,2024-02-16,48100.0,False,False,2024-02-18,2.0,paid
INV-08930,B168,2024-01-17,2024-03-02,83100.0,False,False,2024-03-19,17.0,paid
INV-01862,B035,2024-01-17,2024-03-02,38200.0,False,False,2024-02-26,-5.0,paid
INV-10471,B189,2024-01-17,2024-03-02,63200.0,False,True,2024-03-31,29.0,paid
INV-10332,B187,2024-01-17,2024-02-16,79800.0,False,False,2024-03-04,17.0,paid
INV-09968,B183,2024-01-17,2024-03-02,113400.0,False,False,2024-03-24,22.0,paid
INV-11995,B215,2024-01-17,2024-02-16,107800.0,False,False,2024-04-03,47.0,paid
INV-11160,B201,2024-01-17,2024-03-02,19000.0,False,False,2024-03-29,27.0,paid
INV-05203,B096,2024-01-17,2024-03-02,87300.0,False,False,2024-03-22,20.0,paid
INV-05545,B100,2024-01-17,2024-02-16,26300.0,False,False,2024-03-12,25.0,paid
INV-04675,B088,2024-01-17,2024-02-16,58600.0,False,False,2024-02-15,-1.0,paid
INV-03249,B063,2024-01-17,2024-02-16,18900.0,True,False,2024-03-31,44.0,paid
INV-00624,B013,2024-01-18,2024-03-03,28600.0,True,False,2024-05-14,72.0,paid
INV-01087,B020,2024-01-18,2024-02-17,114500.0,False,True,2024-03-28,40.0,paid
INV-02553,B050,2024-01-18,2024-02-17,45600.0,False,False,2024-03-21,33.0,paid
INV-06027,B105,2024-01-18,2024-02-17,76000.0,False,False,2024-02-12,-5.0,paid
INV-03894,B074,2024-01-18,2024-02-17,4800.0,False,False,2024-02-26,9.0,paid
INV-02554,B050,2024-01-19,2024-02-18,43100.0,False,False,2024-03-25,36.0,paid
INV-05135,B095,2024-01-19,2024-03-04,47500.0,False,False,2024-02-28,-5.0,paid
INV-07758,B144,2024-01-19,2024-02-18,118300.0,False,False,2024-02-12,-6.0,paid
INV-04318,B083,2024-01-19,2024-03-04,39200.0,False,False,2024-04-17,44.0,paid
INV-05881,B104,2024-01-19,2024-02-18,66000.0,False,False,2024-02-15,-3.0,paid
INV-07032,B132,2024-01-19,2024-03-04,122400.0,False,True,2024-03-14,10.0,paid
INV-01555,B028,2024-01-19,2024-03-04,9100.0,False,False,2024-03-29,25.0,paid
INV-06028,B105,2024-01-19,2024-02-18,163700.0,False,False,2024-02-22,4.0,paid
INV-04111,B078,2024-01-19,2024-02-18,20600.0,False,False,2024-03-02,13.0,paid
INV-11360,B205,2024-01-20,2024-03-05,47700.0,False,False,2024-02-28,-6.0,paid
INV-11549,B208,2024-01-20,2024-02-19,92500.0,False,True,2024-03-24,34.0,paid
INV-02176,B040,2024-01-20,2024-02-19,31600.0,False,False,2024-02-14,-5.0,paid
INV-11218,B203,2024-01-20,2024-02-19,7000.0,False,False,2024-03-21,31.0,paid
INV-01430,B025,2024-01-20,2024-03-05,12000.0,False,False,2024-03-15,10.0,paid
INV-07965,B147,2024-01-20,2024-02-19,33800.0,False,True,2024-03-13,23.0,paid
INV-07033,B132,2024-01-20,2024-03-05,50000.0,False,False,2024-03-04,-1.0,paid
INV-11729,B212,2024-01-21,2024-03-06,84800.0,False,False,2024-02-25,-10.0,paid
INV-03742,B071,2024-01-21,2024-02-20,24400.0,False,True,2024-03-10,19.0,paid
INV-07628,B143,2024-01-21,2024-03-06,34800.0,False,False,2024-02-28,-7.0,paid
INV-02087,B039,2024-01-21,2024-03-06,15100.0,False,True,2024-03-15,9.0,paid
INV-08268,B156,2024-01-21,2024-02-20,13500.0,False,False,2024-03-16,25.0,paid
INV-07142,B134,2024-01-21,2024-03-06,124200.0,False,False,2024-03-27,21.0,paid
INV-02701,B052,2024-01-21,2024-02-20,47400.0,False,False,2024-05-17,87.0,paid
INV-08025,B148,2024-01-21,2024-02-20,4700.0,False,False,2024-02-28,8.0,paid
INV-02177,B040,2024-01-21,2024-02-20,46000.0,False,False,2024-03-01,10.0,paid
INV-05882,B104,2024-01-21,2024-02-20,78400.0,False,False,2024-02-25,5.0,paid
INV-02016,B038,2024-01-21,2024-02-20,25500.0,False,False,2024-03-05,14.0,paid
INV-00683,B014,2024-01-21,2024-02-20,58200.0,False,False,2024-02-19,-1.0,paid
INV-03780,B072,2024-01-21,2024-02-20,33300.0,False,False,2024-03-14,23.0,paid
INV-00549,B011,2024-01-21,2024-03-06,28300.0,False,False,2024-03-25,19.0,paid
INV-01607,B029,2024-01-22,2024-03-07,71700.0,False,False,2024-03-25,18.0,paid
INV-06310,B111,2024-01-22,2024-03-07,39400.0,True,False,2024-03-28,21.0,paid
INV-05546,B100,2024-01-22,2024-02-21,51500.0,False,False,2024-03-10,18.0,paid
INV-06089,B107,2024-01-22,2024-03-07,79800.0,False,True,2024-03-04,-3.0,paid
INV-06409,B115,2024-01-22,2024-03-07,16500.0,False,False,2024-02-26,-10.0,paid
INV-09352,B174,2024-01-22,2024-02-21,32400.0,False,False,2024-02-24,3.0,paid
INV-11730,B212,2024-01-22,2024-03-07,94200.0,False,False,2024-02-29,-7.0,paid
INV-08696,B163,2024-01-23,2024-02-22,21000.0,False,False,2024-03-05,12.0,paid
INV-10472,B189,2024-01-23,2024-03-08,32700.0,False,True,2024-03-16,8.0,paid
INV-03142,B060,2024-01-23,2024-03-08,34500.0,False,False,2024-03-16,8.0,paid
INV-01608,B029,2024-01-23,2024-03-08,43200.0,False,False,2024-03-23,15.0,paid
INV-09969,B183,2024-01-24,2024-03-09,99200.0,False,False,2024-03-20,11.0,paid
INV-03399,B067,2024-01-24,2024-02-23,81800.0,False,False,2024-02-17,-6.0,paid
INV-04085,B077,2024-01-24,2024-03-09,40200.0,False,False,2024-03-06,-3.0,paid
INV-05883,B104,2024-01-24,2024-02-23,37300.0,False,True,2024-03-01,7.0,paid
INV-01199,B021,2024-01-24,2024-03-09,7200.0,False,False,2024-03-03,-6.0,paid
INV-09241,B172,2024-01-24,2024-03-09,51500.0,False,True,2024-03-25,16.0,paid
INV-05547,B100,2024-01-24,2024-02-23,105000.0,True,False,2024-04-12,49.0,paid
INV-02088,B039,2024-01-25,2024-03-10,17600.0,False,False,2024-03-28,18.0,paid
INV-08516,B161,2024-01-25,2024-02-24,111500.0,False,True,2024-03-15,20.0,paid
INV-09460,B175,2024-01-25,2024-02-24,177100.0,False,False,2024-02-23,-1.0,paid
INV-09669,B178,2024-01-25,2024-02-24,15400.0,False,False,2024-03-20,25.0,paid
INV-10083,B184,2024-01-25,2024-02-24,113100.0,False,False,2024-03-20,25.0,paid
INV-05136,B095,2024-01-25,2024-03-10,29100.0,False,True,2024-03-26,16.0,paid
INV-00593,B012,2024-01-25,2024-03-10,39600.0,False,False,2024-03-12,2.0,paid
INV-01239,B022,2024-01-25,2024-02-24,15800.0,False,True,2024-04-08,44.0,paid
INV-02527,B049,2024-01-25,2024-03-10,103700.0,False,False,2024-03-02,-8.0,paid
INV-08697,B163,2024-01-26,2024-02-25,31000.0,False,False,2024-03-19,23.0,paid
INV-06494,B117,2024-01-26,2024-02-25,115500.0,False,False,2024-07-05,131.0,paid
INV-00908,B018,2024-01-26,2024-02-25,15700.0,False,False,2024-04-03,38.0,paid
INV-07900,B145,2024-01-26,2024-03-11,13900.0,False,False,2024-03-01,-10.0,paid
INV-02484,B048,2024-01-26,2024-03-11,38700.0,False,False,2024-03-25,14.0,paid
INV-11731,B212,2024-01-26,2024-03-11,104600.0,False,True,2024-03-07,-4.0,paid
INV-09743,B179,2024-01-26,2024-02-25,23800.0,False,False,2024-05-06,71.0,paid
INV-05548,B100,2024-01-26,2024-02-25,60500.0,False,False,2024-03-14,18.0,paid
INV-03108,B059,2024-01-26,2024-03-11,4400.0,False,False,2024-03-27,16.0,paid
INV-01942,B037,2024-01-27,2024-03-12,122000.0,False,False,2024-03-14,2.0,paid
INV-00462,B009,2024-01-27,2024-03-12,76000.0,False,False,2024-03-12,0.0,paid
INV-05204,B096,2024-01-27,2024-03-12,128500.0,False,False,2024-04-07,26.0,paid
INV-06144,B108,2024-01-27,2024-02-26,14700.0,False,False,2024-03-07,10.0,paid
INV-04469,B086,2024-01-27,2024-03-12,200900.0,False,False,2024-03-06,-6.0,paid
INV-09862,B182,2024-01-27,2024-02-26,62000.0,False,True,2024-03-07,10.0,paid
INV-03999,B076,2024-01-27,2024-03-12,18600.0,False,False,2024-03-12,0.0,paid
INV-01295,B023,2024-01-27,2024-03-12,39200.0,False,False,2024-03-26,14.0,paid
INV-10738,B194,2024-01-27,2024-03-12,45200.0,False,False,2024-03-06,-6.0,paid
INV-06866,B126,2024-01-28,2024-03-13,84700.0,False,False,2024-03-10,-3.0,paid
INV-09568,B176,2024-01-28,2024-03-13,9100.0,True,False,2024-04-29,47.0,paid
INV-08796,B165,2024-01-28,2024-02-27,9500.0,False,False,2024-02-21,-6.0,paid
INV-06609,B120,2024-01-28,2024-03-13,54500.0,False,False,2024-03-16,3.0,paid
INV-01088,B020,2024-01-28,2024-02-27,196900.0,False,False,2024-03-30,32.0,paid
INV-06076,B106,2024-01-28,2024-03-13,78200.0,False,False,2024-03-23,10.0,paid
INV-01431,B025,2024-01-28,2024-03-13,25500.0,False,False,2024-03-30,17.0,paid
INV-02382,B046,2024-01-28,2024-03-13,26500.0,False,False,2024-03-15,2.0,paid
INV-09242,B172,2024-01-28,2024-03-13,140400.0,False,False,2024-04-01,19.0,paid
INV-05285,B097,2024-01-28,2024-02-27,29700.0,False,True,2024-03-13,15.0,paid
INV-12083,B218,2024-01-28,2024-03-13,73400.0,False,False,2024-03-23,10.0,paid
INV-05284,B097,2024-01-28,2024-02-27,49400.0,False,False,2024-03-12,14.0,paid
INV-05787,B102,2024-01-28,2024-03-13,42500.0,False,True,2024-03-10,-3.0,paid
INV-01358,B024,2024-01-29,2024-02-28,277400.0,False,False,2024-02-18,-10.0,paid
INV-06792,B123,2024-01-29,2024-03-14,191500.0,False,False,2024-04-20,37.0,paid
INV-09970,B183,2024-01-29,2024-03-14,135300.0,False,False,2024-03-29,15.0,paid
INV-10985,B199,2024-01-29,2024-03-14,18000.0,False,False,2024-03-04,-10.0,paid
INV-09161,B170,2024-01-29,2024-03-14,10000.0,True,False,2024-05-16,63.0,paid
INV-11419,B206,2024-01-29,2024-03-14,16200.0,False,False,2024-07-05,113.0,paid
INV-09461,B175,2024-01-29,2024-02-28,75900.0,False,False,2024-02-21,-7.0,paid
INV-00086,B002,2024-01-29,2024-02-28,66500.0,False,False,2024-02-29,1.0,paid
INV-02555,B050,2024-01-29,2024-02-28,162300.0,False,False,2024-04-06,38.0,paid
INV-00909,B018,2024-01-29,2024-02-28,43300.0,False,False,2024-04-11,43.0,paid
INV-08332,B157,2024-01-29,2024-02-28,43200.0,False,False,2024-03-29,30.0,paid
INV-06507,B118,2024-01-29,2024-02-28,5400.0,False,False,2024-03-20,21.0,paid
INV-10526,B190,2024-01-29,2024-03-14,89600.0,False,False,2024-04-08,25.0,paid
INV-02786,B054,2024-01-29,2024-02-28,26400.0,False,False,2024-03-08,9.0,paid
INV-03184,B061,2024-01-29,2024-02-28,42700.0,False,True,2024-02-24,-4.0,paid
INV-08269,B156,2024-01-29,2024-02-28,13900.0,False,False,2024-03-13,14.0,paid
INV-07941,B146,2024-01-29,2024-02-28,56300.0,False,False,2024-03-02,3.0,paid
INV-10624,B192,2024-01-29,2024-03-14,15800.0,False,False,2024-03-04,-10.0,paid
INV-09462,B175,2024-01-30,2024-02-29,91300.0,False,False,2024-03-03,3.0,paid
INV-01296,B023,2024-01-30,2024-03-15,17000.0,False,True,2024-03-20,5.0,paid
INV-08768,B164,2024-01-30,2024-03-15,12000.0,False,False,2024-03-14,-1.0,paid
INV-11550,B208,2024-01-30,2024-02-29,105100.0,False,False,2024-04-07,38.0,paid
INV-02089,B039,2024-01-30,2024-03-15,7500.0,False,False,2024-03-18,3.0,paid
INV-06610,B120,2024-01-30,2024-03-15,32600.0,False,False,2024-05-28,74.0,paid
INV-10527,B190,2024-01-30,2024-03-15,113700.0,False,False,2024-04-17,33.0,paid
INV-04595,B087,2024-01-30,2024-03-15,30500.0,False,False,2024-03-05,-10.0,paid
INV-05286,B097,2024-01-30,2024-02-29,61900.0,False,False,2024-02-20,-9.0,paid
INV-09971,B183,2024-01-30,2024-03-15,148500.0,False,False,2024-04-13,29.0,paid
INV-02787,B054,2024-01-30,2024-02-29,13400.0,False,False,2024-02-21,-8.0,paid
INV-09827,B181,2024-01-31,2024-03-16,107000.0,False,True,2024-04-04,19.0,paid
INV-04876,B090,2024-01-31,2024-03-16,101200.0,True,False,2024-04-01,16.0,paid
INV-08931,B168,2024-01-31,2024-03-16,73100.0,False,False,2024-03-30,14.0,paid
INV-08161,B151,2024-01-31,2024-03-16,75300.0,True,False,2024-04-17,32.0,paid
INV-11059,B200,2024-01-31,2024-03-01,24600.0,False,False,2024-03-01,0.0,paid
INV-08104,B149,2024-01-31,2024-03-01,184300.0,False,False,2024-03-27,26.0,paid
INV-06145,B108,2024-01-31,2024-03-01,39400.0,False,False,2024-03-14,13.0,paid
INV-04470,B086,2024-01-31,2024-03-16,165800.0,False,False,2024-03-06,-10.0,paid
INV-04596,B087,2024-01-31,2024-03-16,57500.0,False,False,2024-03-09,-7.0,paid
INV-09670,B178,2024-01-31,2024-03-01,53600.0,False,False,2024-03-19,18.0,paid
INV-07629,B143,2024-01-31,2024-03-16,25700.0,False,False,2024-03-11,-5.0,paid
INV-07034,B132,2024-01-31,2024-03-16,52300.0,False,False,2024-03-06,-10.0,paid
INV-07143,B134,2024-01-31,2024-03-16,73200.0,False,False,2024-04-14,29.0,paid
INV-01089,B020,2024-01-31,2024-03-01,118200.0,False,False,2024-03-16,15.0,paid
INV-10414,B188,2024-01-31,2024-03-01,30900.0,False,False,2024-03-08,7.0,paid
INV-09353,B174,2024-02-01,2024-03-02,35300.0,False,False,2024-02-25,-6.0,paid
INV-05205,B096,2024-02-01,2024-03-17,161000.0,False,False,2024-04-20,34.0,paid
INV-04404,B085,2024-02-01,2024-03-02,82100.0,False,False,2024-05-14,73.0,paid
INV-02556,B050,2024-02-01,2024-03-02,77400.0,False,False,2024-03-24,22.0,paid
INV-00463,B009,2024-02-01,2024-03-17,92600.0,False,False,2024-03-07,-10.0,paid
INV-05884,B104,2024-02-01,2024-03-02,129400.0,False,False,2024-02-28,-3.0,paid
INV-03360,B066,2024-02-01,2024-03-17,45600.0,False,False,2024-03-21,4.0,paid
INV-01090,B020,2024-02-01,2024-03-02,71200.0,False,False,2024-03-12,10.0,paid
INV-07104,B133,2024-02-01,2024-03-02,43500.0,False,False,2024-03-01,-1.0,paid
INV-00910,B018,2024-02-02,2024-03-03,193100.0,False,True,2024-04-21,49.0,paid
INV-08026,B148,2024-02-02,2024-03-03,7500.0,False,False,2024-03-06,3.0,paid
INV-08420,B159,2024-02-02,2024-03-18,97300.0,False,True,2024-04-10,23.0,paid
INV-07195,B135,2024-02-02,2024-03-18,57300.0,True,False,2024-05-18,61.0,paid
INV-03313,B065,2024-02-02,2024-03-03,158200.0,False,True,2024-03-12,9.0,paid
INV-07759,B144,2024-02-02,2024-03-03,53300.0,False,False,2024-02-22,-10.0,paid
INV-06349,B113,2024-02-02,2024-03-18,137900.0,False,False,2024-04-19,32.0,paid
INV-09671,B178,2024-02-02,2024-03-03,42200.0,False,False,2024-03-17,14.0,paid
INV-00911,B018,2024-02-02,2024-03-03,23200.0,False,True,2024-04-27,55.0,paid
INV-02435,B047,2024-02-02,2024-03-03,43900.0,False,False,2024-02-22,-10.0,paid
INV-01609,B029,2024-02-02,2024-03-18,35900.0,False,False,2024-03-29,11.0,paid
INV-02436,B047,2024-02-02,2024-03-03,97900.0,False,False,2024-03-03,0.0,paid
INV-02237,B041,2024-02-02,2024-03-18,18000.0,True,False,2024-04-14,27.0,paid
INV-06379,B114,2024-02-02,2024-03-18,5800.0,True,False,2024-04-03,16.0,paid
INV-03623,B069,2024-02-03,2024-03-04,29000.0,False,False,2024-03-24,20.0,paid
INV-02090,B039,2024-02-03,2024-03-19,22100.0,False,False,2024-03-30,11.0,paid
INV-00753,B015,2024-02-03,2024-03-04,145400.0,False,False,2024-03-04,0.0,paid
INV-02788,B054,2024-02-03,2024-03-04,10800.0,False,False,2024-06-29,117.0,paid
INV-03781,B072,2024-02-03,2024-03-04,16000.0,False,False,2024-03-01,-3.0,paid
INV-02178,B040,2024-02-03,2024-03-04,127500.0,False,False,2024-03-01,-3.0,paid
INV-11060,B200,2024-02-03,2024-03-04,36900.0,False,False,2024-03-15,11.0,paid
INV-09863,B182,2024-02-03,2024-03-04,32100.0,False,False,2024-03-02,-2.0,paid
INV-10473,B189,2024-02-03,2024-03-19,124200.0,False,False,2024-03-22,3.0,paid
INV-01530,B027,2024-02-03,2024-03-04,70100.0,True,False,2024-04-26,53.0,paid
INV-01359,B024,2024-02-03,2024-03-04,217700.0,False,False,2024-02-23,-10.0,paid
INV-00489,B010,2024-02-03,2024-03-19,4700.0,False,False,2024-03-17,-2.0,paid
INV-11732,B212,2024-02-03,2024-03-19,74500.0,False,False,2024-03-11,-8.0,paid
INV-05702,B101,2024-02-04,2024-03-20,19200.0,False,False,2024-04-10,21.0,paid
INV-10770,B195,2024-02-04,2024-03-05,20000.0,False,False,2024-03-25,20.0,paid
INV-06450,B116,2024-02-04,2024-03-20,69000.0,False,False,2024-03-15,-5.0,paid
INV-03040,B057,2024-02-04,2024-03-05,55800.0,False,False,2024-02-24,-10.0,paid
INV-09463,B175,2024-02-04,2024-03-05,104800.0,False,True,2024-03-09,4.0,paid
INV-10125,B185,2024-02-04,2024-03-20,164600.0,False,False,2024-04-10,21.0,paid
INV-03743,B071,2024-02-04,2024-03-05,222500.0,True,False,2024-04-16,42.0,paid
INV-04000,B076,2024-02-04,2024-03-20,48400.0,False,False,2024-04-07,18.0,paid
INV-05833,B103,2024-02-05,2024-03-21,59600.0,False,False,2024-03-27,6.0,paid
INV-07631,B143,2024-02-05,2024-03-21,21600.0,False,False,2024-03-15,-6.0,paid
INV-10415,B188,2024-02-05,2024-03-06,32100.0,False,False,2024-03-16,10.0,paid
INV-07630,B143,2024-02-05,2024-03-21,16100.0,False,False,2024-03-11,-10.0,paid
INV-11362,B205,2024-02-05,2024-03-21,40100.0,False,True,2024-03-22,1.0,paid
INV-11361,B205,2024-02-05,2024-03-21,69700.0,False,True,2024-04-03,13.0,paid
INV-06508,B118,2024-02-05,2024-03-06,18400.0,True,False,2024-05-08,63.0,paid
INV-04405,B085,2024-02-05,2024-03-06,44500.0,False,False,2024-03-05,-1.0,paid
INV-05137,B095,2024-02-05,2024-03-21,84700.0,False,False,2024-04-04,14.0,paid
INV-00550,B011,2024-02-05,2024-03-21,22100.0,False,False,2024-04-07,17.0,paid
INV-05013,B093,2024-02-05,2024-03-21,97800.0,False,False,2024-03-16,-5.0,paid
INV-07571,B141,2024-02-05,2024-03-06,97600.0,False,False,2024-03-18,12.0,paid
INV-06029,B105,2024-02-05,2024-03-06,113200.0,False,False,2024-02-25,-10.0,paid
INV-05206,B096,2024-02-05,2024-03-21,20600.0,False,False,2024-04-11,21.0,paid
INV-04676,B088,2024-02-05,2024-03-06,28900.0,False,False,2024-02-25,-10.0,paid
INV-03533,B068,2024-02-05,2024-03-06,64600.0,False,False,2024-02-25,-10.0,paid
INV-05287,B097,2024-02-05,2024-03-06,52700.0,False,False,2024-03-09,3.0,paid
INV-00368,B007,2024-02-05,2024-03-06,248500.0,False,False,2024-03-29,23.0,paid
INV-07264,B136,2024-02-05,2024-03-06,79200.0,False,False,2024-03-01,-5.0,paid
INV-07632,B143,2024-02-06,2024-03-22,29700.0,False,False,2024-03-12,-10.0,paid
INV-09464,B175,2024-02-06,2024-03-07,113200.0,False,False,2024-02-26,-10.0,paid
INV-09781,B180,2024-02-06,2024-03-07,12800.0,False,False,2024-03-19,12.0,paid
INV-11659,B211,2024-02-06,2024-03-22,172500.0,False,False,2024-04-27,36.0,paid
INV-08270,B156,2024-02-06,2024-03-07,20400.0,False,False,2024-03-31,24.0,paid
INV-01091,B020,2024-02-06,2024-03-07,80200.0,False,False,2024-03-24,17.0,paid
INV-08421,B159,2024-02-06,2024-03-22,167400.0,False,False,2024-04-07,16.0,paid
INV-03701,B070,2024-02-06,2024-03-22,84300.0,False,False,2024-03-29,7.0,paid
INV-06722,B121,2024-02-06,2024-03-22,68500.0,False,False,2024-04-01,10.0,paid
INV-12084,B218,2024-02-06,2024-03-22,53600.0,False,True,2024-04-13,22.0,paid
INV-02702,B052,2024-02-06,2024-03-07,72400.0,False,False,2024-06-03,88.0,paid
INV-08105,B149,2024-02-06,2024-03-07,205300.0,False,False,2024-04-08,32.0,paid
INV-03400,B067,2024-02-07,2024-03-08,28500.0,False,False,2024-02-27,-10.0,paid
INV-11061,B200,2024-02-07,2024-03-08,14500.0,False,True,2024-03-27,19.0,paid
INV-00823,B016,2024-02-07,2024-03-23,48300.0,False,False,2024-03-26,3.0,paid
INV-11495,B207,2024-02-07,2024-03-08,18800.0,False,False,2024-02-29,-8.0,paid
INV-02238,B041,2024-02-07,2024-03-23,53300.0,False,False,2024-03-22,-1.0,paid
INV-11660,B211,2024-02-08,2024-03-24,125600.0,False,False,2024-05-04,41.0,paid
INV-05474,B099,2024-02-08,2024-03-09,171300.0,False,False,2024-03-18,9.0,paid
INV-03956,B075,2024-02-08,2024-03-24,34300.0,False,False,2024-03-27,3.0,paid
INV-11219,B203,2024-02-08,2024-03-09,9200.0,False,False,2024-03-28,19.0,paid
INV-00874,B017,2024-02-08,2024-03-09,30000.0,False,False,2024-02-28,-10.0,paid
INV-04471,B086,2024-02-08,2024-03-24,241200.0,False,False,2024-03-20,-4.0,paid
INV-04964,B092,2024-02-08,2024-03-24,12000.0,False,False,2024-03-14,-10.0,paid
INV-06311,B111,2024-02-08,2024-03-24,96800.0,False,False,2024-04-04,11.0,paid
INV-08517,B161,2024-02-09,2024-03-10,261800.0,False,False,2024-03-17,7.0,paid
INV-09076,B169,2024-02-09,2024-03-10,34200.0,False,False,2024-03-20,10.0,paid
INV-08271,B156,2024-02-09,2024-03-10,12500.0,False,False,2024-03-26,16.0,paid
INV-04677,B088,2024-02-09,2024-03-10,65600.0,False,True,2024-03-17,7.0,paid
INV-01610,B029,2024-02-09,2024-03-25,16600.0,False,False,2024-03-26,1.0,paid
INV-01671,B030,2024-02-09,2024-03-10,102300.0,False,False,2024-03-05,-5.0,paid
INV-03624,B069,2024-02-09,2024-03-10,46500.0,False,False,2024-03-23,13.0,paid
INV-04877,B090,2024-02-09,2024-03-25,54800.0,False,False,2024-03-22,-3.0,paid
INV-03895,B074,2024-02-09,2024-03-10,13700.0,False,False,2024-03-16,6.0,paid
INV-11733,B212,2024-02-10,2024-03-26,58000.0,False,False,2024-03-16,-10.0,paid
INV-05014,B093,2024-02-10,2024-03-26,39800.0,False,False,2024-03-16,-10.0,paid
INV-09077,B169,2024-02-10,2024-03-11,65200.0,False,False,2024-03-20,9.0,paid
INV-09078,B169,2024-02-10,2024-03-11,43200.0,False,False,2024-03-13,2.0,paid
INV-02934,B056,2024-02-10,2024-03-26,74500.0,False,False,2024-04-10,15.0,paid
INV-02935,B056,2024-02-10,2024-03-26,254200.0,False,False,2024-04-13,18.0,paid
INV-10986,B199,2024-02-10,2024-03-26,6600.0,False,False,2024-03-16,-10.0,paid
INV-09972,B183,2024-02-10,2024-03-26,200300.0,False,False,2024-04-29,34.0,paid
INV-04406,B085,2024-02-10,2024-03-11,92000.0,False,False,2024-03-26,15.0,paid
INV-09354,B174,2024-02-10,2024-03-11,31100.0,False,False,2024-03-01,-10.0,paid
INV-03782,B072,2024-02-10,2024-03-11,17800.0,False,False,2024-03-13,2.0,paid
INV-10528,B190,2024-02-10,2024-03-26,79000.0,False,False,2024-04-28,33.0,paid
INV-09620,B177,2024-02-10,2024-03-26,69600.0,False,False,2024-04-13,18.0,paid
INV-03063,B058,2024-02-10,2024-03-26,119000.0,False,False,2024-04-22,27.0,paid
INV-02789,B054,2024-02-10,2024-03-11,56700.0,False,False,2024-03-07,-4.0,paid
INV-11735,B212,2024-02-11,2024-03-27,154500.0,False,False,2024-03-17,-10.0,paid
INV-03534,B068,2024-02-11,2024-03-12,36200.0,False,False,2024-03-02,-10.0,paid
INV-10625,B192,2024-02-11,2024-03-27,11500.0,False,False,2024-03-17,-10.0,paid
INV-09243,B172,2024-02-11,2024-03-27,53300.0,False,False,2024-08-24,150.0,paid
INV-05549,B100,2024-02-11,2024-03-12,27100.0,False,False,2024-03-24,12.0,paid
INV-06380,B114,2024-02-11,2024-03-27,9300.0,False,False,2024-04-08,12.0,paid
INV-11734,B212,2024-02-11,2024-03-27,74000.0,False,False,2024-03-18,-9.0,paid
INV-03896,B074,2024-02-11,2024-03-12,8300.0,False,False,2024-03-24,12.0,paid
INV-08272,B156,2024-02-11,2024-03-12,22200.0,False,False,2024-03-21,9.0,paid
INV-04001,B076,2024-02-11,2024-03-27,102500.0,False,False,2024-04-05,9.0,paid
INV-01611,B029,2024-02-12,2024-03-28,45800.0,False,False,2024-04-10,13.0,paid
INV-08162,B151,2024-02-12,2024-03-28,112100.0,False,False,2024-04-01,4.0,paid
INV-09973,B183,2024-02-12,2024-03-28,71500.0,True,False,2024-05-06,39.0,paid
INV-09569,B176,2024-02-12,2024-03-28,5100.0,True,False,2024-05-12,45.0,paid
INV-10416,B188,2024-02-12,2024-03-13,25300.0,False,False,2024-03-13,0.0,paid
INV-06410,B115,2024-02-12,2024-03-28,22700.0,False,False,2024-03-25,-3.0,paid
INV-06451,B116,2024-02-12,2024-03-28,78800.0,False,False,2024-03-30,2.0,paid
INV-08422,B159,2024-02-12,2024-03-28,136700.0,False,False,2024-04-16,19.0,paid
INV-05288,B097,2024-02-12,2024-03-13,57700.0,False,False,2024-03-13,0.0,paid
INV-10529,B190,2024-02-12,2024-03-28,62800.0,False,False,2024-04-29,32.0,paid
INV-09356,B174,2024-02-12,2024-03-13,27600.0,False,True,2024-03-19,6.0,paid
INV-00625,B013,2024-02-12,2024-03-28,10800.0,False,True,2024-09-12,168.0,paid
INV-09355,B174,2024-02-12,2024-03-13,17300.0,False,False,2024-03-03,-10.0,paid
INV-05703,B101,2024-02-13,2024-03-29,84800.0,False,False,2024-04-17,19.0,paid
INV-09782,B180,2024-02-13,2024-03-14,22200.0,False,False,2024-03-24,10.0,paid
INV-00912,B018,2024-02-13,2024-03-14,23800.0,False,False,2024-04-17,34.0,paid
INV-00087,B002,2024-02-13,2024-03-14,129100.0,False,False,2024-03-19,5.0,paid
INV-00754,B015,2024-02-13,2024-03-14,79600.0,False,False,2024-03-08,-6.0,paid
INV-06350,B113,2024-02-13,2024-03-29,187700.0,False,False,2024-05-08,40.0,paid
INV-09974,B183,2024-02-13,2024-03-29,101400.0,False,False,2024-04-23,25.0,paid
INV-06090,B107,2024-02-13,2024-03-29,39900.0,False,False,2024-04-03,5.0,paid
INV-08855,B167,2024-02-13,2024-03-14,99700.0,False,False,2024-03-10,-4.0,paid
INV-02345,B044,2024-02-13,2024-03-14,56600.0,False,False,2024-03-22,8.0,paid
INV-01432,B025,2024-02-13,2024-03-29,30500.0,False,False,2024-04-28,30.0,paid
INV-09079,B169,2024-02-13,2024-03-14,16500.0,False,False,2024-03-15,1.0,paid
INV-00684,B014,2024-02-13,2024-03-14,51200.0,False,False,2024-03-11,-3.0,paid
INV-09202,B171,2024-02-13,2024-03-14,102400.0,False,False,2024-03-25,11.0,paid
INV-00464,B009,2024-02-14,2024-03-30,42200.0,False,False,2024-03-30,0.0,paid
INV-01092,B020,2024-02-14,2024-03-15,68800.0,False,False,2024-07-02,109.0,paid
INV-07433,B139,2024-02-14,2024-03-15,62300.0,False,False,2024-03-26,11.0,paid
INV-03897,B074,2024-02-14,2024-03-15,15800.0,False,True,2024-04-05,21.0,paid
INV-08698,B163,2024-02-14,2024-03-15,54500.0,False,False,2024-04-01,17.0,paid
INV-07966,B147,2024-02-14,2024-03-15,54000.0,False,True,2024-03-30,15.0,paid
INV-07364,B138,2024-02-14,2024-03-15,17800.0,False,False,2024-03-05,-10.0,paid
INV-10936,B198,2024-02-14,2024-03-30,7300.0,False,False,2024-05-04,35.0,paid
INV-05704,B101,2024-02-15,2024-03-31,31300.0,True,False,2024-05-11,41.0,paid
INV-03361,B066,2024-02-15,2024-03-31,54000.0,False,False,2024-04-08,8.0,paid
INV-03744,B071,2024-02-15,2024-03-16,44200.0,False,False,2024-03-11,-5.0,paid
INV-11619,B210,2024-02-15,2024-03-16,65200.0,False,False,2024-03-24,8.0,paid
INV-11620,B210,2024-02-15,2024-03-16,151000.0,False,False,2024-03-25,9.0,paid
INV-10333,B187,2024-02-15,2024-03-16,53100.0,False,False,2024-03-19,3.0,paid
INV-10530,B190,2024-02-15,2024-03-31,89900.0,False,False,2024-04-24,24.0,paid
INV-10688,B193,2024-02-15,2024-03-31,63200.0,False,False,2024-04-20,20.0,paid
INV-09465,B175,2024-02-15,2024-03-16,40200.0,False,False,2024-03-06,-10.0,paid
INV-10084,B184,2024-02-15,2024-03-16,29400.0,False,False,2024-03-25,9.0,paid
INV-08932,B168,2024-02-15,2024-03-31,62800.0,False,False,2024-04-03,3.0,paid
INV-02179,B040,2024-02-15,2024-03-16,81600.0,False,False,2024-03-18,2.0,paid
INV-11736,B212,2024-02-15,2024-03-31,172400.0,False,False,2024-04-04,4.0,paid
INV-08106,B149,2024-02-16,2024-03-17,117200.0,True,False,2024-05-11,55.0,paid
INV-05834,B103,2024-02-16,2024-04-01,29700.0,False,False,2024-04-02,1.0,paid
INV-03535,B068,2024-02-16,2024-03-17,57300.0,False,False,2024-03-07,-10.0,paid
INV-06146,B108,2024-02-16,2024-03-17,10900.0,False,False,2024-03-11,-6.0,paid
INV-02557,B050,2024-02-16,2024-03-17,69200.0,False,True,2024-04-30,44.0,paid
INV-00755,B015,2024-02-16,2024-03-17,114500.0,False,False,2024-03-07,-10.0,paid
INV-09162,B170,2024-02-16,2024-04-01,15400.0,False,False,2024-05-11,40.0,paid
INV-05705,B101,2024-02-17,2024-04-02,52700.0,False,False,2024-04-24,22.0,paid
INV-10739,B194,2024-02-17,2024-04-02,66900.0,False,False,2024-04-18,16.0,paid
INV-08518,B161,2024-02-17,2024-03-18,156200.0,False,False,2024-03-28,10.0,paid
INV-08333,B157,2024-02-17,2024-03-18,44700.0,False,False,2024-04-13,26.0,paid
INV-03314,B065,2024-02-17,2024-03-18,94600.0,False,False,2024-03-18,0.0,paid
INV-01093,B020,2024-02-17,2024-03-18,37800.0,False,False,2024-03-27,9.0,paid
INV-01531,B027,2024-02-17,2024-03-18,48000.0,True,True,2024-05-07,50.0,paid
INV-03273,B064,2024-02-17,2024-04-02,250900.0,False,True,2024-05-18,46.0,paid
INV-05550,B100,2024-02-17,2024-03-18,72900.0,False,False,2024-04-04,17.0,paid
INV-04179,B080,2024-02-17,2024-03-18,113700.0,False,False,2024-04-27,40.0,paid
INV-11968,B214,2024-02-17,2024-04-02,110500.0,False,True,2024-07-04,93.0,paid
INV-07434,B139,2024-02-18,2024-03-19,89400.0,False,False,2024-03-30,11.0,paid
INV-09672,B178,2024-02-18,2024-03-19,18000.0,False,False,2024-03-27,8.0,paid
INV-03210,B062,2024-02-18,2024-04-03,9400.0,False,False,2024-04-23,20.0,paid
INV-00224,B004,2024-02-18,2024-04-03,29000.0,False,False,2024-04-16,13.0,paid
INV-06147,B108,2024-02-18,2024-03-19,56800.0,False,False,2024-04-02,14.0,paid
INV-09570,B176,2024-02-18,2024-04-03,12900.0,False,False,2024-04-25,22.0,paid
INV-06091,B107,2024-02-18,2024-04-03,57300.0,False,False,2024-04-14,11.0,paid
INV-09080,B169,2024-02-18,2024-03-19,67500.0,False,False,2024-03-18,-1.0,paid
INV-11737,B212,2024-02-18,2024-04-03,188300.0,False,False,2024-04-09,6.0,paid
INV-04678,B088,2024-02-18,2024-03-19,46900.0,False,False,2024-03-10,-9.0,paid
INV-11062,B200,2024-02-18,2024-03-19,32600.0,False,True,2024-04-12,24.0,paid
INV-02437,B047,2024-02-18,2024-03-19,71900.0,False,False,2024-03-18,-1.0,paid
INV-11220,B203,2024-02-18,2024-03-19,6100.0,False,False,2024-04-10,22.0,paid
INV-02558,B050,2024-02-18,2024-03-19,20700.0,False,False,2024-04-08,20.0,paid
INV-11576,B209,2024-02-18,2024-04-03,30100.0,False,False,2024-04-11,8.0,paid
INV-08163,B151,2024-02-18,2024-04-03,151400.0,False,False,2024-04-17,14.0,paid
INV-04225,B081,2024-02-19,2024-03-20,12400.0,True,False,2024-04-17,28.0,paid
INV-05015,B093,2024-02-19,2024-04-04,47400.0,False,False,2024-04-01,-3.0,paid
INV-08334,B157,2024-02-19,2024-03-20,21200.0,False,False,2024-04-06,17.0,paid
INV-00088,B002,2024-02-19,2024-03-20,198100.0,False,False,2024-03-23,3.0,paid
INV-04597,B087,2024-02-19,2024-04-04,20900.0,False,False,2024-03-25,-10.0,paid
INV-00004,B000,2024-02-19,2024-04-04,42400.0,False,True,2024-05-01,27.0,paid
INV-09673,B178,2024-02-19,2024-03-20,42800.0,False,False,2024-04-02,13.0,paid
INV-10626,B192,2024-02-19,2024-04-04,8700.0,False,False,2024-03-25,-10.0,paid
INV-03362,B066,2024-02-19,2024-04-04,68400.0,False,False,2024-04-18,14.0,paid
INV-08519,B161,2024-02-19,2024-03-20,70600.0,False,False,2024-03-19,-1.0,paid
INV-05207,B096,2024-02-20,2024-04-05,25700.0,False,False,2024-04-26,21.0,paid
INV-08933,B168,2024-02-20,2024-04-05,35000.0,False,False,2024-04-24,19.0,paid
INV-03783,B072,2024-02-20,2024-03-21,26000.0,False,False,2024-03-18,-3.0,paid
INV-09674,B178,2024-02-20,2024-03-21,13100.0,False,False,2024-03-28,7.0,paid
INV-10126,B185,2024-02-20,2024-04-05,213200.0,False,False,2024-05-24,49.0,paid
INV-00225,B004,2024-02-20,2024-04-05,34400.0,False,False,2024-04-21,16.0,paid
INV-10230,B186,2024-02-20,2024-04-05,269600.0,False,False,2024-04-24,19.0,paid
INV-05551,B100,2024-02-20,2024-03-21,39800.0,False,False,2024-04-07,17.0,paid
INV-04472,B086,2024-02-20,2024-04-05,330300.0,False,False,2024-04-06,1.0,paid
INV-06148,B108,2024-02-20,2024-03-21,19300.0,False,False,2024-03-26,5.0,paid
INV-09571,B176,2024-02-20,2024-04-05,3000.0,False,False,2024-04-19,14.0,paid
INV-08934,B168,2024-02-20,2024-04-05,70200.0,False,False,2024-05-08,33.0,paid
INV-00756,B015,2024-02-20,2024-03-21,128200.0,False,False,2024-03-11,-10.0,paid
INV-11577,B209,2024-02-20,2024-04-05,123400.0,False,False,2024-04-23,18.0,paid
INV-06611,B120,2024-02-21,2024-04-06,30800.0,False,False,2024-04-10,4.0,paid
INV-05552,B100,2024-02-21,2024-03-22,62300.0,False,False,2024-04-15,24.0,paid
INV-01863,B035,2024-02-21,2024-04-06,18400.0,False,False,2024-03-30,-7.0,paid
INV-03536,B068,2024-02-21,2024-03-22,20000.0,False,False,2024-03-12,-10.0,paid
INV-02017,B038,2024-02-21,2024-03-22,122100.0,False,False,2024-03-24,2.0,paid
INV-02362,B045,2024-02-21,2024-04-06,25900.0,False,True,2024-05-15,39.0,paid
INV-05289,B097,2024-02-21,2024-03-22,37800.0,True,False,2024-05-11,50.0,paid
INV-02859,B055,2024-02-22,2024-03-23,37300.0,False,False,2024-04-10,18.0,paid
INV-06149,B108,2024-02-22,2024-03-23,18400.0,False,False,2024-03-19,-4.0,paid
INV-08273,B156,2024-02-22,2024-03-23,14600.0,False,False,2024-04-07,15.0,paid
INV-03401,B067,2024-02-22,2024-03-23,28300.0,False,False,2024-03-13,-10.0,paid
INV-07633,B143,2024-02-22,2024-04-07,15800.0,False,False,2024-04-10,3.0,paid
INV-08935,B168,2024-02-22,2024-04-07,76800.0,False,False,2024-04-24,17.0,paid
INV-00053,B001,2024-02-22,2024-04-07,83200.0,False,False,2024-04-10,3.0,paid
INV-05885,B104,2024-02-22,2024-03-23,80300.0,True,True,2024-05-03,41.0,paid
INV-07760,B144,2024-02-22,2024-03-23,130400.0,False,False,2024-03-18,-5.0,paid
INV-04407,B085,2024-02-23,2024-03-24,97500.0,False,False,2024-04-04,11.0,paid
INV-03957,B075,2024-02-23,2024-04-08,188000.0,False,False,2024-05-14,36.0,paid
INV-05290,B097,2024-02-23,2024-03-24,61900.0,False,True,2024-03-29,5.0,paid
INV-06244,B109,2024-02-23,2024-03-24,42400.0,False,False,2024-04-22,29.0,paid
INV-11221,B203,2024-02-23,2024-03-24,5700.0,False,False,2024-04-25,32.0,paid
INV-12017,B216,2024-02-23,2024-04-08,15900.0,False,True,2024-05-22,44.0,paid
INV-06911,B128,2024-02-23,2024-04-08,26000.0,False,False,2024-08-03,117.0,paid
INV-11738,B212,2024-02-23,2024-04-08,49300.0,False,False,2024-04-13,5.0,paid
INV-03898,B074,2024-02-23,2024-03-24,14800.0,False,True,2024-04-06,13.0,paid
INV-07035,B132,2024-02-23,2024-04-08,68900.0,False,False,2024-04-05,-3.0,paid
INV-06452,B116,2024-02-23,2024-04-08,378600.0,False,False,2024-04-18,10.0,paid
INV-08520,B161,2024-02-23,2024-03-24,74000.0,False,False,2024-03-31,7.0,paid
INV-00175,B003,2024-02-24,2024-03-25,20700.0,False,False,2024-04-09,15.0,paid
INV-11222,B203,2024-02-24,2024-03-25,7200.0,True,False,2024-05-03,39.0,paid
INV-11063,B200,2024-02-24,2024-03-25,16900.0,False,False,2024-04-01,7.0,paid
INV-00409,B008,2024-02-24,2024-04-09,48800.0,False,False,2024-05-11,32.0,paid
INV-09466,B175,2024-02-24,2024-03-25,37000.0,False,False,2024-03-15,-10.0,paid
INV-00594,B012,2024-02-24,2024-04-09,33500.0,False,True,2024-04-24,15.0,paid
INV-09357,B174,2024-02-24,2024-03-25,42900.0,False,False,2024-03-21,-4.0,paid
INV-05408,B098,2024-02-25,2024-03-26,6900.0,False,False,2024-03-16,-10.0,paid
INV-02860,B055,2024-02-25,2024-03-26,48200.0,False,False,2024-04-15,20.0,paid
INV-02790,B054,2024-02-25,2024-03-26,13000.0,False,False,2024-03-17,-9.0,paid
INV-02180,B040,2024-02-25,2024-03-26,26600.0,False,False,2024-03-16,-10.0,paid
INV-06558,B119,2024-02-25,2024-03-26,42500.0,True,False,2024-03-30,4.0,paid
INV-06411,B115,2024-02-25,2024-04-10,14000.0,False,False,2024-04-05,-5.0,paid
INV-01094,B020,2024-02-25,2024-03-26,73900.0,False,False,2024-04-12,17.0,paid
INV-04002,B076,2024-02-25,2024-04-10,47700.0,False,False,2024-04-24,14.0,paid
INV-03402,B067,2024-02-25,2024-03-26,27600.0,False,False,2024-03-16,-10.0,paid
INV-09572,B176,2024-02-25,2024-04-10,11200.0,False,False,2024-05-14,34.0,paid
INV-04295,B082,2024-02-25,2024-04-10,44900.0,False,False,2024-04-25,15.0,paid
INV-08936,B168,2024-02-25,2024-04-10,29800.0,True,False,2024-08-27,139.0,paid
INV-03315,B065,2024-02-25,2024-03-26,84100.0,False,False,2024-03-26,0.0,paid
INV-04810,B089,2024-02-26,2024-03-27,16100.0,False,False,2024-03-17,-10.0,paid
INV-09358,B174,2024-02-26,2024-03-27,15600.0,False,False,2024-03-17,-10.0,paid
INV-11661,B211,2024-02-26,2024-04-11,297500.0,True,False,2024-07-07,87.0,paid
INV-00875,B017,2024-02-26,2024-03-27,49100.0,False,False,2024-03-17,-10.0,paid
INV-08027,B148,2024-02-26,2024-03-27,5200.0,False,False,2024-04-04,8.0,paid
INV-00054,B001,2024-02-26,2024-04-11,31800.0,False,False,2024-04-22,11.0,paid
INV-02605,B051,2024-02-26,2024-03-27,32300.0,False,False,2024-04-07,11.0,paid
INV-00913,B018,2024-02-26,2024-03-27,36800.0,False,False,2024-04-28,32.0,paid
INV-11420,B206,2024-02-26,2024-04-11,28000.0,False,True,2024-04-25,14.0,paid
INV-07435,B139,2024-02-27,2024-03-28,66700.0,False,False,2024-04-04,7.0,paid
INV-05706,B101,2024-02-27,2024-04-12,51400.0,True,False,2024-06-19,68.0,paid
INV-02091,B039,2024-02-27,2024-04-12,25000.0,False,False,2024-05-07,25.0,paid
INV-05835,B103,2024-02-27,2024-04-12,24800.0,False,False,2024-04-07,-5.0,paid
INV-02485,B048,2024-02-27,2024-04-12,111500.0,False,True,2024-05-12,30.0,paid
INV-01095,B020,2024-02-27,2024-03-28,100000.0,False,False,2024-04-16,19.0,paid
INV-00312,B006,2024-02-27,2024-04-12,159700.0,False,False,2024-05-09,27.0,paid
INV-00311,B006,2024-02-27,2024-04-12,174200.0,False,False,2024-04-30,18.0,paid
INV-04811,B089,2024-02-27,2024-03-28,21900.0,False,False,2024-03-22,-6.0,paid
INV-09864,B182,2024-02-27,2024-03-28,109100.0,False,False,2024-03-23,-5.0,paid
INV-08211,B154,2024-02-27,2024-04-12,47600.0,False,False,2024-04-19,7.0,paid
INV-02606,B051,2024-02-28,2024-03-29,32300.0,False,False,2024-04-03,5.0,paid
INV-05554,B100,2024-02-28,2024-03-29,51600.0,False,True,2024-04-23,25.0,paid
INV-05553,B100,2024-02-28,2024-03-29,68300.0,False,False,2024-04-21,23.0,paid
INV-03064,B058,2024-02-28,2024-04-13,87900.0,False,False,2024-05-04,21.0,paid
INV-11421,B206,2024-02-28,2024-04-13,7800.0,True,False,2024-05-19,36.0,paid
INV-04473,B086,2024-02-28,2024-04-13,758600.0,False,False,2024-04-15,2.0,paid
INV-11662,B211,2024-02-28,2024-04-13,169700.0,True,False,2024-07-01,79.0,paid
INV-06150,B108,2024-02-28,2024-03-29,11000.0,False,True,2024-04-06,8.0,paid
INV-05291,B097,2024-02-28,2024-03-29,42800.0,False,False,2024-03-19,-10.0,paid
INV-07761,B144,2024-02-28,2024-03-29,55900.0,False,False,2024-03-19,-10.0,paid
INV-06510,B118,2024-02-28,2024-03-29,11800.0,False,False,2024-04-20,22.0,paid
INV-02018,B038,2024-02-28,2024-03-29,19800.0,False,False,2024-04-12,14.0,paid
INV-06509,B118,2024-02-28,2024-03-29,6600.0,False,False,2024-04-17,19.0,paid
INV-09203,B171,2024-02-28,2024-03-29,225800.0,False,False,2024-04-15,17.0,paid
INV-00914,B018,2024-02-28,2024-03-29,37200.0,False,False,2024-05-10,42.0,paid
INV-11621,B210,2024-02-29,2024-03-30,292700.0,False,False,2024-04-18,19.0,paid
INV-10771,B195,2024-02-29,2024-03-30,7900.0,False,False,2024-04-10,11.0,paid
INV-03625,B069,2024-02-29,2024-03-30,21000.0,False,False,2024-04-01,2.0,paid
INV-03363,B066,2024-02-29,2024-04-14,49200.0,False,False,2024-04-25,11.0,paid
INV-02607,B051,2024-02-29,2024-03-30,48800.0,False,False,2024-04-05,6.0,paid
INV-00246,B005,2024-02-29,2024-03-30,27100.0,False,False,2024-03-21,-9.0,paid
INV-09865,B182,2024-02-29,2024-03-30,75700.0,False,False,2024-03-21,-9.0,paid
INV-06559,B119,2024-02-29,2024-03-30,83000.0,False,False,2024-03-20,-10.0,paid
INV-07762,B144,2024-02-29,2024-03-30,143300.0,True,False,2024-04-30,31.0,paid
INV-02744,B053,2024-02-29,2024-03-30,74200.0,False,False,2024-03-31,1.0,paid
INV-04226,B081,2024-03-01,2024-03-31,32000.0,False,False,2024-04-23,23.0,paid
INV-04965,B092,2024-03-01,2024-04-15,9500.0,True,False,2024-05-04,19.0,paid
INV-01433,B025,2024-03-01,2024-04-15,26500.0,False,False,2024-05-15,30.0,paid
INV-00176,B003,2024-03-01,2024-03-31,14800.0,False,False,2024-04-11,11.0,paid
INV-10987,B199,2024-03-01,2024-04-15,15800.0,False,False,2024-04-05,-10.0,paid
INV-02438,B047,2024-03-01,2024-03-31,93500.0,False,False,2024-03-21,-10.0,paid
INV-00626,B013,2024-03-01,2024-04-15,10500.0,False,False,2024-05-18,33.0,paid
INV-05292,B097,2024-03-02,2024-04-01,101500.0,False,False,2024-04-13,12.0,paid
INV-02861,B055,2024-03-02,2024-04-01,24900.0,False,True,2024-05-07,36.0,paid
INV-03899,B074,2024-03-02,2024-04-01,9700.0,False,False,2024-04-11,10.0,paid
INV-09621,B177,2024-03-02,2024-04-16,51800.0,False,False,2024-05-11,25.0,paid
INV-09744,B179,2024-03-02,2024-04-01,18000.0,True,True,2024-07-26,116.0,paid
INV-06030,B105,2024-03-02,2024-04-01,50300.0,False,False,2024-03-30,-2.0,paid
INV-01434,B025,2024-03-02,2024-04-16,11700.0,False,True,2024-05-21,35.0,paid
INV-09783,B180,2024-03-02,2024-04-01,14700.0,False,False,2024-04-29,28.0,paid
INV-01795,B033,2024-03-02,2024-04-16,25400.0,False,False,2024-05-17,31.0,paid
INV-04679,B088,2024-03-02,2024-04-01,75700.0,False,False,2024-04-07,6.0,paid
INV-08274,B156,2024-03-02,2024-04-01,18800.0,False,False,2024-04-21,20.0,paid
INV-04180,B080,2024-03-03,2024-04-02,110900.0,False,False,2024-04-29,27.0,paid
INV-11996,B215,2024-03-03,2024-04-02,100800.0,False,False,2024-06-03,62.0,paid
INV-03537,B068,2024-03-03,2024-04-02,19800.0,False,False,2024-03-23,-10.0,paid
INV-00757,B015,2024-03-03,2024-04-02,95600.0,True,False,2024-04-27,25.0,paid
INV-06381,B114,2024-03-03,2024-04-17,13900.0,False,False,2024-04-25,8.0,paid
INV-01864,B035,2024-03-03,2024-04-17,63300.0,True,False,2024-05-07,20.0,paid
INV-10898,B197,2024-03-03,2024-04-17,92600.0,False,False,2024-04-17,0.0,paid
INV-03745,B071,2024-03-03,2024-04-02,36600.0,False,False,2024-04-14,12.0,paid
INV-03784,B072,2024-03-03,2024-04-02,22900.0,False,False,2024-04-18,16.0,paid
INV-10085,B184,2024-03-03,2024-04-02,39600.0,False,False,2024-04-23,21.0,paid
INV-05293,B097,2024-03-04,2024-04-03,94400.0,False,False,2024-04-19,16.0,paid
INV-02559,B050,2024-03-04,2024-04-03,127700.0,False,False,2024-05-02,29.0,paid
INV-02284,B043,2024-03-04,2024-04-18,32400.0,False,False,2024-05-17,29.0,paid
INV-07294,B137,2024-03-04,2024-04-18,75300.0,False,False,2024-04-17,-1.0,paid
INV-05475,B099,2024-03-04,2024-04-03,229700.0,False,False,2024-04-21,18.0,paid
INV-06453,B116,2024-03-04,2024-04-18,234000.0,False,False,2024-05-03,15.0,paid
INV-01435,B025,2024-03-04,2024-04-18,7100.0,False,False,2024-05-21,33.0,paid
INV-09359,B174,2024-03-05,2024-04-04,25600.0,False,False,2024-04-06,2.0,paid
INV-10740,B194,2024-03-05,2024-04-19,146300.0,False,False,2024-04-28,9.0,paid
INV-10127,B185,2024-03-05,2024-04-19,127200.0,False,False,2024-05-31,42.0,paid
INV-08201,B153,2024-03-05,2024-04-04,67800.0,False,True,2024-04-27,23.0,paid
INV-00177,B003,2024-03-05,2024-04-04,34800.0,False,False,2024-05-06,32.0,paid
INV-06612,B120,2024-03-05,2024-04-19,44100.0,False,False,2024-04-28,9.0,paid
INV-10772,B195,2024-03-05,2024-04-04,8800.0,False,False,2024-05-03,29.0,paid
INV-00247,B005,2024-03-05,2024-04-04,23900.0,False,False,2024-03-25,-10.0,paid
INV-04474,B086,2024-03-05,2024-04-19,426700.0,False,True,2024-04-25,6.0,paid
INV-01297,B023,2024-03-05,2024-04-19,20200.0,False,False,2024-05-06,17.0,paid
INV-03900,B074,2024-03-05,2024-04-04,17800.0,True,True,2024-05-27,53.0,paid
INV-08275,B156,2024-03-05,2024-04-04,19700.0,False,False,2024-04-25,21.0,paid
INV-10334,B187,2024-03-05,2024-04-04,66300.0,False,False,2024-04-11,7.0,paid
INV-09467,B175,2024-03-05,2024-04-04,77000.0,False,False,2024-03-29,-6.0,paid
INV-07763,B144,2024-03-05,2024-04-04,44000.0,False,False,2024-03-25,-10.0,paid
INV-05409,B098,2024-03-05,2024-04-04,15700.0,True,False,2024-04-26,22.0,paid
INV-04475,B086,2024-03-05,2024-04-19,199000.0,False,False,2024-04-16,-3.0,paid
INV-03785,B072,2024-03-05,2024-04-04,19300.0,False,False,2024-04-06,2.0,paid
INV-11223,B203,2024-03-05,2024-04-04,27300.0,False,False,2024-05-07,33.0,paid
INV-00627,B013,2024-03-06,2024-04-20,18600.0,False,False,2024-05-25,35.0,paid
INV-03901,B074,2024-03-06,2024-04-05,8400.0,True,False,2024-05-18,43.0,paid
INV-08937,B168,2024-03-06,2024-04-20,128000.0,False,False,2024-08-15,117.0,paid
INV-08251,B155,2024-03-07,2024-04-21,8400.0,True,False,2024-05-30,39.0,paid
INV-03538,B068,2024-03-07,2024-04-06,57500.0,False,True,2024-04-08,2.0,paid
INV-06151,B108,2024-03-07,2024-04-06,17100.0,False,False,2024-04-17,11.0,paid
INV-04408,B085,2024-03-07,2024-04-06,40500.0,False,False,2024-04-21,15.0,paid
INV-10773,B195,2024-03-07,2024-04-06,13900.0,False,False,2024-05-03,27.0,paid
INV-10593,B191,2024-03-07,2024-04-06,44800.0,False,False,2024-05-01,25.0,paid
INV-00178,B003,2024-03-07,2024-04-06,14000.0,False,False,2024-04-29,23.0,paid
INV-00758,B015,2024-03-07,2024-04-06,83800.0,False,False,2024-04-03,-3.0,paid
INV-09866,B182,2024-03-07,2024-04-06,50800.0,False,False,2024-04-13,7.0,paid
INV-06281,B110,2024-03-07,2024-04-06,11500.0,False,True,2024-04-17,11.0,paid
INV-11496,B207,2024-03-07,2024-04-06,81300.0,False,True,2024-04-23,17.0,paid
INV-02486,B048,2024-03-07,2024-04-21,77500.0,True,False,2024-06-28,68.0,paid
INV-11064,B200,2024-03-07,2024-04-06,14600.0,False,False,2024-04-06,0.0,paid
INV-06031,B105,2024-03-07,2024-04-06,78100.0,False,False,2024-04-04,-2.0,paid
INV-08938,B168,2024-03-07,2024-04-21,63700.0,False,False,2024-05-01,10.0,paid
INV-06613,B120,2024-03-07,2024-04-21,85100.0,False,False,2024-05-03,12.0,paid
INV-11497,B207,2024-03-08,2024-04-07,25100.0,False,False,2024-03-31,-7.0,paid
INV-11422,B206,2024-03-08,2024-04-22,13800.0,False,False,2024-05-08,16.0,paid
INV-00410,B008,2024-03-08,2024-04-22,38100.0,False,False,2024-05-12,20.0,paid
INV-06152,B108,2024-03-08,2024-04-07,10100.0,False,False,2024-04-16,9.0,paid
INV-04680,B088,2024-03-08,2024-04-07,31900.0,False,False,2024-04-03,-4.0,paid
INV-09081,B169,2024-03-08,2024-04-07,48800.0,False,False,2024-04-13,6.0,paid
INV-08335,B157,2024-03-08,2024-04-07,59200.0,False,False,2024-04-22,15.0,paid
INV-08164,B151,2024-03-08,2024-04-22,74000.0,False,True,2024-05-13,21.0,paid
INV-09867,B182,2024-03-08,2024-04-07,76300.0,False,False,2024-04-01,-6.0,paid
INV-09468,B175,2024-03-09,2024-04-08,31600.0,False,True,2024-04-12,4.0,paid
INV-05294,B097,2024-03-09,2024-04-08,64200.0,False,False,2024-04-17,9.0,paid
INV-11065,B200,2024-03-09,2024-04-08,28800.0,False,False,2024-04-14,6.0,paid
INV-02560,B050,2024-03-09,2024-04-08,86700.0,False,False,2024-05-11,33.0,paid
INV-00411,B008,2024-03-09,2024-04-23,67800.0,False,False,2024-05-11,18.0,paid
INV-01096,B020,2024-03-09,2024-04-08,100900.0,False,False,2024-05-06,28.0,paid
INV-00412,B008,2024-03-09,2024-04-23,15400.0,False,True,2024-05-14,21.0,paid
INV-10627,B192,2024-03-09,2024-04-23,22900.0,False,False,2024-04-16,-7.0,paid
INV-01436,B025,2024-03-09,2024-04-23,13300.0,False,False,2024-05-29,36.0,paid
INV-04476,B086,2024-03-09,2024-04-23,85800.0,False,True,2024-05-07,14.0,paid
INV-05016,B093,2024-03-10,2024-04-24,22500.0,False,False,2024-04-29,5.0,paid
INV-03786,B072,2024-03-10,2024-04-09,41800.0,False,False,2024-04-12,3.0,paid
INV-11423,B206,2024-03-10,2024-04-24,20600.0,False,False,2024-05-03,9.0,paid
INV-07764,B144,2024-03-10,2024-04-09,134000.0,False,False,2024-04-01,-8.0,paid
INV-02561,B050,2024-03-10,2024-04-09,41700.0,False,False,2024-05-08,29.0,paid
INV-05410,B098,2024-03-10,2024-04-09,9700.0,False,False,2024-03-30,-10.0,paid
INV-06382,B114,2024-03-10,2024-04-24,3300.0,False,False,2024-05-08,14.0,paid
INV-09082,B169,2024-03-10,2024-04-09,40100.0,False,False,2024-04-28,19.0,paid
INV-05788,B102,2024-03-10,2024-04-24,38800.0,False,False,2024-04-14,-10.0,paid
INV-08276,B156,2024-03-10,2024-04-09,13200.0,False,False,2024-04-28,19.0,paid
INV-07365,B138,2024-03-11,2024-04-10,35900.0,False,False,2024-04-23,13.0,paid
INV-08939,B168,2024-03-11,2024-04-25,88500.0,False,False,2024-05-15,20.0,paid
INV-06928,B129,2024-03-11,2024-04-25,83100.0,False,False,2024-04-22,-3.0,paid
INV-02609,B051,2024-03-11,2024-04-10,53700.0,False,False,2024-04-26,16.0,paid
INV-05476,B099,2024-03-11,2024-04-10,168200.0,False,False,2024-04-30,20.0,paid
INV-10988,B199,2024-03-11,2024-04-25,10600.0,False,False,2024-04-15,-10.0,paid
INV-03539,B068,2024-03-11,2024-04-10,141400.0,False,False,2024-04-02,-8.0,paid
INV-02608,B051,2024-03-11,2024-04-10,70700.0,False,True,2024-05-01,21.0,paid
INV-10628,B192,2024-03-11,2024-04-25,17400.0,False,False,2024-04-17,-8.0,paid
INV-09975,B183,2024-03-11,2024-04-25,72300.0,False,True,2024-06-07,43.0,paid
INV-01865,B035,2024-03-11,2024-04-25,68000.0,False,False,2024-04-21,-4.0,paid
INV-10689,B193,2024-03-11,2024-04-25,148300.0,False,False,2024-05-25,30.0,paid
INV-05295,B097,2024-03-11,2024-04-10,102500.0,False,False,2024-04-13,3.0,paid
INV-11498,B207,2024-03-11,2024-04-10,53300.0,False,False,2024-03-31,-10.0,paid
INV-12058,B217,2024-03-11,2024-04-25,15000.0,False,False,2024-05-07,12.0,paid
INV-08277,B156,2024-03-11,2024-04-10,15000.0,False,False,2024-04-23,13.0,paid
INV-10335,B187,2024-03-11,2024-04-10,74600.0,False,True,2024-05-03,23.0,paid
INV-11424,B206,2024-03-12,2024-04-26,21400.0,False,False,2024-05-15,19.0,paid
INV-06454,B116,2024-03-12,2024-04-26,148000.0,False,False,2024-05-14,18.0,paid
INV-08940,B168,2024-03-12,2024-04-26,26900.0,False,False,2024-05-09,13.0,paid
INV-08423,B159,2024-03-12,2024-04-26,115700.0,False,False,2024-05-19,23.0,paid
INV-00915,B018,2024-03-12,2024-04-11,33800.0,False,False,2024-05-29,48.0,paid
INV-09204,B171,2024-03-13,2024-04-12,292800.0,False,False,2024-05-08,26.0,paid
INV-00248,B005,2024-03-13,2024-04-12,64600.0,False,False,2024-04-24,12.0,paid
INV-00005,B000,2024-03-13,2024-04-27,35300.0,False,False,2024-05-03,6.0,paid
INV-00465,B009,2024-03-13,2024-04-27,74900.0,False,False,2024-05-10,13.0,paid
INV-07196,B135,2024-03-13,2024-04-27,36600.0,False,False,2024-05-16,19.0,paid
INV-12085,B218,2024-03-13,2024-04-27,27900.0,False,False,2024-05-10,13.0,paid
INV-03540,B068,2024-03-13,2024-04-12,59100.0,False,False,2024-04-02,-10.0,paid
INV-00824,B016,2024-03-13,2024-04-27,36300.0,False,False,2024-05-09,12.0,paid
INV-07366,B138,2024-03-13,2024-04-12,14900.0,False,True,2024-04-24,12.0,paid
INV-00916,B018,2024-03-13,2024-04-12,40900.0,False,False,2024-06-04,53.0,paid
INV-07144,B134,2024-03-13,2024-04-27,107800.0,False,False,2024-06-03,37.0,paid
INV-05093,B094,2024-03-14,2024-04-28,25600.0,False,False,2024-04-26,-2.0,paid
INV-03958,B075,2024-03-14,2024-04-28,46300.0,True,False,2024-05-31,33.0,paid
INV-04598,B087,2024-03-14,2024-04-28,15500.0,False,True,2024-04-29,1.0,paid
INV-11941,B213,2024-03-14,2024-04-28,48000.0,False,False,2024-05-06,8.0,paid
INV-01042,B019,2024-03-15,2024-04-14,28200.0,False,False,2024-06-06,53.0,paid
INV-08699,B163,2024-03-15,2024-04-14,35700.0,False,False,2024-05-18,34.0,paid
INV-02610,B051,2024-03-15,2024-04-14,99400.0,False,True,2024-05-04,20.0,paid
INV-10417,B188,2024-03-15,2024-04-14,8300.0,False,False,2024-04-27,13.0,paid
INV-00825,B016,2024-03-15,2024-04-29,36200.0,False,False,2024-05-15,16.0,paid
INV-07197,B135,2024-03-15,2024-04-29,99800.0,False,False,2024-05-25,26.0,paid
INV-00917,B018,2024-03-15,2024-04-14,48200.0,False,False,2024-05-26,42.0,paid
INV-03403,B067,2024-03-15,2024-04-14,23300.0,False,False,2024-04-07,-7.0,paid
INV-01741,B031,2024-03-16,2024-04-15,30200.0,False,False,2024-04-25,10.0,paid
INV-04966,B092,2024-03-16,2024-04-30,8500.0,False,True,2024-04-24,-6.0,paid
INV-10336,B187,2024-03-16,2024-04-15,303900.0,False,False,2024-05-10,25.0,paid
INV-11739,B212,2024-03-16,2024-04-30,183700.0,False,False,2024-05-10,10.0,paid
INV-09469,B175,2024-03-16,2024-04-15,89600.0,False,False,2024-04-19,4.0,paid
INV-04003,B076,2024-03-16,2024-04-30,70100.0,False,False,2024-05-20,20.0,paid
INV-03746,B071,2024-03-16,2024-04-15,70600.0,False,False,2024-04-24,9.0,paid
INV-01532,B027,2024-03-16,2024-04-15,84400.0,False,False,2024-05-20,35.0,paid
INV-03857,B073,2024-03-16,2024-04-30,237100.0,False,True,2024-06-05,36.0,paid
INV-02487,B048,2024-03-16,2024-04-30,107600.0,False,True,2024-06-05,36.0,paid
INV-05836,B103,2024-03-16,2024-04-30,29200.0,False,False,2024-04-29,-1.0,paid
INV-02862,B055,2024-03-17,2024-04-16,47800.0,False,False,2024-05-11,25.0,paid
INV-10128,B185,2024-03-17,2024-05-01,178200.0,False,False,2024-06-09,39.0,paid
INV-11066,B200,2024-03-17,2024-04-16,43800.0,False,False,2024-05-09,23.0,paid
INV-08424,B159,2024-03-17,2024-05-01,133500.0,False,False,2024-05-27,26.0,paid
INV-10531,B190,2024-03-17,2024-05-01,121000.0,False,False,2024-06-04,34.0,paid
INV-05789,B102,2024-03-17,2024-05-01,24900.0,False,False,2024-04-21,-10.0,paid
INV-06747,B122,2024-03-17,2024-05-01,49800.0,False,False,2024-04-21,-10.0,paid
INV-09470,B175,2024-03-17,2024-04-16,65800.0,False,False,2024-04-09,-7.0,paid
INV-03703,B070,2024-03-17,2024-05-01,105500.0,False,False,2024-05-17,16.0,paid
INV-06245,B109,2024-03-17,2024-04-16,58600.0,True,False,2024-05-28,42.0,paid
INV-01943,B037,2024-03-17,2024-05-01,149300.0,False,False,2024-05-13,12.0,paid
INV-03702,B070,2024-03-17,2024-05-01,75000.0,False,False,2024-05-19,18.0,paid
INV-08425,B159,2024-03-17,2024-05-01,97000.0,False,True,2024-05-25,24.0,paid
INV-09360,B174,2024-03-17,2024-04-16,27600.0,False,False,2024-04-10,-6.0,paid
INV-11942,B213,2024-03-17,2024-05-01,32800.0,False,False,2024-04-21,-10.0,paid
INV-06153,B108,2024-03-17,2024-04-16,18800.0,False,False,2024-04-27,11.0,paid
INV-05886,B104,2024-03-17,2024-04-16,155400.0,False,False,2024-04-11,-5.0,paid
INV-05208,B096,2024-03-18,2024-05-02,33600.0,False,False,2024-06-05,34.0,paid
INV-08797,B165,2024-03-18,2024-04-17,10100.0,False,False,2024-04-12,-5.0,paid
INV-00628,B013,2024-03-18,2024-05-02,46500.0,False,False,2024-06-09,38.0,paid
INV-02863,B055,2024-03-18,2024-04-17,70900.0,False,False,2024-05-12,25.0,paid
INV-04477,B086,2024-03-18,2024-05-02,149200.0,False,False,2024-04-24,-8.0,paid
INV-00685,B014,2024-03-18,2024-04-17,72200.0,False,False,2024-04-23,6.0,paid
INV-11943,B213,2024-03-18,2024-05-02,13100.0,False,False,2024-04-29,-3.0,paid
INV-03316,B065,2024-03-18,2024-04-17,64300.0,True,True,2024-06-02,46.0,paid
INV-01360,B024,2024-03-18,2024-04-17,262400.0,False,False,2024-04-07,-10.0,paid
INV-06246,B109,2024-03-19,2024-04-18,48100.0,False,False,2024-05-16,28.0,paid
INV-09083,B169,2024-03-19,2024-04-18,70700.0,False,False,2024-05-02,14.0,paid
INV-03858,B073,2024-03-19,2024-05-03,80400.0,False,True,2024-06-08,36.0,paid
INV-05296,B097,2024-03-19,2024-04-18,53400.0,False,True,2024-05-04,16.0,paid
INV-08278,B156,2024-03-19,2024-04-18,33900.0,False,True,2024-05-18,30.0,paid
INV-06892,B127,2024-03-19,2024-04-18,54100.0,False,False,2024-05-06,18.0,paid
INV-07765,B144,2024-03-19,2024-04-18,48600.0,False,False,2024-04-26,8.0,paid
INV-00595,B012,2024-03-19,2024-05-03,69300.0,False,False,2024-05-21,18.0,paid
INV-08212,B154,2024-03-19,2024-05-03,58100.0,False,False,2024-05-03,0.0,paid
INV-11067,B200,2024-03-19,2024-04-18,23500.0,True,False,2024-06-24,67.0,paid
INV-09471,B175,2024-03-19,2024-04-18,30600.0,False,False,2024-04-08,-10.0,paid
INV-05017,B093,2024-03-19,2024-05-03,35700.0,False,True,2024-05-13,10.0,paid
INV-02488,B048,2024-03-20,2024-05-04,122900.0,False,False,2024-05-24,20.0,paid
INV-08941,B168,2024-03-20,2024-05-04,87900.0,False,False,2024-05-26,22.0,paid
INV-05094,B094,2024-03-20,2024-05-04,31100.0,False,False,2024-05-02,-2.0,paid
INV-00250,B005,2024-03-20,2024-04-19,53000.0,False,False,2024-04-22,3.0,paid
INV-06154,B108,2024-03-20,2024-04-19,7700.0,False,False,2024-04-25,6.0,paid
INV-05138,B095,2024-03-20,2024-05-04,40200.0,False,False,2024-05-20,16.0,paid
INV-00249,B005,2024-03-20,2024-04-19,50200.0,False,False,2024-04-09,-10.0,paid
INV-02745,B053,2024-03-20,2024-04-19,69800.0,False,True,2024-04-24,5.0,paid
INV-00918,B018,2024-03-20,2024-04-19,23200.0,False,False,2024-06-03,45.0,paid
INV-02864,B055,2024-03-20,2024-04-19,27500.0,False,False,2024-05-09,20.0,paid
INV-00551,B011,2024-03-20,2024-05-04,62500.0,False,True,2024-06-07,34.0,paid
INV-06455,B116,2024-03-20,2024-05-04,106900.0,False,False,2024-05-01,-3.0,paid
INV-05887,B104,2024-03-20,2024-04-19,86400.0,False,True,2024-04-26,7.0,paid
INV-06155,B108,2024-03-21,2024-04-20,16700.0,False,False,2024-05-05,15.0,paid
INV-00313,B006,2024-03-21,2024-05-05,90500.0,False,False,2024-05-19,14.0,paid
INV-08383,B158,2024-03-21,2024-05-05,18200.0,False,False,2024-06-16,42.0,paid
INV-04227,B081,2024-03-21,2024-04-20,34000.0,True,False,2024-06-11,52.0,paid
INV-12018,B216,2024-03-21,2024-05-05,14800.0,True,False,2024-07-18,74.0,paid
INV-08942,B168,2024-03-21,2024-05-05,156400.0,False,False,2024-06-06,32.0,paid
INV-03404,B067,2024-03-21,2024-04-20,91900.0,False,False,2024-04-15,-5.0,paid
INV-10474,B189,2024-03-21,2024-05-05,41700.0,False,False,2024-05-10,5.0,paid
INV-07634,B143,2024-03-21,2024-05-05,25000.0,False,False,2024-05-03,-2.0,paid
INV-05297,B097,2024-03-21,2024-04-20,52300.0,False,True,2024-05-08,18.0,paid
INV-09784,B180,2024-03-21,2024-04-20,10900.0,False,True,2024-05-26,36.0,paid
INV-04681,B088,2024-03-21,2024-04-20,39100.0,False,True,2024-04-30,10.0,paid
INV-02791,B054,2024-03-21,2024-04-20,15900.0,False,False,2024-04-17,-3.0,paid
INV-09084,B169,2024-03-21,2024-04-20,37200.0,False,False,2024-05-05,15.0,paid
INV-12086,B218,2024-03-21,2024-05-05,73900.0,False,False,2024-05-22,17.0,paid
INV-09472,B175,2024-03-21,2024-04-20,126100.0,False,False,2024-04-19,-1.0,paid
INV-01200,B021,2024-03-22,2024-05-06,15500.0,False,False,2024-05-28,22.0,paid
INV-01533,B027,2024-03-22,2024-04-21,46500.0,False,False,2024-05-25,34.0,paid
INV-11740,B212,2024-03-22,2024-05-06,122000.0,False,False,2024-05-03,-3.0,paid
INV-07198,B135,2024-03-22,2024-05-06,34200.0,False,False,2024-05-27,21.0,paid
INV-05555,B100,2024-03-22,2024-04-21,59100.0,False,False,2024-05-24,33.0,paid
INV-08279,B156,2024-03-22,2024-04-21,18000.0,False,False,2024-05-14,23.0,paid
INV-07766,B144,2024-03-22,2024-04-21,52200.0,False,False,2024-04-11,-10.0,paid
INV-06614,B120,2024-03-22,2024-05-06,18000.0,False,False,2024-05-22,16.0,paid
INV-00179,B003,2024-03-22,2024-04-21,18900.0,False,False,2024-05-07,16.0,paid
INV-12087,B218,2024-03-22,2024-05-06,65600.0,True,False,2024-06-02,27.0,paid
INV-06330,B112,2024-03-23,2024-05-07,36500.0,False,False,2024-05-05,-2.0,paid
INV-08336,B157,2024-03-23,2024-04-22,31200.0,False,False,2024-04-28,6.0,paid
INV-09085,B169,2024-03-23,2024-04-22,25300.0,False,False,2024-04-24,2.0,paid
INV-02865,B055,2024-03-23,2024-04-22,50600.0,False,False,2024-05-04,12.0,paid
INV-05018,B093,2024-03-23,2024-05-07,37000.0,False,True,2024-05-19,12.0,paid
INV-05019,B093,2024-03-23,2024-05-07,68600.0,False,False,2024-05-10,3.0,paid
INV-02703,B052,2024-03-23,2024-04-22,161700.0,False,False,2024-07-09,78.0,paid
INV-09868,B182,2024-03-23,2024-04-22,51900.0,False,False,2024-04-13,-9.0,paid
INV-04355,B084,2024-03-23,2024-05-07,14800.0,False,False,2024-06-10,34.0,paid
INV-09361,B174,2024-03-23,2024-04-22,83100.0,False,False,2024-04-24,2.0,paid
INV-05556,B100,2024-03-23,2024-04-22,50000.0,False,False,2024-05-14,22.0,paid
INV-10418,B188,2024-03-23,2024-04-22,40300.0,False,False,2024-05-09,17.0,paid
INV-01361,B024,2024-03-23,2024-04-22,274500.0,False,True,2024-04-12,-10.0,paid
INV-10231,B186,2024-03-24,2024-05-08,59200.0,False,False,2024-05-07,-1.0,paid
INV-10129,B185,2024-03-24,2024-05-08,219000.0,False,False,2024-06-11,34.0,paid
INV-05707,B101,2024-03-24,2024-05-08,46700.0,False,False,2024-10-11,156.0,paid
INV-01097,B020,2024-03-24,2024-04-23,79400.0,False,True,2024-05-17,24.0,paid
INV-11741,B212,2024-03-24,2024-05-08,93500.0,False,False,2024-05-16,8.0,paid
INV-09473,B175,2024-03-24,2024-04-23,72600.0,False,False,2024-04-21,-2.0,paid
INV-08337,B157,2024-03-24,2024-04-23,49300.0,False,True,2024-05-20,27.0,paid
INV-05298,B097,2024-03-24,2024-04-23,152400.0,False,False,2024-08-02,101.0,paid
INV-09163,B170,2024-03-24,2024-05-08,9200.0,False,False,2024-05-31,23.0,paid
INV-10989,B199,2024-03-24,2024-05-08,6500.0,False,False,2024-04-28,-10.0,paid
INV-00919,B018,2024-03-24,2024-04-23,15300.0,False,False,2024-06-10,48.0,paid
INV-10419,B188,2024-03-24,2024-04-23,7600.0,False,False,2024-04-25,2.0,paid
INV-00629,B013,2024-03-24,2024-05-08,7700.0,False,False,2024-06-02,25.0,paid
INV-04812,B089,2024-03-24,2024-04-23,26500.0,False,True,2024-04-30,7.0,paid
INV-07265,B136,2024-03-24,2024-04-23,59000.0,False,False,2024-04-14,-9.0,paid
INV-03109,B059,2024-03-24,2024-05-08,4200.0,False,False,2024-05-30,22.0,paid
INV-03959,B075,2024-03-25,2024-05-09,122000.0,False,False,2024-06-01,23.0,paid
INV-01503,B026,2024-03-25,2024-05-09,64500.0,True,True,2024-06-20,42.0,paid
INV-08028,B148,2024-03-25,2024-04-24,8900.0,False,False,2024-05-06,12.0,paid
INV-09244,B172,2024-03-25,2024-05-09,55700.0,False,False,2024-05-25,16.0,paid
INV-05411,B098,2024-03-25,2024-04-24,15700.0,False,False,2024-04-14,-10.0,paid
INV-05095,B094,2024-03-25,2024-05-09,25200.0,True,False,2024-05-12,3.0,paid
INV-00596,B012,2024-03-25,2024-05-09,51500.0,False,False,2024-05-22,13.0,paid
INV-10899,B197,2024-03-25,2024-05-09,180000.0,False,False,2024-05-16,7.0,paid
INV-06793,B123,2024-03-25,2024-05-09,81800.0,False,True,2024-06-24,46.0,paid
INV-06867,B126,2024-03-25,2024-05-09,163000.0,True,False,2024-05-28,19.0,paid
INV-04112,B078,2024-03-25,2024-04-24,14100.0,False,False,2024-04-22,-2.0,paid
INV-04682,B088,2024-03-25,2024-04-24,62300.0,False,False,2024-04-26,2.0,paid
INV-08521,B161,2024-03-26,2024-04-25,100600.0,False,True,2024-05-29,34.0,paid
INV-01100,B020,2024-03-26,2024-04-25,90900.0,False,False,2024-05-18,23.0,paid
INV-01098,B020,2024-03-26,2024-04-25,113600.0,False,False,2024-05-21,26.0,paid
INV-01099,B020,2024-03-26,2024-04-25,66900.0,False,False,2024-05-18,23.0,paid
INV-06615,B120,2024-03-26,2024-05-10,34400.0,False,True,2024-05-27,17.0,paid
INV-07367,B138,2024-03-26,2024-04-25,47500.0,False,False,2024-05-02,7.0,paid
INV-07295,B137,2024-03-26,2024-05-10,66800.0,False,False,2024-05-04,-6.0,paid
INV-05888,B104,2024-03-26,2024-04-25,156000.0,False,False,2024-05-05,10.0,paid
INV-06412,B115,2024-03-26,2024-05-10,31700.0,False,False,2024-05-16,6.0,paid
INV-05300,B097,2024-03-26,2024-04-25,43200.0,False,False,2024-05-02,7.0,paid
INV-00552,B011,2024-03-26,2024-05-10,39900.0,False,False,2024-06-17,38.0,paid
INV-05299,B097,2024-03-26,2024-04-25,27800.0,False,False,2024-04-22,-3.0,paid
INV-12088,B218,2024-03-26,2024-05-10,57800.0,False,True,2024-05-31,21.0,paid
INV-03902,B074,2024-03-26,2024-04-25,6100.0,False,False,2024-04-30,5.0,paid
INV-03405,B067,2024-03-27,2024-04-26,60300.0,False,False,2024-04-16,-10.0,paid
INV-03541,B068,2024-03-27,2024-04-26,33600.0,False,False,2024-04-16,-10.0,paid
INV-07145,B134,2024-03-27,2024-05-11,134400.0,False,False,2024-06-08,28.0,paid
INV-05020,B093,2024-03-27,2024-05-11,39400.0,False,False,2024-05-08,-3.0,paid
INV-10774,B195,2024-03-27,2024-04-26,4400.0,False,False,2024-05-23,27.0,paid
INV-02611,B051,2024-03-27,2024-04-26,47500.0,False,False,2024-05-06,10.0,paid
INV-03143,B060,2024-03-27,2024-05-11,35600.0,False,False,2024-05-16,5.0,paid
INV-09869,B182,2024-03-27,2024-04-26,57400.0,False,False,2024-04-16,-10.0,paid
INV-00251,B005,2024-03-27,2024-04-26,31500.0,False,False,2024-04-27,1.0,paid
INV-08769,B164,2024-03-27,2024-05-11,13600.0,False,False,2024-05-25,14.0,paid
INV-00920,B018,2024-03-27,2024-04-26,43800.0,False,False,2024-06-03,38.0,paid
INV-09786,B180,2024-03-27,2024-04-26,33600.0,False,False,2024-05-16,20.0,paid
INV-09086,B169,2024-03-27,2024-04-26,45300.0,False,False,2024-05-13,17.0,paid
INV-10629,B192,2024-03-27,2024-05-11,14300.0,False,True,2024-05-18,7.0,paid
INV-00314,B006,2024-03-27,2024-05-11,131000.0,False,False,2024-05-29,18.0,paid
INV-08522,B161,2024-03-27,2024-04-26,98200.0,False,False,2024-05-05,9.0,paid
INV-08523,B161,2024-03-27,2024-04-26,140800.0,False,True,2024-05-11,15.0,paid
INV-09785,B180,2024-03-27,2024-04-26,18800.0,False,False,2024-05-26,30.0,paid
INV-10475,B189,2024-03-27,2024-05-11,72500.0,False,False,2024-05-24,13.0,paid
INV-08280,B156,2024-03-28,2024-04-27,10100.0,False,False,2024-05-16,19.0,paid
INV-03406,B067,2024-03-28,2024-04-27,96300.0,False,False,2024-05-04,7.0,paid
INV-10775,B195,2024-03-28,2024-04-27,14200.0,False,False,2024-05-15,18.0,paid
INV-06156,B108,2024-03-28,2024-04-27,15800.0,False,False,2024-05-18,21.0,paid
INV-11663,B211,2024-03-28,2024-05-12,267200.0,False,False,2024-06-23,42.0,paid
INV-05021,B093,2024-03-28,2024-05-12,31300.0,False,False,2024-05-11,-1.0,paid
INV-01612,B029,2024-03-28,2024-05-12,39200.0,False,False,2024-05-30,18.0,paid
INV-00921,B018,2024-03-28,2024-04-27,25300.0,False,True,2024-06-22,56.0,paid
INV-03787,B072,2024-03-28,2024-04-27,25800.0,False,False,2024-05-09,12.0,paid
INV-07368,B138,2024-03-28,2024-04-27,46000.0,False,False,2024-04-28,1.0,paid
INV-03364,B066,2024-03-28,2024-05-12,92300.0,False,False,2024-06-06,25.0,paid
INV-04228,B081,2024-03-28,2024-04-27,26400.0,False,False,2024-09-23,149.0,paid
INV-10990,B199,2024-03-28,2024-05-12,7300.0,False,True,2024-05-10,-2.0,paid
INV-10420,B188,2024-03-28,2024-04-27,20500.0,False,False,2024-05-10,13.0,paid
INV-00413,B008,2024-03-28,2024-05-12,42200.0,False,False,2024-05-15,3.0,paid
INV-10337,B187,2024-03-28,2024-04-27,78900.0,False,False,2024-05-22,25.0,paid
INV-04813,B089,2024-03-28,2024-04-27,42100.0,False,False,2024-04-24,-3.0,paid
INV-08029,B148,2024-03-28,2024-04-27,8200.0,False,False,2024-05-05,8.0,paid
INV-03185,B061,2024-03-28,2024-04-27,9800.0,False,False,2024-04-17,-10.0,paid
INV-02439,B047,2024-03-29,2024-04-28,301600.0,False,False,2024-08-19,113.0,paid
INV-01796,B033,2024-03-29,2024-05-13,11500.0,False,False,2024-06-07,25.0,paid
INV-00686,B014,2024-03-29,2024-04-28,149500.0,False,False,2024-05-06,8.0,paid
INV-00369,B007,2024-03-29,2024-04-28,136400.0,False,False,2024-05-08,10.0,paid
INV-01866,B035,2024-03-29,2024-05-13,73300.0,False,True,2024-06-01,19.0,paid
INV-11578,B209,2024-03-29,2024-05-13,119100.0,False,False,2024-05-25,12.0,paid
INV-09474,B175,2024-03-29,2024-04-28,107900.0,False,True,2024-05-04,6.0,paid
INV-03626,B069,2024-03-29,2024-04-28,46000.0,False,False,2024-05-30,32.0,paid
INV-05139,B095,2024-03-29,2024-05-13,37100.0,False,False,2024-05-13,0.0,paid
INV-04599,B087,2024-03-29,2024-05-13,9100.0,False,False,2024-05-07,-6.0,paid
INV-02285,B043,2024-03-29,2024-05-13,18600.0,False,False,2024-06-13,31.0,paid
INV-08129,B150,2024-03-29,2024-05-13,68200.0,False,False,2024-06-06,24.0,paid
INV-12019,B216,2024-03-30,2024-05-14,7100.0,False,False,2024-05-16,2.0,paid
INV-09245,B172,2024-03-30,2024-05-14,66900.0,False,True,2024-06-09,26.0,paid
INV-09246,B172,2024-03-30,2024-05-14,40400.0,False,True,2024-05-28,14.0,paid
INV-07635,B143,2024-03-30,2024-05-14,10900.0,False,False,2024-05-08,-6.0,paid
INV-03110,B059,2024-03-30,2024-05-14,3000.0,False,False,2024-06-05,22.0,paid
INV-08700,B163,2024-03-31,2024-04-30,34000.0,False,False,2024-05-13,13.0,paid
INV-04478,B086,2024-03-31,2024-05-15,72800.0,False,False,2024-05-09,-6.0,paid
INV-07767,B144,2024-03-31,2024-04-30,38500.0,False,False,2024-04-20,-10.0,paid
INV-05140,B095,2024-03-31,2024-05-15,34400.0,False,False,2024-05-29,14.0,paid
INV-00759,B015,2024-03-31,2024-04-30,84700.0,False,False,2024-09-15,138.0,paid
INV-03407,B067,2024-03-31,2024-04-30,115600.0,False,False,2024-04-26,-4.0,paid
INV-08384,B158,2024-03-31,2024-05-15,19200.0,False,False,2024-07-01,47.0,paid
INV-02383,B046,2024-03-31,2024-05-15,8300.0,False,False,2024-06-03,19.0,paid
INV-10532,B190,2024-03-31,2024-05-15,74600.0,False,False,2024-06-15,31.0,paid
INV-02260,B042,2024-03-31,2024-04-30,135600.0,False,False,2024-05-18,18.0,paid
INV-02704,B052,2024-03-31,2024-04-30,48500.0,False,False,2024-08-09,101.0,paid
INV-09247,B172,2024-03-31,2024-05-15,44300.0,False,False,2024-05-25,10.0,paid
INV-10849,B196,2024-04-01,2024-05-01,34700.0,False,False,2024-05-30,29.0,paid
INV-04479,B086,2024-04-01,2024-05-16,144800.0,False,False,2024-05-08,-8.0,paid
INV-05709,B101,2024-04-01,2024-05-16,125500.0,False,False,2024-06-17,32.0,paid
INV-03065,B058,2024-04-01,2024-05-16,256100.0,True,False,2024-07-28,73.0,paid
INV-05708,B101,2024-04-01,2024-05-16,41100.0,False,False,2024-06-10,25.0,paid
INV-11224,B203,2024-04-01,2024-05-01,8700.0,False,False,2024-05-30,29.0,paid
INV-05837,B103,2024-04-01,2024-05-16,53100.0,False,True,2024-05-31,15.0,paid
INV-01797,B033,2024-04-01,2024-05-16,27100.0,False,False,2024-06-24,39.0,paid
INV-06413,B115,2024-04-01,2024-05-16,56800.0,False,True,2024-05-31,15.0,paid
INV-04356,B084,2024-04-01,2024-05-16,18200.0,False,False,2024-06-23,38.0,paid
INV-08524,B161,2024-04-01,2024-05-01,82200.0,False,False,2024-05-16,15.0,paid
INV-08252,B155,2024-04-01,2024-05-16,6700.0,False,False,2024-05-11,-5.0,paid
INV-10937,B198,2024-04-01,2024-05-16,8100.0,False,False,2024-06-30,45.0,paid
INV-11742,B212,2024-04-01,2024-05-16,27200.0,False,False,2024-05-07,-9.0,paid
INV-11161,B201,2024-04-01,2024-05-16,24100.0,False,False,2024-06-27,42.0,paid
INV-10630,B192,2024-04-01,2024-05-16,22900.0,False,False,2024-05-08,-8.0,paid
INV-01043,B019,2024-04-01,2024-05-01,15700.0,False,False,2024-07-03,63.0,paid
INV-07199,B135,2024-04-02,2024-05-17,89300.0,False,False,2024-06-03,17.0,paid
INV-09573,B176,2024-04-02,2024-05-17,12400.0,False,False,2024-06-09,23.0,paid
INV-06511,B118,2024-04-02,2024-05-02,12100.0,False,False,2024-05-29,27.0,paid
INV-00466,B009,2024-04-02,2024-05-17,46800.0,False,True,2024-06-03,17.0,paid
INV-06893,B127,2024-04-02,2024-05-02,43500.0,False,False,2024-05-25,23.0,paid
INV-08281,B156,2024-04-02,2024-05-02,18800.0,False,False,2024-05-12,10.0,paid
INV-09574,B176,2024-04-02,2024-05-17,14200.0,False,False,2024-06-14,28.0,paid
INV-05838,B103,2024-04-03,2024-05-18,41500.0,False,False,2024-05-23,5.0,paid
INV-09675,B178,2024-04-03,2024-05-03,30900.0,False,True,2024-06-07,35.0,paid
INV-10631,B192,2024-04-03,2024-05-18,12800.0,False,False,2024-05-08,-10.0,paid
INV-01944,B037,2024-04-03,2024-05-18,97800.0,False,False,2024-05-16,-2.0,paid
INV-11743,B212,2024-04-03,2024-05-18,105500.0,False,False,2024-06-06,19.0,paid
INV-00687,B014,2024-04-03,2024-05-03,97800.0,False,False,2024-05-04,1.0,paid
INV-10338,B187,2024-04-04,2024-05-04,78500.0,False,False,2024-05-20,16.0,paid
INV-07768,B144,2024-04-04,2024-05-04,37300.0,False,False,2024-04-24,-10.0,paid
INV-03408,B067,2024-04-04,2024-05-04,68300.0,False,False,2024-04-25,-9.0,paid
INV-02936,B056,2024-04-04,2024-05-19,55000.0,False,False,2024-06-12,24.0,paid
INV-11068,B200,2024-04-04,2024-05-04,17300.0,False,True,2024-06-09,36.0,paid
INV-02792,B054,2024-04-04,2024-05-04,18300.0,False,False,2024-04-29,-5.0,paid
INV-11363,B205,2024-04-04,2024-05-19,28500.0,False,True,2024-05-29,10.0,paid
INV-00760,B015,2024-04-04,2024-05-04,114600.0,False,False,2024-04-30,-4.0,paid
INV-06157,B108,2024-04-04,2024-05-04,11300.0,False,False,2024-05-01,-3.0,paid
INV-01437,B025,2024-04-04,2024-05-19,14600.0,False,False,2024-06-24,36.0,paid
INV-03627,B069,2024-04-05,2024-05-05,67200.0,False,False,2024-06-04,30.0,paid
INV-09303,B173,2024-04-05,2024-05-20,112100.0,False,False,2024-06-01,12.0,paid
INV-09870,B182,2024-04-05,2024-05-05,86000.0,True,False,2024-06-11,37.0,paid
INV-02092,B039,2024-04-05,2024-05-20,9000.0,False,False,2024-05-31,11.0,paid
INV-05790,B102,2024-04-05,2024-05-20,18800.0,False,False,2024-05-10,-10.0,paid
INV-10690,B193,2024-04-05,2024-05-20,31000.0,False,False,2024-06-07,18.0,paid
INV-00630,B013,2024-04-05,2024-05-20,9700.0,True,False,2024-07-08,49.0,paid
INV-04480,B086,2024-04-05,2024-05-20,212300.0,False,False,2024-05-25,5.0,paid
INV-01672,B030,2024-04-05,2024-05-05,63200.0,False,False,2024-04-25,-10.0,paid
INV-04481,B086,2024-04-05,2024-05-20,453100.0,False,False,2024-05-20,0.0,paid
INV-06616,B120,2024-04-05,2024-05-20,48200.0,False,False,2024-05-25,5.0,paid
INV-11364,B205,2024-04-05,2024-05-20,74600.0,False,False,2024-05-26,6.0,paid
INV-07636,B143,2024-04-05,2024-05-20,9200.0,False,True,2024-05-31,11.0,paid
INV-04482,B086,2024-04-05,2024-05-20,217400.0,True,False,2024-06-11,22.0,paid
INV-02019,B038,2024-04-05,2024-05-05,44100.0,False,False,2024-05-28,23.0,paid
INV-11192,B202,2024-04-05,2024-05-05,3800.0,True,False,2024-07-11,67.0,paid
INV-01101,B020,2024-04-05,2024-05-05,73500.0,False,False,2024-05-25,20.0,paid
INV-08856,B167,2024-04-05,2024-05-05,50000.0,False,False,2024-05-20,15.0,paid
INV-02363,B045,2024-04-06,2024-05-21,14000.0,False,False,2024-06-02,12.0,paid
INV-06512,B118,2024-04-06,2024-05-06,14800.0,False,False,2024-06-06,31.0,paid
INV-11225,B203,2024-04-06,2024-05-06,3800.0,False,True,2024-06-03,28.0,paid
INV-09087,B169,2024-04-06,2024-05-06,56700.0,False,False,2024-05-13,7.0,paid
INV-00089,B002,2024-04-06,2024-05-06,113600.0,False,False,2024-05-10,4.0,paid
INV-00370,B007,2024-04-06,2024-05-06,114000.0,False,False,2024-05-15,9.0,paid
INV-02937,B056,2024-04-06,2024-05-21,166500.0,False,False,2024-06-04,14.0,paid
INV-08525,B161,2024-04-06,2024-05-06,50000.0,False,False,2024-05-27,21.0,paid
INV-02489,B048,2024-04-06,2024-05-21,98400.0,False,False,2024-06-25,35.0,paid
INV-08943,B168,2024-04-06,2024-05-21,77700.0,False,False,2024-06-07,17.0,paid
INV-01613,B029,2024-04-06,2024-05-21,30800.0,False,False,2024-05-27,6.0,paid
INV-00761,B015,2024-04-06,2024-05-06,49900.0,False,False,2024-05-06,0.0,paid
INV-08338,B157,2024-04-06,2024-05-06,25500.0,False,False,2024-06-05,30.0,paid
INV-07436,B139,2024-04-06,2024-05-06,34600.0,False,False,2024-05-25,19.0,paid
INV-09475,B175,2024-04-06,2024-05-06,107200.0,False,False,2024-04-30,-6.0,paid
INV-04600,B087,2024-04-06,2024-05-21,27100.0,False,False,2024-05-23,2.0,paid
INV-10594,B191,2024-04-06,2024-05-06,19800.0,False,False,2024-05-20,14.0,paid
INV-04296,B082,2024-04-07,2024-05-22,38900.0,False,False,2024-05-26,4.0,paid
INV-11162,B201,2024-04-07,2024-05-22,14700.0,False,False,2024-06-23,32.0,paid
INV-08385,B158,2024-04-07,2024-05-22,33400.0,False,False,2024-06-29,38.0,paid
INV-03542,B068,2024-04-07,2024-05-07,93700.0,False,False,2024-04-27,-10.0,paid
INV-04483,B086,2024-04-07,2024-05-22,268800.0,False,False,2024-05-18,-4.0,paid
INV-03250,B063,2024-04-07,2024-05-07,19500.0,False,False,2024-05-25,18.0,paid
INV-08386,B158,2024-04-07,2024-05-22,21000.0,False,False,2024-07-10,49.0,paid
INV-10776,B195,2024-04-07,2024-05-07,9300.0,True,True,2024-07-01,55.0,paid
INV-08130,B150,2024-04-07,2024-05-22,46600.0,False,False,2024-06-10,19.0,paid
INV-01240,B022,2024-04-07,2024-05-07,9400.0,False,False,2024-06-19,43.0,paid
INV-06092,B107,2024-04-07,2024-05-22,74600.0,False,True,2024-06-04,13.0,paid
INV-01945,B037,2024-04-07,2024-05-22,451800.0,False,False,2024-05-20,-2.0,paid
INV-01614,B029,2024-04-07,2024-05-22,70800.0,False,False,2024-06-10,19.0,paid
INV-00490,B010,2024-04-08,2024-05-23,6500.0,False,False,2024-05-30,7.0,paid
INV-06158,B108,2024-04-08,2024-05-08,19100.0,False,False,2024-05-13,5.0,paid
INV-05557,B100,2024-04-08,2024-05-08,23900.0,False,False,2024-09-24,139.0,paid
INV-10232,B186,2024-04-08,2024-05-23,43800.0,False,False,2024-05-24,1.0,paid
INV-11551,B208,2024-04-08,2024-05-08,74400.0,False,False,2024-06-05,28.0,paid
INV-08339,B157,2024-04-09,2024-05-09,25500.0,True,False,2024-06-26,48.0,paid
INV-09476,B175,2024-04-09,2024-05-09,69500.0,False,True,2024-05-15,6.0,paid
INV-04814,B089,2024-04-09,2024-05-09,34600.0,False,False,2024-05-15,6.0,paid
INV-05477,B099,2024-04-09,2024-05-09,308300.0,False,False,2024-06-04,26.0,paid
INV-09745,B179,2024-04-09,2024-05-09,19200.0,False,False,2024-06-22,44.0,paid
INV-05412,B098,2024-04-09,2024-05-09,10200.0,False,False,2024-04-29,-10.0,paid
INV-10850,B196,2024-04-09,2024-05-09,39500.0,False,False,2024-06-08,30.0,paid
INV-07369,B138,2024-04-09,2024-05-09,43300.0,False,False,2024-05-11,2.0,paid
INV-01673,B030,2024-04-09,2024-05-09,173700.0,False,False,2024-05-07,-2.0,paid
INV-08661,B162,2024-04-09,2024-05-09,28700.0,False,False,2024-06-12,34.0,paid
INV-04967,B092,2024-04-09,2024-05-24,20600.0,False,True,2024-05-29,5.0,paid
INV-05022,B093,2024-04-09,2024-05-24,52000.0,False,False,2024-05-21,-3.0,paid
INV-11579,B209,2024-04-09,2024-05-24,154800.0,False,False,2024-06-11,18.0,paid
INV-06996,B131,2024-04-09,2024-05-24,32400.0,True,True,2024-07-02,39.0,paid
INV-02286,B043,2024-04-10,2024-05-25,47300.0,False,False,2024-07-05,41.0,paid
INV-03066,B058,2024-04-10,2024-05-25,87600.0,False,False,2024-06-28,34.0,paid
INV-01556,B028,2024-04-10,2024-05-25,13700.0,False,False,2024-06-21,27.0,paid
INV-00006,B000,2024-04-10,2024-05-25,22500.0,False,False,2024-06-14,20.0,paid
INV-10851,B196,2024-04-10,2024-05-10,20800.0,False,False,2024-10-15,158.0,paid
INV-03211,B062,2024-04-10,2024-05-25,12000.0,False,False,2024-07-04,40.0,paid
INV-06997,B131,2024-04-10,2024-05-25,75300.0,False,False,2024-06-02,8.0,paid
INV-08526,B161,2024-04-10,2024-05-10,68900.0,False,True,2024-06-01,22.0,paid
INV-06847,B125,2024-04-10,2024-05-25,11500.0,False,False,2024-05-30,5.0,paid
INV-05209,B096,2024-04-11,2024-05-26,46500.0,False,False,2024-06-30,35.0,paid
INV-06929,B129,2024-04-11,2024-05-26,26300.0,False,False,2024-05-20,-6.0,paid
INV-06032,B105,2024-04-11,2024-05-11,64500.0,False,True,2024-05-19,8.0,paid
INV-06077,B106,2024-04-11,2024-05-26,53300.0,False,False,2024-06-13,18.0,paid
INV-09871,B182,2024-04-11,2024-05-11,39700.0,False,True,2024-05-23,12.0,paid
INV-10991,B199,2024-04-11,2024-05-26,5600.0,False,False,2024-05-16,-10.0,paid
INV-10777,B195,2024-04-11,2024-05-11,10100.0,False,False,2024-06-08,28.0,paid
INV-01044,B019,2024-04-11,2024-05-11,35200.0,False,False,2024-06-28,48.0,paid
INV-03365,B066,2024-04-11,2024-05-26,57400.0,False,False,2024-06-03,8.0,paid
INV-03317,B065,2024-04-11,2024-05-11,45800.0,False,True,2024-05-31,20.0,paid
INV-00553,B011,2024-04-11,2024-05-26,15500.0,False,False,2024-06-14,19.0,paid
INV-02938,B056,2024-04-12,2024-05-27,48100.0,False,False,2024-06-10,14.0,paid
INV-04878,B090,2024-04-12,2024-05-27,248200.0,False,False,2024-06-05,9.0,paid
INV-07370,B138,2024-04-12,2024-05-12,71500.0,False,False,2024-05-14,2.0,paid
INV-07371,B138,2024-04-12,2024-05-12,46100.0,False,False,2024-05-21,9.0,paid
INV-07607,B142,2024-04-12,2024-05-12,136000.0,True,False,2024-07-21,70.0,paid
INV-02562,B050,2024-04-12,2024-05-12,27300.0,False,False,2024-06-08,27.0,paid
INV-08253,B155,2024-04-12,2024-05-27,16000.0,False,False,2024-05-29,2.0,paid
INV-07200,B135,2024-04-12,2024-05-27,36600.0,False,False,2024-06-23,27.0,paid
INV-10233,B186,2024-04-12,2024-05-27,32500.0,False,True,2024-06-10,14.0,paid
INV-10778,B195,2024-04-12,2024-05-12,9900.0,False,False,2024-06-03,22.0,paid
INV-10130,B185,2024-04-12,2024-05-27,141500.0,False,True,2024-07-14,48.0,paid
INV-05023,B093,2024-04-12,2024-05-27,64900.0,False,False,2024-06-06,10.0,paid
INV-02384,B046,2024-04-12,2024-05-27,18100.0,False,False,2024-06-19,23.0,paid
INV-08701,B163,2024-04-13,2024-05-13,32100.0,False,False,2024-05-30,17.0,paid
INV-06723,B121,2024-04-13,2024-05-28,145300.0,False,True,2024-07-03,36.0,paid
INV-04357,B084,2024-04-13,2024-05-28,19500.0,False,False,2024-06-27,30.0,paid
INV-02612,B051,2024-04-13,2024-05-13,69900.0,False,False,2024-05-29,16.0,paid
INV-05413,B098,2024-04-13,2024-05-13,13100.0,False,False,2024-05-03,-10.0,paid
INV-01867,B035,2024-04-13,2024-05-28,52100.0,True,False,2024-07-12,45.0,paid
INV-10779,B195,2024-04-13,2024-05-13,13500.0,False,False,2024-06-11,29.0,paid
INV-06159,B108,2024-04-13,2024-05-13,11300.0,False,False,2024-05-27,14.0,paid
INV-01362,B024,2024-04-13,2024-05-13,152100.0,False,False,2024-05-08,-5.0,paid
INV-05791,B102,2024-04-13,2024-05-28,12500.0,False,False,2024-05-18,-10.0,paid
INV-09088,B169,2024-04-13,2024-05-13,63000.0,False,False,2024-05-24,11.0,paid
INV-04683,B088,2024-04-14,2024-05-14,30400.0,False,False,2024-05-05,-9.0,paid
INV-05889,B104,2024-04-14,2024-05-14,77000.0,False,False,2024-05-04,-10.0,paid
INV-08185,B152,2024-04-14,2024-05-29,261000.0,False,False,2024-06-16,18.0,paid
INV-05301,B097,2024-04-14,2024-05-14,40100.0,False,False,2024-07-30,77.0,paid
INV-03859,B073,2024-04-14,2024-05-29,138300.0,False,False,2024-06-24,26.0,paid
INV-05792,B102,2024-04-14,2024-05-29,36900.0,False,False,2024-05-19,-10.0,paid
INV-08944,B168,2024-04-14,2024-05-29,48300.0,False,False,2024-06-20,22.0,paid
INV-00467,B009,2024-04-14,2024-05-29,71000.0,False,False,2024-06-07,9.0,paid
INV-06617,B120,2024-04-14,2024-05-29,50800.0,False,False,2024-06-03,5.0,paid
INV-04113,B078,2024-04-15,2024-05-15,14500.0,False,False,2024-05-23,8.0,paid
INV-08282,B156,2024-04-15,2024-05-15,11600.0,False,False,2024-06-02,18.0,paid
INV-09872,B182,2024-04-15,2024-05-15,36900.0,False,False,2024-05-21,6.0,paid
INV-10780,B195,2024-04-15,2024-05-15,9500.0,False,False,2024-06-05,21.0,paid
INV-00252,B005,2024-04-15,2024-05-15,19900.0,False,False,2024-05-05,-10.0,paid
INV-03543,B068,2024-04-15,2024-05-15,93000.0,False,False,2024-05-05,-10.0,paid
INV-04358,B084,2024-04-15,2024-05-30,17000.0,False,False,2024-07-06,37.0,paid
INV-10339,B187,2024-04-15,2024-05-15,95800.0,False,True,2024-06-19,35.0,paid
INV-05890,B104,2024-04-16,2024-05-16,122900.0,True,False,2024-06-24,39.0,paid
INV-04114,B078,2024-04-16,2024-05-16,13400.0,False,False,2024-05-16,0.0,paid
INV-06868,B126,2024-04-16,2024-05-31,86700.0,False,False,2024-05-28,-3.0,paid
INV-07967,B147,2024-04-16,2024-05-16,24600.0,False,False,2024-06-11,26.0,paid
INV-11944,B213,2024-04-16,2024-05-31,9900.0,False,False,2024-05-25,-6.0,paid
INV-03144,B060,2024-04-16,2024-05-31,37800.0,False,False,2024-06-10,10.0,paid
INV-10131,B185,2024-04-16,2024-05-31,104000.0,False,False,2024-07-03,33.0,paid
INV-06456,B116,2024-04-16,2024-05-31,82200.0,True,False,2024-06-25,25.0,paid
INV-07437,B139,2024-04-16,2024-05-16,55200.0,False,False,2024-06-06,21.0,paid
INV-12059,B217,2024-04-16,2024-05-31,28700.0,False,False,2024-06-16,16.0,paid
INV-00315,B006,2024-04-16,2024-05-31,137100.0,False,False,2024-06-13,13.0,paid
INV-08857,B167,2024-04-16,2024-05-16,19400.0,False,False,2024-05-18,2.0,paid
INV-00468,B009,2024-04-16,2024-05-31,39600.0,False,False,2024-06-18,18.0,paid
INV-03251,B063,2024-04-16,2024-05-16,42800.0,False,False,2024-05-28,12.0,paid
INV-09787,B180,2024-04-16,2024-05-16,10500.0,False,False,2024-06-09,24.0,paid
INV-07637,B143,2024-04-17,2024-06-01,18700.0,False,False,2024-06-07,6.0,paid
INV-07438,B139,2024-04-17,2024-05-17,25900.0,True,False,2024-06-29,43.0,paid
INV-08702,B163,2024-04-17,2024-05-17,41800.0,True,True,2024-07-11,55.0,paid
INV-07769,B144,2024-04-17,2024-05-17,69900.0,False,False,2024-05-07,-10.0,paid
INV-10992,B199,2024-04-17,2024-06-01,21500.0,False,False,2024-06-03,2.0,paid
INV-01438,B025,2024-04-17,2024-06-01,10300.0,False,False,2024-06-23,22.0,paid
INV-09089,B169,2024-04-17,2024-05-17,14100.0,False,False,2024-05-22,5.0,paid
INV-09362,B174,2024-04-17,2024-05-17,24700.0,False,False,2024-05-25,8.0,paid
INV-05024,B093,2024-04-18,2024-06-02,66900.0,False,False,2024-06-13,11.0,paid
INV-03704,B070,2024-04-18,2024-06-02,79600.0,False,False,2024-06-18,16.0,paid
INV-10234,B186,2024-04-18,2024-06-02,87200.0,False,False,2024-06-23,21.0,paid
INV-07146,B134,2024-04-18,2024-06-02,95000.0,False,False,2024-07-02,30.0,paid
INV-06560,B119,2024-04-18,2024-05-18,66200.0,False,False,2024-05-08,-10.0,paid
INV-01439,B025,2024-04-18,2024-06-02,16200.0,False,False,2024-06-28,26.0,paid
INV-11744,B212,2024-04-18,2024-06-02,84500.0,False,False,2024-06-13,11.0,paid
INV-07638,B143,2024-04-18,2024-06-02,22100.0,False,False,2024-06-13,11.0,paid
INV-02239,B041,2024-04-18,2024-06-02,22200.0,False,False,2024-06-18,16.0,paid
INV-00554,B011,2024-04-18,2024-06-02,23300.0,True,False,2024-08-01,60.0,paid
INV-06457,B116,2024-04-18,2024-06-02,466800.0,False,False,2024-06-19,17.0,paid
INV-11299,B204,2024-04-18,2024-05-18,75300.0,True,False,2024-06-25,38.0,paid
INV-07439,B139,2024-04-18,2024-05-18,37400.0,False,False,2024-06-01,14.0,paid
INV-00007,B000,2024-04-19,2024-06-03,10700.0,False,False,2024-06-03,0.0,paid
INV-00414,B008,2024-04-19,2024-06-03,46900.0,False,False,2024-06-24,21.0,paid
INV-03041,B057,2024-04-19,2024-05-19,109600.0,False,False,2024-05-20,1.0,paid
INV-12089,B218,2024-04-19,2024-06-03,174800.0,False,False,2024-06-24,21.0,paid
INV-05302,B097,2024-04-19,2024-05-19,60700.0,False,False,2024-05-27,8.0,paid
INV-04684,B088,2024-04-19,2024-05-19,22400.0,False,False,2024-05-20,1.0,paid
INV-00922,B018,2024-04-19,2024-05-19,23600.0,False,False,2024-07-02,44.0,paid
INV-06414,B115,2024-04-19,2024-06-03,52100.0,False,False,2024-06-30,27.0,paid
INV-06831,B124,2024-04-19,2024-06-03,15800.0,False,False,2024-06-07,4.0,paid
INV-01201,B021,2024-04-20,2024-06-04,13900.0,False,False,2024-06-04,0.0,paid
INV-03042,B057,2024-04-20,2024-05-20,89500.0,False,False,2024-05-10,-10.0,paid
INV-06832,B124,2024-04-20,2024-06-04,12300.0,False,False,2024-05-28,-7.0,paid
INV-03409,B067,2024-04-20,2024-05-20,53400.0,False,False,2024-05-10,-10.0,paid
INV-07296,B137,2024-04-20,2024-06-04,56700.0,False,True,2024-06-18,14.0,paid
INV-01440,B025,2024-04-20,2024-06-04,7600.0,False,False,2024-07-04,30.0,paid
INV-01615,B029,2024-04-20,2024-06-04,38600.0,False,False,2024-06-22,18.0,paid
INV-11226,B203,2024-04-20,2024-05-20,5500.0,False,False,2024-06-19,30.0,paid
INV-09090,B169,2024-04-20,2024-05-20,48500.0,False,False,2024-06-01,12.0,paid
INV-01363,B024,2024-04-20,2024-05-20,115500.0,False,False,2024-05-10,-10.0,paid
INV-03212,B062,2024-04-21,2024-06-05,6900.0,False,False,2024-07-15,40.0,paid
INV-04968,B092,2024-04-21,2024-06-05,27300.0,False,False,2024-05-31,-5.0,paid
INV-12090,B218,2024-04-21,2024-06-05,50700.0,False,False,2024-06-18,13.0,paid
INV-04086,B077,2024-04-21,2024-06-05,28800.0,False,False,2024-06-06,1.0,paid
INV-10132,B185,2024-04-21,2024-06-05,153100.0,False,False,2024-07-25,50.0,paid
INV-00631,B013,2024-04-21,2024-06-05,17700.0,False,False,2024-07-07,32.0,paid
INV-10421,B188,2024-04-22,2024-05-22,17200.0,False,False,2024-06-03,12.0,paid
INV-10632,B192,2024-04-22,2024-06-06,13800.0,False,False,2024-05-27,-10.0,paid
INV-04815,B089,2024-04-22,2024-05-22,26500.0,False,False,2024-05-13,-9.0,paid
INV-09976,B183,2024-04-22,2024-06-06,124800.0,False,False,2024-07-11,35.0,paid
INV-03318,B065,2024-04-22,2024-05-22,88300.0,False,True,2024-06-19,28.0,paid
INV-00253,B005,2024-04-22,2024-05-22,49500.0,False,True,2024-06-04,13.0,paid
INV-10340,B187,2024-04-22,2024-05-22,65600.0,False,False,2024-06-19,28.0,paid
INV-04115,B078,2024-04-22,2024-05-22,8400.0,False,False,2024-05-25,3.0,paid
INV-06160,B108,2024-04-22,2024-05-22,9600.0,False,False,2024-06-03,12.0,paid
INV-02093,B039,2024-04-22,2024-06-06,13400.0,False,False,2024-06-22,16.0,paid
INV-07201,B135,2024-04-22,2024-06-06,36200.0,False,False,2024-06-24,18.0,paid
INV-06912,B128,2024-04-22,2024-06-06,62100.0,False,True,2024-06-10,4.0,paid
INV-11664,B211,2024-04-22,2024-06-06,266800.0,True,False,2024-08-14,69.0,paid
INV-04685,B088,2024-04-22,2024-05-22,27200.0,False,False,2024-05-24,2.0,paid
INV-02240,B041,2024-04-23,2024-06-07,62600.0,False,False,2024-06-30,23.0,paid
INV-07639,B143,2024-04-23,2024-06-07,10300.0,False,False,2024-06-03,-4.0,paid
INV-08945,B168,2024-04-23,2024-06-07,39400.0,False,False,2024-07-02,25.0,paid
INV-00316,B006,2024-04-23,2024-06-07,102900.0,False,False,2024-07-10,33.0,paid
INV-03366,B066,2024-04-23,2024-06-07,38600.0,False,False,2024-06-28,21.0,paid
INV-07372,B138,2024-04-23,2024-05-23,65300.0,False,False,2024-05-29,6.0,paid
INV-06618,B120,2024-04-23,2024-06-07,32500.0,False,False,2024-06-20,13.0,paid
INV-09363,B174,2024-04-23,2024-05-23,31900.0,False,False,2024-05-22,-1.0,paid
INV-07297,B137,2024-04-23,2024-06-07,43800.0,False,False,2024-05-28,-10.0,paid
INV-07770,B144,2024-04-23,2024-05-23,65000.0,False,False,2024-05-23,0.0,paid
INV-04686,B088,2024-04-23,2024-05-23,53400.0,False,False,2024-05-14,-9.0,paid
INV-00632,B013,2024-04-24,2024-06-08,8700.0,False,False,2024-06-30,22.0,paid
INV-01441,B025,2024-04-24,2024-06-08,8700.0,False,False,2024-07-03,25.0,paid
INV-08859,B167,2024-04-24,2024-05-24,38200.0,False,False,2024-06-04,11.0,paid
INV-00180,B003,2024-04-24,2024-05-24,12700.0,False,False,2024-06-14,21.0,paid
INV-03544,B068,2024-04-24,2024-05-24,51400.0,False,False,2024-05-14,-10.0,paid
INV-08858,B167,2024-04-24,2024-05-24,21300.0,False,False,2024-05-30,6.0,paid
INV-12091,B218,2024-04-24,2024-06-08,71400.0,False,False,2024-06-20,12.0,paid
INV-01946,B037,2024-04-24,2024-06-08,112400.0,False,False,2024-06-13,5.0,paid
INV-09977,B183,2024-04-24,2024-06-08,171200.0,False,False,2024-07-07,29.0,paid
INV-09091,B169,2024-04-24,2024-05-24,46700.0,False,False,2024-06-10,17.0,paid
INV-07440,B139,2024-04-24,2024-05-24,60700.0,False,False,2024-06-17,24.0,paid
INV-11945,B213,2024-04-24,2024-06-08,12700.0,False,False,2024-06-08,0.0,paid
INV-06458,B116,2024-04-24,2024-06-08,130500.0,False,False,2024-06-19,11.0,paid
INV-08186,B152,2024-04-25,2024-06-09,63100.0,False,False,2024-06-19,10.0,paid
INV-07640,B143,2024-04-25,2024-06-09,25300.0,False,False,2024-06-15,6.0,paid
INV-02181,B040,2024-04-25,2024-05-25,71300.0,False,False,2024-05-16,-9.0,paid
INV-04229,B081,2024-04-25,2024-05-25,14700.0,False,False,2024-06-08,14.0,paid
INV-12020,B216,2024-04-25,2024-06-09,11400.0,False,False,2024-07-08,29.0,paid
INV-03319,B065,2024-04-25,2024-05-25,63000.0,True,False,2024-07-07,43.0,paid
INV-10133,B185,2024-04-25,2024-06-09,187800.0,False,False,2024-07-21,42.0,paid
INV-11300,B204,2024-04-25,2024-05-25,165900.0,False,False,2024-06-23,29.0,paid
INV-05025,B093,2024-04-25,2024-06-09,62700.0,False,False,2024-06-20,11.0,paid
INV-01674,B030,2024-04-25,2024-05-25,126100.0,False,False,2024-06-01,7.0,paid
INV-00555,B011,2024-04-25,2024-06-09,82300.0,False,False,2024-07-14,35.0,paid
INV-09676,B178,2024-04-25,2024-05-25,23500.0,False,False,2024-06-14,20.0,paid
INV-02793,B054,2024-04-25,2024-05-25,14400.0,False,False,2024-05-21,-4.0,paid
INV-07373,B138,2024-04-25,2024-05-25,20000.0,False,False,2024-05-28,3.0,paid
INV-05478,B099,2024-04-25,2024-05-25,52400.0,False,True,2024-06-18,24.0,paid
INV-05710,B101,2024-04-25,2024-06-09,88400.0,True,False,2024-08-02,54.0,paid
INV-00923,B018,2024-04-25,2024-05-25,23400.0,False,False,2024-07-09,45.0,paid
INV-11552,B208,2024-04-26,2024-05-26,56700.0,True,False,2024-07-02,37.0,paid
INV-06247,B109,2024-04-26,2024-05-26,108600.0,False,False,2024-06-22,27.0,paid
INV-03274,B064,2024-04-26,2024-06-10,81400.0,False,False,2024-06-30,20.0,paid
INV-10633,B192,2024-04-26,2024-06-10,12600.0,False,False,2024-05-31,-10.0,paid
INV-10938,B198,2024-04-26,2024-06-10,6400.0,False,False,2024-07-17,37.0,paid
INV-10781,B195,2024-04-26,2024-05-26,26300.0,False,False,2024-07-03,38.0,paid
INV-07968,B147,2024-04-26,2024-05-26,24800.0,False,False,2024-06-16,21.0,paid
INV-06415,B115,2024-04-26,2024-06-10,16400.0,False,False,2024-06-06,-4.0,paid
INV-00556,B011,2024-04-26,2024-06-10,23300.0,False,False,2024-07-11,31.0,paid
INV-03111,B059,2024-04-26,2024-06-10,7000.0,True,False,2024-08-09,60.0,paid
INV-04687,B088,2024-04-26,2024-05-26,57200.0,False,False,2024-05-23,-3.0,paid
INV-04004,B076,2024-04-26,2024-06-10,71900.0,False,False,2024-07-06,26.0,paid
INV-02563,B050,2024-04-26,2024-05-26,85200.0,False,False,2024-06-28,33.0,paid
INV-04409,B085,2024-04-26,2024-05-26,82200.0,False,False,2024-06-14,19.0,paid
INV-06930,B129,2024-04-27,2024-06-11,81000.0,False,False,2024-06-14,3.0,paid
INV-08527,B161,2024-04-27,2024-05-27,238300.0,False,False,2024-06-09,13.0,paid
INV-10476,B189,2024-04-27,2024-06-11,47600.0,False,False,2024-06-15,4.0,paid
INV-11193,B202,2024-04-27,2024-05-27,4700.0,False,False,2024-06-22,26.0,paid
INV-05141,B095,2024-04-27,2024-06-11,28900.0,False,False,2024-06-19,8.0,paid
INV-11499,B207,2024-04-27,2024-05-27,68000.0,False,False,2024-05-26,-1.0,paid
INV-04969,B092,2024-04-27,2024-06-11,20400.0,False,False,2024-06-06,-5.0,paid
INV-10235,B186,2024-04-27,2024-06-11,54300.0,False,False,2024-06-26,15.0,paid
INV-02287,B043,2024-04-27,2024-06-11,81700.0,False,False,2024-07-25,44.0,paid
INV-09575,B176,2024-04-27,2024-06-11,6100.0,False,False,2024-06-28,17.0,paid
INV-01911,B036,2024-04-27,2024-06-11,37000.0,False,False,2024-06-28,17.0,paid
INV-02020,B038,2024-04-27,2024-05-27,36400.0,False,False,2024-06-11,15.0,paid
INV-06619,B120,2024-04-27,2024-06-11,48900.0,False,True,2024-07-01,20.0,paid
INV-07641,B143,2024-04-27,2024-06-11,17000.0,False,False,2024-06-16,5.0,paid
INV-06833,B124,2024-04-27,2024-06-11,26200.0,False,False,2024-06-15,4.0,paid
INV-04940,B091,2024-04-27,2024-05-27,26400.0,False,True,2024-06-28,32.0,paid
INV-05303,B097,2024-04-27,2024-05-27,149300.0,False,False,2024-06-19,23.0,paid
INV-08202,B153,2024-04-27,2024-05-27,63700.0,False,False,2024-06-14,18.0,paid
INV-04319,B083,2024-04-27,2024-06-11,37400.0,False,False,2024-08-07,57.0,paid
INV-02613,B051,2024-04-28,2024-05-28,41100.0,False,False,2024-06-15,18.0,paid
INV-04484,B086,2024-04-28,2024-06-12,140500.0,False,False,2024-10-19,129.0,paid
INV-05304,B097,2024-04-28,2024-05-28,19400.0,False,False,2024-05-18,-10.0,paid
INV-09364,B174,2024-04-28,2024-05-28,43300.0,False,False,2024-05-24,-4.0,paid
INV-06416,B115,2024-04-28,2024-06-12,15000.0,False,False,2024-06-21,9.0,paid
INV-04970,B092,2024-04-28,2024-06-12,21300.0,False,False,2024-06-02,-10.0,paid
INV-07374,B138,2024-04-29,2024-05-29,25800.0,False,False,2024-05-28,-1.0,paid
INV-02021,B038,2024-04-29,2024-05-29,39800.0,False,False,2024-06-15,17.0,paid
INV-12092,B218,2024-04-29,2024-06-13,69500.0,False,False,2024-06-25,12.0,paid
INV-07771,B144,2024-04-29,2024-05-29,58200.0,False,False,2024-05-19,-10.0,paid
INV-10939,B198,2024-04-29,2024-06-13,11700.0,False,False,2024-07-27,44.0,paid
INV-10341,B187,2024-04-29,2024-05-29,147500.0,False,False,2024-06-19,21.0,paid
INV-01298,B023,2024-04-29,2024-06-13,16300.0,False,False,2024-07-03,20.0,paid
INV-01299,B023,2024-04-29,2024-06-13,23700.0,False,False,2024-11-07,147.0,paid
INV-07036,B132,2024-04-29,2024-06-13,42200.0,False,False,2024-06-16,3.0,paid
INV-02182,B040,2024-04-30,2024-05-30,115600.0,False,False,2024-05-28,-2.0,paid
INV-03788,B072,2024-04-30,2024-05-30,19300.0,False,True,2024-06-06,7.0,paid
INV-00924,B018,2024-04-30,2024-05-30,19400.0,False,False,2024-07-14,45.0,paid
INV-04879,B090,2024-04-30,2024-06-14,152900.0,False,False,2024-07-03,19.0,paid
INV-06417,B115,2024-04-30,2024-06-14,47200.0,False,False,2024-06-20,6.0,paid
INV-06794,B123,2024-04-30,2024-06-14,79300.0,False,False,2024-08-05,52.0,paid
INV-09248,B172,2024-04-30,2024-06-14,78000.0,False,False,2024-07-03,19.0,paid
INV-05891,B104,2024-04-30,2024-05-30,125100.0,False,False,2024-05-20,-10.0,paid
INV-04410,B085,2024-04-30,2024-05-30,133300.0,False,True,2024-06-28,29.0,paid
INV-07441,B139,2024-05-01,2024-05-31,65100.0,True,False,2024-07-13,43.0,paid
INV-10134,B185,2024-05-01,2024-06-15,189400.0,False,False,2024-07-29,44.0,paid
INV-02794,B054,2024-05-01,2024-05-31,23500.0,False,False,2024-05-28,-3.0,paid
INV-03903,B074,2024-05-01,2024-05-31,11000.0,False,False,2024-06-08,8.0,paid
INV-02614,B051,2024-05-01,2024-05-31,119200.0,False,False,2024-06-20,20.0,paid
INV-04181,B080,2024-05-01,2024-05-31,160300.0,False,False,2024-06-27,27.0,paid
INV-02705,B052,2024-05-02,2024-06-01,48400.0,False,False,2024-12-18,200.0,paid
INV-06620,B120,2024-05-02,2024-06-16,34200.0,True,False,2024-08-04,49.0,paid
INV-06621,B120,2024-05-02,2024-06-16,50500.0,False,False,2024-06-30,14.0,paid
INV-07442,B139,2024-05-02,2024-06-01,75400.0,False,False,2024-06-20,19.0,paid
INV-05711,B101,2024-05-02,2024-06-16,101200.0,False,False,2024-07-16,30.0,paid
INV-04320,B083,2024-05-02,2024-06-16,15200.0,False,False,2024-08-06,51.0,paid
INV-07147,B134,2024-05-02,2024-06-16,30400.0,False,False,2024-07-11,25.0,paid
INV-11946,B213,2024-05-02,2024-06-16,32600.0,False,False,2024-06-12,-4.0,paid
INV-02939,B056,2024-05-02,2024-06-16,47300.0,False,False,2024-07-02,16.0,paid
INV-00826,B016,2024-05-02,2024-06-16,63900.0,False,False,2024-06-27,11.0,paid
INV-08283,B156,2024-05-02,2024-06-01,42300.0,False,False,2024-06-26,25.0,paid
INV-03252,B063,2024-05-02,2024-06-01,39400.0,False,False,2024-06-21,20.0,paid
INV-07037,B132,2024-05-02,2024-06-16,40100.0,False,False,2024-06-18,2.0,paid
INV-01675,B030,2024-05-02,2024-06-01,149700.0,False,False,2024-06-01,0.0,paid
INV-02795,B054,2024-05-02,2024-06-01,8100.0,False,False,2024-05-22,-10.0,paid
INV-08946,B168,2024-05-03,2024-06-17,51500.0,False,True,2024-07-13,26.0,paid
INV-02615,B051,2024-05-03,2024-06-02,145700.0,False,False,2024-06-25,23.0,paid
INV-10993,B199,2024-05-03,2024-06-17,27000.0,False,False,2024-06-10,-7.0,paid
INV-09304,B173,2024-05-03,2024-06-17,77300.0,True,False,2024-07-28,41.0,paid
INV-11665,B211,2024-05-03,2024-06-17,98300.0,False,False,2024-11-17,153.0,paid
INV-02940,B056,2024-05-03,2024-06-17,134400.0,False,False,2024-07-10,23.0,paid
INV-04601,B087,2024-05-03,2024-06-17,35600.0,False,False,2024-06-09,-8.0,paid
INV-11746,B212,2024-05-03,2024-06-17,110500.0,False,False,2024-06-27,10.0,paid
INV-09788,B180,2024-05-03,2024-06-02,16200.0,False,False,2024-07-03,31.0,paid
INV-11745,B212,2024-05-03,2024-06-17,85200.0,False,False,2024-06-24,7.0,paid
INV-11622,B210,2024-05-03,2024-06-02,355400.0,False,False,2024-07-07,35.0,paid
INV-11227,B203,2024-05-03,2024-06-02,5200.0,False,False,2024-07-02,30.0,paid
INV-11069,B200,2024-05-03,2024-06-02,39100.0,False,False,2024-06-16,14.0,paid
INV-01616,B029,2024-05-03,2024-06-17,18900.0,False,False,2024-06-30,13.0,paid
INV-00181,B003,2024-05-03,2024-06-02,15200.0,False,False,2024-06-23,21.0,paid
INV-09789,B180,2024-05-04,2024-06-03,9000.0,False,False,2024-06-25,22.0,paid
INV-03705,B070,2024-05-04,2024-06-18,84000.0,False,False,2024-07-03,15.0,paid
INV-06931,B129,2024-05-04,2024-06-18,29800.0,False,False,2024-06-14,-4.0,paid
INV-00597,B012,2024-05-04,2024-06-18,89600.0,False,False,2024-07-11,23.0,paid
INV-09873,B182,2024-05-04,2024-06-03,74300.0,False,False,2024-06-10,7.0,paid
INV-04602,B087,2024-05-04,2024-06-18,22300.0,True,False,2024-07-08,20.0,paid
INV-04087,B077,2024-05-04,2024-06-18,57400.0,False,True,2024-07-08,20.0,paid
INV-05026,B093,2024-05-04,2024-06-18,32700.0,False,False,2024-06-28,10.0,paid
INV-11748,B212,2024-05-04,2024-06-18,39500.0,False,False,2024-06-21,3.0,paid
INV-11747,B212,2024-05-04,2024-06-18,179900.0,False,False,2024-07-04,16.0,paid
INV-11947,B213,2024-05-05,2024-06-19,31100.0,False,False,2024-06-20,1.0,paid
INV-09790,B180,2024-05-05,2024-06-04,6200.0,False,False,2024-06-28,24.0,paid
INV-04603,B087,2024-05-05,2024-06-19,32000.0,False,True,2024-06-29,10.0,paid
INV-10422,B188,2024-05-05,2024-06-04,25700.0,False,False,2024-06-17,13.0,paid
INV-10477,B189,2024-05-05,2024-06-19,43500.0,False,False,2024-07-06,17.0,paid
INV-01798,B033,2024-05-05,2024-06-19,39500.0,False,False,2024-07-25,36.0,paid
INV-02440,B047,2024-05-05,2024-06-04,74700.0,False,False,2024-05-29,-6.0,paid
INV-08340,B157,2024-05-05,2024-06-04,26400.0,False,False,2024-06-29,25.0,paid
INV-00090,B002,2024-05-05,2024-06-04,263000.0,False,False,2024-06-23,19.0,paid
INV-01676,B030,2024-05-06,2024-06-05,139700.0,False,False,2024-06-02,-3.0,paid
INV-01557,B028,2024-05-06,2024-06-20,8700.0,False,False,2024-07-16,26.0,paid
INV-01534,B027,2024-05-06,2024-06-05,107400.0,False,False,2024-07-18,43.0,paid
INV-07642,B143,2024-05-06,2024-06-20,61000.0,False,False,2024-07-05,15.0,paid
INV-00876,B017,2024-05-06,2024-06-05,40900.0,False,False,2024-05-26,-10.0,paid
INV-11623,B210,2024-05-06,2024-06-05,166200.0,False,False,2024-06-20,15.0,paid
INV-02746,B053,2024-05-06,2024-06-05,27100.0,False,False,2024-06-03,-2.0,paid
INV-11749,B212,2024-05-06,2024-06-20,95200.0,False,False,2024-06-19,-1.0,paid
INV-10691,B193,2024-05-07,2024-06-21,164600.0,False,False,2024-07-28,37.0,paid
INV-01442,B025,2024-05-07,2024-06-21,20400.0,False,False,2024-07-21,30.0,paid
INV-06748,B122,2024-05-07,2024-06-21,33300.0,False,False,2024-06-11,-10.0,paid
INV-06749,B122,2024-05-07,2024-06-21,45500.0,True,False,2024-07-23,32.0,paid
INV-03628,B069,2024-05-07,2024-06-06,67900.0,False,False,2024-07-02,26.0,paid
INV-08703,B163,2024-05-07,2024-06-06,32900.0,False,False,2024-06-25,19.0,paid
INV-03789,B072,2024-05-07,2024-06-06,19800.0,False,False,2024-06-13,7.0,paid
INV-09365,B174,2024-05-07,2024-06-06,16000.0,False,False,2024-06-02,-4.0,paid
INV-08187,B152,2024-05-08,2024-06-22,129400.0,False,False,2024-07-12,20.0,paid
INV-08528,B161,2024-05-08,2024-06-07,99700.0,False,False,2024-06-22,15.0,paid
INV-06033,B105,2024-05-08,2024-06-07,37000.0,False,False,2024-06-05,-2.0,paid
INV-11500,B207,2024-05-08,2024-06-07,21500.0,False,False,2024-06-13,6.0,paid
INV-02346,B044,2024-05-08,2024-06-07,124900.0,False,False,2024-07-16,39.0,paid
INV-08704,B163,2024-05-08,2024-06-07,51200.0,False,False,2024-06-27,20.0,paid
INV-04688,B088,2024-05-08,2024-06-07,45900.0,False,False,2024-06-14,7.0,paid
INV-08213,B154,2024-05-08,2024-06-22,148400.0,False,False,2024-07-10,18.0,paid
INV-05142,B095,2024-05-08,2024-06-22,22200.0,False,False,2024-06-28,6.0,paid
INV-02094,B039,2024-05-09,2024-06-23,15200.0,False,False,2024-07-06,13.0,paid
INV-07443,B139,2024-05-09,2024-06-08,122300.0,False,True,2024-07-07,29.0,paid
INV-01617,B029,2024-05-09,2024-06-23,31100.0,True,False,2024-08-22,60.0,paid
INV-02490,B048,2024-05-09,2024-06-23,93500.0,False,False,2024-07-31,38.0,paid
INV-05892,B104,2024-05-09,2024-06-08,98500.0,False,False,2024-06-07,-1.0,paid
INV-03367,B066,2024-05-09,2024-06-23,48700.0,False,False,2024-06-26,3.0,paid
INV-00182,B003,2024-05-09,2024-06-08,31300.0,True,False,2024-07-31,53.0,paid
INV-11580,B209,2024-05-09,2024-06-23,72100.0,False,False,2024-07-06,13.0,paid
INV-07148,B134,2024-05-09,2024-06-23,79900.0,False,True,2024-08-08,46.0,paid
INV-00926,B018,2024-05-09,2024-06-08,18300.0,False,False,2024-07-19,41.0,paid
INV-10135,B185,2024-05-09,2024-06-23,175100.0,True,True,2024-09-22,91.0,paid
INV-00925,B018,2024-05-09,2024-06-08,44200.0,False,False,2024-07-17,39.0,paid
INV-12093,B218,2024-05-09,2024-06-23,74700.0,False,False,2024-07-17,24.0,paid
INV-00491,B010,2024-05-09,2024-06-23,6900.0,False,False,2024-06-13,-10.0,paid
INV-07202,B135,2024-05-09,2024-06-23,54800.0,False,False,2024-07-23,30.0,paid
INV-07298,B137,2024-05-09,2024-06-23,73500.0,False,False,2024-06-17,-6.0,paid
INV-04411,B085,2024-05-10,2024-06-09,92200.0,False,False,2024-06-26,17.0,paid
INV-11425,B206,2024-05-10,2024-06-24,16600.0,True,False,2024-08-09,46.0,paid
INV-08341,B157,2024-05-10,2024-06-09,21700.0,False,True,2024-07-16,37.0,paid
INV-05558,B100,2024-05-10,2024-06-09,66300.0,False,False,2024-07-08,29.0,paid
INV-09366,B174,2024-05-10,2024-06-09,17000.0,False,True,2024-06-21,12.0,paid
INV-00762,B015,2024-05-10,2024-06-09,89300.0,False,True,2024-06-24,15.0,paid
INV-00927,B018,2024-05-10,2024-06-09,13900.0,False,False,2024-07-18,39.0,paid
INV-09249,B172,2024-05-10,2024-06-24,93400.0,False,False,2024-07-17,23.0,paid
INV-05712,B101,2024-05-10,2024-06-24,63800.0,False,False,2024-07-16,22.0,paid
INV-02866,B055,2024-05-10,2024-06-09,18600.0,False,False,2024-07-01,22.0,paid
INV-08031,B148,2024-05-11,2024-06-10,10200.0,False,False,2024-06-25,15.0,paid
INV-06834,B124,2024-05-11,2024-06-25,7600.0,False,True,2024-07-13,18.0,paid
INV-05210,B096,2024-05-11,2024-06-25,35900.0,False,False,2024-07-30,35.0,paid
INV-11501,B207,2024-05-11,2024-06-10,35900.0,False,False,2024-06-04,-6.0,paid
INV-01677,B030,2024-05-11,2024-06-10,182400.0,False,False,2024-06-15,5.0,paid
INV-08030,B148,2024-05-11,2024-06-10,3300.0,False,True,2024-06-28,18.0,paid
INV-08947,B168,2024-05-12,2024-06-26,38900.0,False,False,2024-11-16,143.0,paid
INV-04689,B088,2024-05-12,2024-06-11,35300.0,False,False,2024-06-18,7.0,paid
INV-04816,B089,2024-05-12,2024-06-11,88700.0,False,False,2024-06-16,5.0,paid
INV-01241,B022,2024-05-12,2024-06-11,5100.0,False,False,2024-12-03,175.0,paid
INV-05793,B102,2024-05-12,2024-06-26,47900.0,False,False,2024-06-16,-10.0,paid
INV-04297,B082,2024-05-12,2024-06-26,20700.0,False,False,2024-09-20,86.0,paid
INV-01778,B032,2024-05-13,2024-06-12,36700.0,False,False,2024-07-12,30.0,paid
INV-00055,B001,2024-05-13,2024-06-27,30800.0,False,True,2024-07-28,31.0,paid
INV-05893,B104,2024-05-13,2024-06-12,102000.0,False,False,2024-06-23,11.0,paid
INV-10692,B193,2024-05-13,2024-06-27,56800.0,False,True,2024-08-02,36.0,paid
INV-10994,B199,2024-05-13,2024-06-27,14100.0,False,False,2024-06-20,-7.0,paid
INV-07105,B133,2024-05-13,2024-06-12,24600.0,True,False,2024-07-27,45.0,paid
INV-02261,B042,2024-05-13,2024-06-12,48100.0,False,False,2024-07-14,32.0,paid
INV-02941,B056,2024-05-14,2024-06-28,85700.0,False,False,2024-07-18,20.0,paid
INV-04359,B084,2024-05-14,2024-06-28,16800.0,False,False,2024-08-04,37.0,paid
INV-11750,B212,2024-05-14,2024-06-28,140800.0,False,True,2024-07-19,21.0,paid
INV-00008,B000,2024-05-14,2024-06-28,22400.0,False,False,2024-07-03,5.0,paid
INV-10423,B188,2024-05-14,2024-06-13,8300.0,False,False,2024-06-16,3.0,paid
INV-03067,B058,2024-05-14,2024-06-28,181200.0,False,True,2024-08-18,51.0,paid
INV-11666,B211,2024-05-14,2024-06-28,92500.0,False,True,2024-08-11,44.0,paid
INV-12094,B218,2024-05-14,2024-06-28,25400.0,False,False,2024-07-06,8.0,paid
INV-11365,B205,2024-05-15,2024-06-29,39400.0,False,False,2024-06-19,-10.0,paid
INV-04005,B076,2024-05-15,2024-06-29,49300.0,False,False,2024-07-26,27.0,paid
INV-00598,B012,2024-05-15,2024-06-29,53700.0,False,False,2024-07-08,9.0,paid
INV-06312,B111,2024-05-15,2024-06-29,92800.0,False,True,2024-07-31,32.0,paid
INV-10782,B195,2024-05-15,2024-06-14,12200.0,False,False,2024-07-10,26.0,paid
INV-00091,B002,2024-05-16,2024-06-15,172200.0,False,False,2024-06-29,14.0,paid
INV-02564,B050,2024-05-16,2024-06-15,76700.0,False,False,2024-07-16,31.0,paid
INV-00317,B006,2024-05-16,2024-06-30,99800.0,False,True,2024-08-04,35.0,paid
INV-10900,B197,2024-05-16,2024-06-30,88700.0,False,False,2024-07-02,2.0,paid
INV-03629,B069,2024-05-16,2024-06-15,45700.0,False,False,2024-07-17,32.0,paid
INV-09092,B169,2024-05-16,2024-06-15,21600.0,False,False,2024-06-23,8.0,paid
INV-08530,B161,2024-05-16,2024-06-15,66600.0,False,False,2024-06-26,11.0,paid
INV-08529,B161,2024-05-16,2024-06-15,153700.0,False,False,2024-07-01,16.0,paid
INV-10342,B187,2024-05-16,2024-06-15,111200.0,False,False,2024-07-10,25.0,paid
INV-02288,B043,2024-05-16,2024-06-30,30500.0,False,False,2024-08-05,36.0,paid
INV-05839,B103,2024-05-16,2024-06-30,40900.0,False,False,2024-07-12,12.0,paid
INV-00928,B018,2024-05-16,2024-06-15,29000.0,False,False,2024-08-02,48.0,paid
INV-05713,B101,2024-05-16,2024-06-30,59600.0,False,False,2024-08-09,40.0,paid
INV-04604,B087,2024-05-16,2024-06-30,22800.0,True,False,2024-08-03,34.0,paid
INV-00183,B003,2024-05-17,2024-06-16,15600.0,False,False,2024-07-16,30.0,paid
INV-08531,B161,2024-05-17,2024-06-16,100300.0,False,True,2024-07-14,28.0,paid
INV-03630,B069,2024-05-17,2024-06-16,115100.0,False,False,2024-07-18,32.0,paid
INV-00688,B014,2024-05-17,2024-06-16,57500.0,False,False,2024-06-21,5.0,paid
INV-11751,B212,2024-05-17,2024-07-01,49600.0,False,False,2024-06-25,-6.0,paid
INV-08948,B168,2024-05-17,2024-07-01,21300.0,False,False,2024-07-14,13.0,paid
INV-07203,B135,2024-05-17,2024-07-01,21600.0,False,False,2024-07-13,12.0,paid
INV-10236,B186,2024-05-17,2024-07-01,100400.0,False,False,2024-07-09,8.0,paid
INV-02183,B040,2024-05-17,2024-06-16,70700.0,False,False,2024-06-25,9.0,paid
INV-09978,B183,2024-05-17,2024-07-01,186000.0,False,False,2024-07-23,22.0,paid
INV-05027,B093,2024-05-17,2024-07-01,59800.0,False,False,2024-07-06,5.0,paid
INV-01504,B026,2024-05-17,2024-07-01,65900.0,False,False,2024-07-18,17.0,paid
INV-08032,B148,2024-05-17,2024-06-16,8800.0,False,False,2024-07-03,17.0,paid
INV-08426,B159,2024-05-17,2024-07-01,27400.0,False,False,2024-07-20,19.0,paid
INV-00763,B015,2024-05-18,2024-06-17,107900.0,False,False,2024-06-19,2.0,paid
INV-09093,B169,2024-05-18,2024-06-17,90900.0,False,False,2024-07-11,24.0,paid
INV-08284,B156,2024-05-18,2024-06-17,5900.0,False,True,2024-07-11,24.0,paid
INV-10533,B190,2024-05-18,2024-07-02,35100.0,False,True,2024-08-12,41.0,paid
INV-11228,B203,2024-05-18,2024-06-17,2900.0,False,False,2024-07-11,24.0,paid
INV-05305,B097,2024-05-18,2024-06-17,66100.0,False,False,2024-07-05,18.0,paid
INV-11194,B202,2024-05-18,2024-06-17,5100.0,False,False,2024-07-27,40.0,paid
INV-09576,B176,2024-05-18,2024-07-02,7600.0,False,False,2024-07-14,12.0,paid
INV-02491,B048,2024-05-18,2024-07-02,132600.0,False,True,2024-08-13,42.0,paid
INV-09622,B177,2024-05-18,2024-07-02,35400.0,False,True,2024-07-25,23.0,paid
INV-02942,B056,2024-05-18,2024-07-02,122100.0,False,False,2024-07-15,13.0,paid
INV-07772,B144,2024-05-18,2024-06-17,45100.0,False,False,2024-06-12,-5.0,paid
INV-01202,B021,2024-05-18,2024-07-02,14700.0,False,False,2024-12-02,153.0,paid
INV-00009,B000,2024-05-18,2024-07-02,7200.0,False,True,2024-07-07,5.0,paid
INV-06034,B105,2024-05-18,2024-06-17,91600.0,False,False,2024-06-13,-4.0,paid
INV-05559,B100,2024-05-18,2024-06-17,49200.0,False,False,2024-07-20,33.0,paid
INV-10478,B189,2024-05-18,2024-07-02,22300.0,False,False,2024-07-01,-1.0,paid
INV-09677,B178,2024-05-18,2024-06-17,12300.0,False,True,2024-07-17,30.0,paid
INV-09623,B177,2024-05-19,2024-07-03,180900.0,False,False,2024-07-30,27.0,paid
INV-09164,B170,2024-05-19,2024-07-03,19400.0,False,False,2024-08-04,32.0,paid
INV-05414,B098,2024-05-19,2024-06-18,29700.0,False,False,2024-06-09,-9.0,paid
INV-00827,B016,2024-05-19,2024-07-03,98300.0,False,False,2024-07-21,18.0,paid
INV-03706,B070,2024-05-19,2024-07-03,106000.0,True,False,2024-08-15,43.0,paid
INV-02095,B039,2024-05-19,2024-07-03,14600.0,False,False,2024-07-17,14.0,paid
INV-01443,B025,2024-05-19,2024-07-03,30300.0,False,False,2024-08-11,39.0,paid
INV-04230,B081,2024-05-19,2024-06-18,13800.0,False,False,2024-07-11,23.0,paid
INV-10693,B193,2024-05-19,2024-07-03,115500.0,False,True,2024-08-09,37.0,paid
INV-04485,B086,2024-05-19,2024-07-03,186500.0,False,False,2024-07-05,2.0,paid
INV-06932,B129,2024-05-19,2024-07-03,26400.0,True,False,2024-07-20,17.0,paid
INV-08427,B159,2024-05-19,2024-07-03,196500.0,False,False,2024-07-28,25.0,paid
INV-06750,B122,2024-05-19,2024-07-03,29400.0,False,False,2024-06-30,-3.0,paid
INV-11752,B212,2024-05-20,2024-07-04,66300.0,False,False,2024-07-12,8.0,paid
INV-07643,B143,2024-05-20,2024-07-04,12200.0,False,False,2024-06-30,-4.0,paid
INV-02867,B055,2024-05-20,2024-06-19,34800.0,False,False,2024-07-11,22.0,paid
INV-03545,B068,2024-05-20,2024-06-19,42800.0,False,True,2024-06-09,-10.0,paid
INV-11502,B207,2024-05-20,2024-06-19,44200.0,False,False,2024-06-25,6.0,paid
INV-08705,B163,2024-05-20,2024-06-19,34200.0,False,False,2024-07-04,15.0,paid
INV-07773,B144,2024-05-20,2024-06-19,92400.0,False,True,2024-06-27,8.0,paid
INV-09477,B175,2024-05-20,2024-06-19,71400.0,False,False,2024-06-24,5.0,paid
INV-01203,B021,2024-05-20,2024-07-04,7400.0,False,False,2024-07-07,3.0,paid
INV-11948,B213,2024-05-21,2024-07-05,84200.0,False,False,2024-07-14,9.0,paid
INV-01102,B020,2024-05-21,2024-06-20,87700.0,False,False,2024-07-18,28.0,paid
INV-07106,B133,2024-05-21,2024-06-20,56000.0,False,False,2024-06-25,5.0,paid
INV-09577,B176,2024-05-21,2024-07-05,7700.0,False,False,2024-07-25,20.0,paid
INV-11753,B212,2024-05-21,2024-07-05,54700.0,False,False,2024-07-04,-1.0,paid
INV-00929,B018,2024-05-21,2024-06-20,14100.0,False,False,2024-08-03,44.0,paid
INV-08532,B161,2024-05-21,2024-06-20,80600.0,False,False,2024-07-06,16.0,paid
INV-07608,B142,2024-05-21,2024-06-20,81200.0,False,False,2024-07-17,27.0,paid
INV-04006,B076,2024-05-21,2024-07-05,43300.0,False,False,2024-07-20,15.0,paid
INV-06161,B108,2024-05-22,2024-06-21,24800.0,False,False,2024-07-01,10.0,paid
INV-07038,B132,2024-05-22,2024-07-06,86600.0,True,False,2024-08-10,35.0,paid
INV-09874,B182,2024-05-22,2024-06-21,40400.0,False,False,2024-06-11,-10.0,paid
INV-11949,B213,2024-05-22,2024-07-06,6300.0,False,False,2024-06-26,-10.0,paid
INV-08949,B168,2024-05-22,2024-07-06,73800.0,False,False,2024-07-22,16.0,paid
INV-08033,B148,2024-05-22,2024-06-21,9800.0,False,False,2024-06-29,8.0,paid
INV-11503,B207,2024-05-22,2024-06-21,25300.0,False,False,2024-06-19,-2.0,paid
INV-10237,B186,2024-05-22,2024-07-06,67000.0,False,False,2024-07-13,7.0,paid
INV-12095,B218,2024-05-22,2024-07-06,122200.0,False,False,2024-07-14,8.0,paid
INV-09624,B177,2024-05-22,2024-07-06,53300.0,False,False,2024-07-17,11.0,paid
INV-11229,B203,2024-05-23,2024-06-22,2100.0,False,False,2024-07-20,28.0,paid
INV-03320,B065,2024-05-23,2024-06-22,85900.0,False,False,2024-06-20,-2.0,paid
INV-01868,B035,2024-05-23,2024-07-07,68900.0,False,False,2024-07-18,11.0,paid
INV-01364,B024,2024-05-23,2024-06-22,313700.0,False,False,2024-06-20,-2.0,paid
INV-03068,B058,2024-05-23,2024-07-07,100100.0,False,True,2024-08-24,48.0,paid
INV-09625,B177,2024-05-23,2024-07-07,74000.0,False,False,2024-07-24,17.0,paid
INV-06561,B119,2024-05-23,2024-06-22,65500.0,False,False,2024-06-25,3.0,paid
INV-03707,B070,2024-05-23,2024-07-07,77500.0,False,False,2024-07-18,11.0,paid
INV-05306,B097,2024-05-23,2024-06-22,54000.0,False,False,2024-06-24,2.0,paid
INV-05894,B104,2024-05-24,2024-06-23,83700.0,False,False,2024-06-22,-1.0,paid
INV-02616,B051,2024-05-24,2024-06-23,68400.0,False,True,2024-07-22,29.0,paid
INV-05096,B094,2024-05-24,2024-07-08,18900.0,False,False,2024-07-04,-4.0,paid
INV-10534,B190,2024-05-24,2024-07-08,76500.0,False,False,2024-08-18,41.0,paid
INV-09094,B169,2024-05-24,2024-06-23,27600.0,False,False,2024-12-01,161.0,paid
INV-08428,B159,2024-05-24,2024-07-08,112200.0,False,False,2024-07-31,23.0,paid
INV-09250,B172,2024-05-24,2024-07-08,28100.0,False,False,2024-07-20,12.0,paid
INV-05560,B100,2024-05-24,2024-06-23,87100.0,False,False,2024-07-21,28.0,paid
INV-06622,B120,2024-05-24,2024-07-08,20100.0,True,False,2024-07-16,8.0,paid
INV-01045,B019,2024-05-24,2024-06-23,82600.0,False,False,2024-08-17,55.0,paid
INV-11754,B212,2024-05-24,2024-07-08,166100.0,False,False,2024-07-19,11.0,paid
INV-05415,B098,2024-05-25,2024-06-24,8600.0,False,False,2024-06-14,-10.0,paid
INV-02868,B055,2024-05-25,2024-06-24,115300.0,False,False,2024-07-26,32.0,paid
INV-06383,B114,2024-05-25,2024-07-09,9700.0,False,True,2024-08-02,24.0,paid
INV-08798,B165,2024-05-25,2024-06-24,11600.0,False,False,2024-07-02,8.0,paid
INV-11163,B201,2024-05-25,2024-07-09,18600.0,False,False,2024-08-18,40.0,paid
INV-09478,B175,2024-05-25,2024-06-24,83500.0,False,True,2024-07-08,14.0,paid
INV-01678,B030,2024-05-25,2024-06-24,36400.0,False,True,2024-06-27,3.0,paid
INV-08533,B161,2024-05-25,2024-06-24,189300.0,False,False,2024-07-22,28.0,paid
INV-05307,B097,2024-05-25,2024-06-24,12600.0,False,True,2024-07-01,7.0,paid
INV-10086,B184,2024-05-25,2024-06-24,51000.0,False,True,2024-07-20,26.0,paid
INV-07774,B144,2024-05-26,2024-06-25,35600.0,False,False,2024-06-19,-6.0,paid
INV-02289,B043,2024-05-26,2024-07-10,22100.0,False,False,2024-07-29,19.0,paid
INV-05479,B099,2024-05-26,2024-06-25,221600.0,False,False,2024-07-14,19.0,paid
INV-05308,B097,2024-05-26,2024-06-25,79000.0,False,False,2024-07-04,9.0,paid
INV-03904,B074,2024-05-26,2024-06-25,14400.0,True,False,2024-08-28,64.0,paid
INV-04182,B080,2024-05-26,2024-06-25,137000.0,False,True,2024-07-17,22.0,paid
INV-09875,B182,2024-05-26,2024-06-25,36600.0,False,False,2024-06-19,-6.0,paid
INV-02796,B054,2024-05-26,2024-06-25,33100.0,False,False,2024-06-26,1.0,paid
INV-08706,B163,2024-05-26,2024-06-25,24200.0,False,False,2024-07-13,18.0,paid
INV-10783,B195,2024-05-26,2024-06-25,7600.0,False,False,2024-07-27,32.0,paid
INV-04690,B088,2024-05-27,2024-06-26,29500.0,False,False,2024-06-23,-3.0,paid
INV-02943,B056,2024-05-27,2024-07-11,191500.0,False,False,2024-08-01,21.0,paid
INV-06035,B105,2024-05-27,2024-06-26,144900.0,False,False,2024-06-29,3.0,paid
INV-04971,B092,2024-05-27,2024-07-11,28900.0,False,False,2024-07-04,-7.0,paid
INV-03275,B064,2024-05-27,2024-07-11,51000.0,False,False,2024-07-30,19.0,paid
INV-00092,B002,2024-05-27,2024-06-26,138700.0,False,False,2024-07-07,11.0,paid
INV-05794,B102,2024-05-27,2024-07-11,52700.0,False,True,2024-07-20,9.0,paid
INV-05211,B096,2024-05-27,2024-07-11,30200.0,False,False,2024-08-20,40.0,paid
INV-11230,B203,2024-05-27,2024-06-26,6300.0,False,False,2024-07-14,18.0,paid
INV-10479,B189,2024-05-27,2024-07-11,24700.0,False,False,2024-07-14,3.0,paid
INV-00877,B017,2024-05-27,2024-06-26,20600.0,False,False,2024-06-16,-10.0,paid
INV-01103,B020,2024-05-27,2024-06-26,37700.0,False,False,2024-07-19,23.0,paid
INV-09876,B182,2024-05-27,2024-06-26,95600.0,False,False,2024-07-06,10.0,paid
INV-08387,B158,2024-05-27,2024-07-11,17300.0,False,False,2024-08-22,42.0,paid
INV-00371,B007,2024-05-27,2024-06-26,45300.0,False,False,2024-07-13,17.0,paid
INV-00184,B003,2024-05-27,2024-06-26,24500.0,False,False,2024-07-18,22.0,paid
INV-01300,B023,2024-05-27,2024-07-11,30200.0,False,False,2024-07-29,18.0,paid
INV-02385,B046,2024-05-27,2024-07-11,13500.0,False,False,2024-07-19,8.0,paid
INV-08950,B168,2024-05-28,2024-07-12,159700.0,False,False,2024-08-04,23.0,paid
INV-09979,B183,2024-05-28,2024-07-12,209100.0,False,False,2024-08-21,40.0,paid
INV-11301,B204,2024-05-28,2024-06-27,33700.0,False,False,2024-07-21,24.0,paid
INV-07901,B145,2024-05-28,2024-07-12,8000.0,False,False,2024-07-02,-10.0,paid
INV-07375,B138,2024-05-28,2024-06-27,19700.0,False,False,2024-06-27,0.0,paid
INV-05416,B098,2024-05-28,2024-06-27,11900.0,False,False,2024-06-17,-10.0,paid
INV-01742,B031,2024-05-28,2024-06-27,11200.0,False,False,2024-07-05,8.0,paid
INV-10238,B186,2024-05-28,2024-07-12,87900.0,False,False,2024-07-21,9.0,paid
INV-03410,B067,2024-05-28,2024-06-27,52400.0,False,False,2024-06-18,-9.0,paid
INV-00318,B006,2024-05-28,2024-07-12,118300.0,True,False,2024-08-29,48.0,paid
INV-06036,B105,2024-05-29,2024-06-28,95900.0,False,False,2024-06-26,-2.0,paid
INV-10136,B185,2024-05-29,2024-07-13,83200.0,True,False,2024-09-06,55.0,paid
INV-05309,B097,2024-05-29,2024-06-28,44100.0,False,False,2024-06-30,2.0,paid
INV-07204,B135,2024-05-29,2024-07-13,83700.0,False,False,2024-08-10,28.0,paid
INV-02492,B048,2024-05-29,2024-07-13,54300.0,False,False,2024-08-07,25.0,paid
INV-02706,B052,2024-05-29,2024-06-28,91000.0,False,True,2024-10-06,100.0,paid
INV-03631,B069,2024-05-29,2024-06-28,48100.0,False,False,2024-07-13,15.0,paid
INV-11755,B212,2024-05-29,2024-07-13,41200.0,False,False,2024-07-09,-4.0,paid
INV-07299,B137,2024-05-29,2024-07-13,134600.0,False,False,2024-07-06,-7.0,paid
INV-10424,B188,2024-05-29,2024-06-28,6600.0,False,False,2024-07-05,7.0,paid
INV-01558,B028,2024-05-29,2024-07-13,13100.0,False,False,2024-08-14,32.0,paid
INV-09877,B182,2024-05-29,2024-06-28,18200.0,False,False,2024-06-24,-4.0,paid
INV-00185,B003,2024-05-29,2024-06-28,15100.0,False,False,2024-07-17,19.0,paid
INV-03860,B073,2024-05-29,2024-07-13,88100.0,True,True,2024-09-27,76.0,paid
INV-05895,B104,2024-05-29,2024-06-28,175000.0,False,False,2024-07-04,6.0,paid
INV-09626,B177,2024-05-30,2024-07-14,42200.0,False,False,2024-07-30,16.0,paid
INV-03276,B064,2024-05-30,2024-07-14,116900.0,False,False,2024-08-03,20.0,paid
INV-01799,B033,2024-05-30,2024-07-14,34200.0,True,False,2024-09-11,59.0,paid
INV-05896,B104,2024-05-30,2024-06-29,118900.0,False,False,2024-07-02,3.0,paid
INV-01800,B033,2024-05-30,2024-07-14,32300.0,False,True,2024-08-21,38.0,paid
INV-07300,B137,2024-05-30,2024-07-14,106800.0,False,True,2024-07-24,10.0,paid
INV-08285,B156,2024-05-30,2024-06-29,9000.0,False,False,2024-07-14,15.0,paid
INV-06998,B131,2024-05-30,2024-07-14,235700.0,False,True,2024-08-17,34.0,paid
INV-04360,B084,2024-05-30,2024-07-14,11100.0,False,False,2024-08-16,33.0,paid
INV-07902,B145,2024-05-30,2024-07-14,10200.0,False,False,2024-07-04,-10.0,paid
INV-09367,B174,2024-05-30,2024-06-29,52000.0,False,True,2024-07-17,18.0,paid
INV-09095,B169,2024-05-30,2024-06-29,100900.0,False,False,2024-07-19,20.0,paid
INV-08534,B161,2024-05-30,2024-06-29,97000.0,False,False,2024-07-15,16.0,paid
INV-01947,B037,2024-05-31,2024-07-15,155100.0,False,False,2024-08-02,18.0,paid
INV-08535,B161,2024-05-31,2024-06-30,149700.0,False,False,2024-07-27,27.0,paid
INV-05143,B095,2024-05-31,2024-07-15,35200.0,False,False,2024-08-03,19.0,paid
INV-11504,B207,2024-05-31,2024-06-30,14900.0,False,False,2024-06-26,-4.0,paid
INV-02096,B039,2024-05-31,2024-07-15,13400.0,False,False,2024-07-26,11.0,paid
INV-05310,B097,2024-05-31,2024-06-30,38300.0,False,False,2024-07-06,6.0,paid
INV-04605,B087,2024-05-31,2024-07-15,29100.0,False,True,2024-07-19,4.0,paid
INV-01365,B024,2024-05-31,2024-06-30,243800.0,False,True,2024-07-13,13.0,paid
INV-00689,B014,2024-05-31,2024-06-30,79100.0,True,True,2024-08-05,36.0,paid
INV-08342,B157,2024-06-01,2024-07-01,42000.0,False,False,2024-07-30,29.0,paid
INV-04818,B089,2024-06-01,2024-07-01,25500.0,False,False,2024-06-26,-5.0,paid
INV-00930,B018,2024-06-01,2024-07-01,34800.0,False,False,2024-08-10,40.0,paid
INV-08770,B164,2024-06-01,2024-07-16,17100.0,False,False,2024-07-11,-5.0,paid
INV-00828,B016,2024-06-01,2024-07-16,35800.0,False,False,2024-07-21,5.0,paid
INV-11756,B212,2024-06-01,2024-07-16,97400.0,False,True,2024-07-27,11.0,paid
INV-03861,B073,2024-06-01,2024-07-16,108600.0,False,False,2024-08-01,16.0,paid
INV-02617,B051,2024-06-01,2024-07-01,87700.0,False,True,2024-08-05,35.0,paid
INV-00690,B014,2024-06-01,2024-07-01,65600.0,False,False,2024-07-11,10.0,paid
INV-07969,B147,2024-06-01,2024-07-01,42300.0,False,False,2024-07-19,18.0,paid
INV-08951,B168,2024-06-01,2024-07-16,62300.0,False,False,2024-08-05,20.0,paid
INV-02944,B056,2024-06-01,2024-07-16,45200.0,False,False,2024-07-31,15.0,paid
INV-04817,B089,2024-06-01,2024-07-01,53000.0,False,False,2024-07-04,3.0,paid
INV-07039,B132,2024-06-02,2024-07-17,72700.0,True,False,2024-08-24,38.0,paid
INV-10137,B185,2024-06-02,2024-07-17,123400.0,False,True,2024-08-31,45.0,paid
INV-04361,B084,2024-06-02,2024-07-17,14000.0,False,False,2024-08-27,41.0,paid
INV-10343,B187,2024-06-02,2024-07-02,118600.0,False,False,2024-07-24,22.0,paid
INV-07775,B144,2024-06-02,2024-07-02,45700.0,False,False,2024-06-22,-10.0,paid
INV-02386,B046,2024-06-02,2024-07-17,10200.0,False,False,2024-07-22,5.0,paid
INV-05561,B100,2024-06-02,2024-07-02,25200.0,False,False,2024-07-23,21.0,paid
INV-06751,B122,2024-06-02,2024-07-17,28200.0,False,True,2024-07-07,-10.0,paid
INV-03546,B068,2024-06-02,2024-07-02,63000.0,False,True,2024-06-26,-6.0,paid
INV-02441,B047,2024-06-02,2024-07-02,62900.0,True,False,2024-08-03,32.0,paid
INV-04972,B092,2024-06-03,2024-07-18,29900.0,False,False,2024-07-14,-4.0,paid
INV-08860,B167,2024-06-03,2024-07-03,58800.0,False,False,2024-07-28,25.0,paid
INV-07205,B135,2024-06-03,2024-07-18,40500.0,False,False,2024-08-12,25.0,paid
INV-05897,B104,2024-06-03,2024-07-03,72800.0,False,False,2024-06-26,-7.0,paid
INV-07040,B132,2024-06-03,2024-07-18,83900.0,False,False,2024-07-25,7.0,paid
INV-11757,B212,2024-06-03,2024-07-18,49400.0,False,False,2024-07-17,-1.0,paid
INV-04606,B087,2024-06-03,2024-07-18,53200.0,True,False,2024-08-21,34.0,paid
INV-04819,B089,2024-06-03,2024-07-03,32600.0,False,False,2024-07-04,1.0,paid
INV-06999,B131,2024-06-03,2024-07-18,61200.0,False,False,2024-07-29,11.0,paid
INV-08799,B165,2024-06-03,2024-07-03,15100.0,False,False,2024-06-29,-4.0,paid
INV-02184,B040,2024-06-03,2024-07-03,32900.0,False,False,2024-07-08,5.0,paid
INV-08771,B164,2024-06-03,2024-07-18,12800.0,False,False,2024-07-25,7.0,paid
INV-12060,B217,2024-06-03,2024-07-18,34800.0,False,False,2024-08-03,16.0,paid
INV-07572,B141,2024-06-03,2024-07-03,137100.0,False,False,2024-07-31,28.0,paid
INV-07776,B144,2024-06-03,2024-07-03,70500.0,False,False,2024-06-28,-5.0,paid
INV-11969,B214,2024-06-03,2024-07-18,98500.0,False,False,2024-09-15,59.0,paid
INV-08343,B157,2024-06-03,2024-07-03,64700.0,False,True,2024-08-15,43.0,paid
INV-01801,B033,2024-06-03,2024-07-18,26700.0,False,False,2024-08-12,25.0,paid
INV-11624,B210,2024-06-03,2024-07-03,125000.0,False,False,2024-07-30,27.0,paid
INV-03321,B065,2024-06-04,2024-07-04,76700.0,False,False,2024-07-06,2.0,paid
INV-09305,B173,2024-06-04,2024-07-19,140700.0,False,False,2024-12-21,155.0,paid
INV-03145,B060,2024-06-04,2024-07-19,41800.0,False,False,2024-08-04,16.0,paid
INV-02290,B043,2024-06-04,2024-07-19,22800.0,False,False,2024-08-18,30.0,paid
INV-08952,B168,2024-06-04,2024-07-19,72000.0,False,True,2024-08-16,28.0,paid
INV-06513,B118,2024-06-04,2024-07-04,8500.0,False,True,2024-08-14,41.0,paid
INV-08286,B156,2024-06-04,2024-07-04,22000.0,False,False,2024-07-26,22.0,paid
INV-07041,B132,2024-06-04,2024-07-19,66900.0,False,False,2024-07-25,6.0,paid
INV-02618,B051,2024-06-04,2024-07-04,44700.0,False,False,2024-07-16,12.0,paid
INV-02869,B055,2024-06-04,2024-07-04,46100.0,False,False,2024-08-04,31.0,paid
INV-00254,B005,2024-06-05,2024-07-05,36800.0,False,False,2024-07-11,6.0,paid
INV-10901,B197,2024-06-05,2024-07-20,96800.0,False,False,2024-07-19,-1.0,paid
INV-07777,B144,2024-06-05,2024-07-05,84900.0,False,False,2024-06-25,-10.0,paid
INV-06418,B115,2024-06-05,2024-07-20,63900.0,False,False,2024-07-26,6.0,paid
INV-06933,B129,2024-06-05,2024-07-20,47600.0,False,False,2024-07-20,0.0,paid
INV-11366,B205,2024-06-05,2024-07-20,37800.0,False,True,2024-07-31,11.0,paid
INV-03747,B071,2024-06-06,2024-07-06,43900.0,False,False,2024-07-12,6.0,paid
INV-07376,B138,2024-06-06,2024-07-06,54500.0,False,False,2024-07-12,6.0,paid
INV-02945,B056,2024-06-06,2024-07-21,80000.0,False,False,2024-08-10,20.0,paid
INV-11970,B214,2024-06-06,2024-07-21,143700.0,False,True,2024-10-20,91.0,paid
INV-05898,B104,2024-06-06,2024-07-06,41300.0,False,False,2024-06-26,-10.0,paid
INV-08536,B161,2024-06-06,2024-07-06,132600.0,False,False,2024-07-19,13.0,paid
INV-01104,B020,2024-06-06,2024-07-06,57700.0,False,False,2024-07-27,21.0,paid
INV-06623,B120,2024-06-06,2024-07-21,35700.0,False,False,2024-07-29,8.0,paid
INV-07778,B144,2024-06-06,2024-07-06,53400.0,True,True,2024-07-14,8.0,paid
INV-06514,B118,2024-06-06,2024-07-06,11300.0,False,False,2024-08-04,29.0,paid
INV-05715,B101,2024-06-06,2024-07-21,73100.0,False,False,2024-08-15,25.0,paid
INV-11758,B212,2024-06-06,2024-07-21,126600.0,False,False,2024-07-28,7.0,paid
INV-05714,B101,2024-06-06,2024-07-21,54600.0,False,False,2024-08-11,21.0,paid
INV-04007,B076,2024-06-06,2024-07-21,75800.0,False,True,2024-08-24,34.0,paid
INV-02797,B054,2024-06-07,2024-07-07,16000.0,False,False,2024-07-05,-2.0,paid
INV-05311,B097,2024-06-07,2024-07-07,84300.0,False,False,2024-07-21,14.0,paid
INV-04820,B089,2024-06-07,2024-07-07,49000.0,False,False,2024-07-14,7.0,paid
INV-04486,B086,2024-06-07,2024-07-22,257900.0,False,False,2024-07-18,-4.0,paid
INV-03708,B070,2024-06-07,2024-07-22,106500.0,False,False,2024-08-05,14.0,paid
INV-06162,B108,2024-06-07,2024-07-07,9600.0,False,True,2024-07-03,-4.0,paid
INV-01444,B025,2024-06-07,2024-07-22,23400.0,False,False,2024-08-24,33.0,paid
INV-04231,B081,2024-06-07,2024-07-07,29400.0,False,False,2024-08-03,27.0,paid
INV-11195,B202,2024-06-07,2024-07-07,4600.0,False,False,2024-08-09,33.0,paid
INV-07779,B144,2024-06-07,2024-07-07,117900.0,True,True,2024-08-17,41.0,paid
INV-00255,B005,2024-06-07,2024-07-07,80300.0,False,False,2024-07-02,-5.0,paid
INV-10595,B191,2024-06-07,2024-07-07,66600.0,False,False,2024-07-29,22.0,paid
INV-02619,B051,2024-06-07,2024-07-07,98100.0,False,False,2024-07-27,20.0,paid
INV-08537,B161,2024-06-08,2024-07-08,93200.0,False,False,2024-07-21,13.0,paid
INV-01779,B032,2024-06-08,2024-07-08,9300.0,False,False,2024-08-05,28.0,paid
INV-01618,B029,2024-06-08,2024-07-23,17800.0,False,False,2024-08-01,9.0,paid
INV-06562,B119,2024-06-08,2024-07-08,52600.0,False,False,2024-06-30,-8.0,paid
INV-00010,B000,2024-06-08,2024-07-23,13300.0,False,False,2024-07-21,-2.0,paid
INV-05899,B104,2024-06-08,2024-07-08,69300.0,False,False,2024-07-08,0.0,paid
INV-03547,B068,2024-06-08,2024-07-08,49900.0,False,False,2024-07-01,-7.0,paid
INV-07903,B145,2024-06-09,2024-07-24,15500.0,False,False,2024-07-15,-9.0,paid
INV-04691,B088,2024-06-09,2024-07-09,42200.0,False,False,2024-07-13,4.0,paid
INV-07377,B138,2024-06-09,2024-07-09,22000.0,False,False,2024-07-15,6.0,paid
INV-11426,B206,2024-06-09,2024-07-24,19900.0,False,False,2024-08-09,16.0,paid
INV-01046,B019,2024-06-09,2024-07-09,60300.0,True,True,2024-10-17,100.0,paid
INV-00931,B018,2024-06-09,2024-07-09,18800.0,False,False,2024-08-12,34.0,paid
INV-00764,B015,2024-06-09,2024-07-09,108300.0,False,False,2024-07-01,-8.0,paid
INV-01445,B025,2024-06-09,2024-07-24,42700.0,False,False,2024-08-26,33.0,paid
INV-07266,B136,2024-06-09,2024-07-09,46900.0,False,False,2024-07-07,-2.0,paid
INV-06624,B120,2024-06-10,2024-07-25,63600.0,True,False,2024-09-03,40.0,paid
INV-08429,B159,2024-06-10,2024-07-25,182300.0,False,False,2024-08-22,28.0,paid
INV-00372,B007,2024-06-10,2024-07-10,300600.0,False,True,2024-08-10,31.0,paid
INV-08214,B154,2024-06-10,2024-07-25,50500.0,False,False,2024-08-29,35.0,paid
INV-05312,B097,2024-06-10,2024-07-10,77200.0,False,False,2024-07-12,2.0,paid
INV-06331,B112,2024-06-10,2024-07-25,37800.0,False,False,2024-07-26,1.0,paid
INV-06848,B125,2024-06-10,2024-07-25,8800.0,False,False,2024-08-07,13.0,paid
INV-11070,B200,2024-06-10,2024-07-10,28000.0,False,False,2024-07-27,17.0,paid
INV-07644,B143,2024-06-10,2024-07-25,11700.0,False,False,2024-08-05,11.0,paid
INV-00093,B002,2024-06-10,2024-07-10,76200.0,False,True,2024-07-19,9.0,paid
INV-03411,B067,2024-06-10,2024-07-10,124500.0,False,False,2024-07-17,7.0,paid
INV-01446,B025,2024-06-11,2024-07-26,10900.0,False,False,2024-08-21,26.0,paid
INV-08538,B161,2024-06-11,2024-07-11,259300.0,False,False,2024-07-31,20.0,paid
INV-07970,B147,2024-06-11,2024-07-11,13300.0,False,False,2024-07-13,2.0,paid
INV-06419,B115,2024-06-11,2024-07-26,21800.0,False,False,2024-07-30,4.0,paid
INV-11427,B206,2024-06-11,2024-07-26,40100.0,False,False,2024-08-10,15.0,paid
INV-11760,B212,2024-06-11,2024-07-26,44600.0,False,False,2024-07-24,-2.0,paid
INV-02620,B051,2024-06-11,2024-07-11,75200.0,False,False,2024-07-29,18.0,paid
INV-11759,B212,2024-06-11,2024-07-26,46700.0,False,True,2024-08-06,11.0,paid
INV-06752,B122,2024-06-11,2024-07-26,13300.0,True,False,2024-07-29,3.0,paid
INV-00633,B013,2024-06-11,2024-07-26,13500.0,False,False,2024-08-29,34.0,paid
INV-04008,B076,2024-06-11,2024-07-26,59200.0,False,False,2024-08-19,24.0,paid
INV-00878,B017,2024-06-11,2024-07-11,17200.0,False,False,2024-07-01,-10.0,paid
INV-03790,B072,2024-06-11,2024-07-11,13700.0,False,False,2024-07-17,6.0,paid
INV-00932,B018,2024-06-11,2024-07-11,31000.0,False,False,2024-08-18,38.0,paid
INV-04088,B077,2024-06-11,2024-07-26,70400.0,False,False,2024-07-20,-6.0,paid
INV-00933,B018,2024-06-12,2024-07-12,21600.0,False,False,2024-08-16,35.0,paid
INV-06753,B122,2024-06-12,2024-07-27,59900.0,False,False,2024-10-09,74.0,paid
INV-09368,B174,2024-06-12,2024-07-12,20100.0,False,False,2024-07-07,-5.0,paid
INV-02097,B039,2024-06-12,2024-07-27,19600.0,False,False,2024-08-04,8.0,paid
INV-00319,B006,2024-06-12,2024-07-27,137500.0,False,True,2024-08-19,23.0,paid
INV-10344,B187,2024-06-12,2024-07-12,104500.0,False,False,2024-08-16,35.0,paid
INV-11761,B212,2024-06-12,2024-07-27,47400.0,False,False,2024-07-24,-3.0,paid
INV-04009,B076,2024-06-12,2024-07-27,67400.0,False,False,2024-08-29,33.0,paid
INV-11762,B212,2024-06-13,2024-07-28,39500.0,False,True,2024-08-03,6.0,paid
INV-05028,B093,2024-06-13,2024-07-28,25000.0,False,False,2024-07-18,-10.0,paid
INV-03905,B074,2024-06-13,2024-07-13,36200.0,False,False,2024-07-30,17.0,paid
INV-00186,B003,2024-06-13,2024-07-13,24100.0,False,False,2024-08-19,37.0,paid
INV-02241,B041,2024-06-13,2024-07-28,25500.0,False,False,2024-08-06,9.0,paid
INV-06495,B117,2024-06-13,2024-07-13,84700.0,False,False,2024-08-06,24.0,paid
INV-04232,B081,2024-06-13,2024-07-13,27200.0,False,False,2024-08-12,30.0,paid
INV-01679,B030,2024-06-13,2024-07-13,47700.0,False,False,2024-07-03,-10.0,paid
INV-04362,B084,2024-06-13,2024-07-28,14300.0,False,False,2024-08-27,30.0,paid
INV-02621,B051,2024-06-14,2024-07-14,190200.0,False,False,2024-08-05,22.0,paid
INV-09369,B174,2024-06-14,2024-07-14,41800.0,False,False,2024-07-15,1.0,paid
INV-02262,B042,2024-06-14,2024-07-14,185800.0,False,False,2024-09-09,57.0,paid
INV-09878,B182,2024-06-14,2024-07-14,277800.0,False,False,2024-07-25,11.0,paid
INV-01447,B025,2024-06-14,2024-07-29,13000.0,False,False,2024-11-12,106.0,paid
INV-04692,B088,2024-06-14,2024-07-14,31700.0,True,False,2024-08-28,45.0,paid
INV-04183,B080,2024-06-14,2024-07-14,406000.0,False,True,2024-08-09,26.0,paid
INV-12096,B218,2024-06-14,2024-07-29,57500.0,False,False,2024-08-05,7.0,paid
INV-07609,B142,2024-06-14,2024-07-14,104100.0,False,False,2024-08-07,24.0,paid
INV-01301,B023,2024-06-14,2024-07-29,30500.0,False,False,2024-08-19,21.0,paid
INV-05900,B104,2024-06-14,2024-07-14,78000.0,True,False,2024-08-09,26.0,paid
INV-10784,B195,2024-06-14,2024-07-14,10400.0,False,False,2024-08-17,34.0,paid
INV-08166,B151,2024-06-15,2024-07-30,38200.0,False,False,2024-07-26,-4.0,paid
INV-10239,B186,2024-06-15,2024-07-30,180900.0,False,False,2024-08-28,29.0,paid
INV-01505,B026,2024-06-15,2024-07-30,48600.0,False,False,2024-08-18,19.0,paid
INV-00829,B016,2024-06-15,2024-07-30,58100.0,False,False,2024-08-19,20.0,paid
INV-12021,B216,2024-06-15,2024-07-30,31400.0,False,False,2024-08-15,16.0,paid
INV-08165,B151,2024-06-15,2024-07-30,41600.0,True,False,2024-09-07,39.0,paid
INV-11367,B205,2024-06-15,2024-07-30,72600.0,False,False,2024-07-21,-9.0,paid
INV-10425,B188,2024-06-15,2024-07-15,15500.0,False,False,2024-07-16,1.0,paid
INV-05562,B100,2024-06-15,2024-07-15,59300.0,False,False,2024-08-04,20.0,paid
INV-01948,B037,2024-06-15,2024-07-30,363800.0,False,False,2024-08-07,8.0,paid
INV-03791,B072,2024-06-15,2024-07-15,21300.0,False,False,2024-07-17,2.0,paid
INV-08953,B168,2024-06-15,2024-07-30,74400.0,False,False,2024-08-23,24.0,paid
INV-05563,B100,2024-06-15,2024-07-15,44500.0,False,False,2024-12-05,143.0,paid
INV-00011,B000,2024-06-15,2024-07-30,12600.0,False,False,2024-08-04,5.0,paid
INV-09370,B174,2024-06-15,2024-07-15,68400.0,False,False,2024-07-19,4.0,paid
INV-10785,B195,2024-06-15,2024-07-15,20600.0,False,False,2024-08-06,22.0,paid
INV-00934,B018,2024-06-16,2024-07-16,25800.0,False,False,2024-08-21,36.0,paid
INV-04880,B090,2024-06-16,2024-07-31,69600.0,False,False,2024-08-02,2.0,paid
INV-00256,B005,2024-06-16,2024-07-16,43800.0,False,False,2024-07-06,-10.0,paid
INV-01506,B026,2024-06-16,2024-07-31,77900.0,False,False,2024-08-08,8.0,paid
INV-06420,B115,2024-06-16,2024-07-31,22700.0,False,True,2024-08-20,20.0,paid
INV-02946,B056,2024-06-16,2024-07-31,145800.0,False,False,2024-08-24,24.0,paid
INV-01105,B020,2024-06-16,2024-07-16,53800.0,False,False,2024-08-06,21.0,paid
INV-06248,B109,2024-06-16,2024-07-16,68100.0,False,False,2024-08-18,33.0,paid
INV-00691,B014,2024-06-16,2024-07-16,125600.0,False,False,2024-07-21,5.0,paid
INV-02565,B050,2024-06-16,2024-07-16,54000.0,True,False,2024-09-26,72.0,paid
INV-05564,B100,2024-06-16,2024-07-16,62100.0,False,False,2024-08-15,30.0,paid
INV-08167,B151,2024-06-16,2024-07-31,64500.0,False,False,2024-08-09,9.0,paid
INV-11505,B207,2024-06-17,2024-07-17,51600.0,False,False,2024-07-29,12.0,paid
INV-02387,B046,2024-06-17,2024-08-01,27600.0,False,False,2024-08-26,25.0,paid
INV-00469,B009,2024-06-17,2024-08-01,39900.0,False,False,2024-08-12,11.0,paid
INV-06795,B123,2024-06-17,2024-08-01,84900.0,True,False,2024-10-18,78.0,paid
INV-09746,B179,2024-06-17,2024-07-17,16300.0,False,False,2024-09-21,66.0,paid
INV-02870,B055,2024-06-17,2024-07-17,36100.0,False,False,2024-08-08,22.0,paid
INV-00056,B001,2024-06-17,2024-08-01,25300.0,False,False,2024-08-18,17.0,paid
INV-09165,B170,2024-06-17,2024-08-01,4300.0,False,False,2024-08-28,27.0,paid
INV-05901,B104,2024-06-17,2024-07-17,144000.0,False,False,2024-07-22,5.0,paid
INV-07534,B140,2024-06-17,2024-08-01,3800.0,False,False,2024-08-07,6.0,paid
INV-08034,B148,2024-06-18,2024-07-18,13200.0,False,False,2024-07-21,3.0,paid
INV-11231,B203,2024-06-18,2024-07-18,5200.0,False,False,2024-08-07,20.0,paid
INV-08431,B159,2024-06-18,2024-08-02,121000.0,True,False,2024-10-05,64.0,paid
INV-08430,B159,2024-06-18,2024-08-02,52100.0,False,False,2024-08-26,24.0,paid
INV-07000,B131,2024-06-18,2024-08-02,53500.0,True,False,2024-09-02,31.0,paid
INV-07001,B131,2024-06-18,2024-08-02,145900.0,False,False,2024-08-15,13.0,paid
INV-05565,B100,2024-06-18,2024-07-18,44700.0,True,False,2024-08-26,39.0,paid
INV-07573,B141,2024-06-18,2024-07-18,282700.0,False,False,2024-08-01,14.0,paid
INV-06421,B115,2024-06-18,2024-08-02,25400.0,False,False,2024-08-06,4.0,paid
INV-04821,B089,2024-06-18,2024-07-18,37400.0,False,False,2024-07-14,-4.0,paid
INV-04412,B085,2024-06-18,2024-07-18,104800.0,False,False,2024-08-09,22.0,paid
INV-04941,B091,2024-06-18,2024-07-18,11300.0,False,False,2024-08-03,16.0,paid
INV-08954,B168,2024-06-18,2024-08-02,129300.0,False,False,2024-08-15,13.0,paid
INV-08955,B168,2024-06-18,2024-08-02,51700.0,False,False,2024-08-19,17.0,paid
INV-03112,B059,2024-06-18,2024-08-02,6500.0,True,False,2024-10-01,60.0,paid
INV-07645,B143,2024-06-18,2024-08-02,20200.0,False,False,2024-08-04,2.0,paid
INV-00257,B005,2024-06-19,2024-07-19,33600.0,False,False,2024-07-15,-4.0,paid
INV-07780,B144,2024-06-19,2024-07-19,141800.0,False,False,2024-07-16,-3.0,paid
INV-05716,B101,2024-06-19,2024-08-03,129100.0,True,False,2024-10-21,79.0,paid
INV-00935,B018,2024-06-19,2024-07-19,31600.0,False,False,2024-09-05,48.0,paid
INV-02022,B038,2024-06-19,2024-07-19,50300.0,False,False,2024-08-10,22.0,paid
INV-05480,B099,2024-06-19,2024-07-19,138300.0,False,False,2024-07-23,4.0,paid
INV-04487,B086,2024-06-19,2024-08-03,121000.0,False,False,2024-08-07,4.0,paid
INV-12097,B218,2024-06-19,2024-08-03,55100.0,False,False,2024-08-20,17.0,paid
INV-02098,B039,2024-06-20,2024-08-04,10500.0,False,True,2024-08-13,9.0,paid
INV-00634,B013,2024-06-20,2024-08-04,38800.0,False,False,2024-09-25,52.0,paid
INV-04184,B080,2024-06-20,2024-07-20,269900.0,False,False,2024-08-05,16.0,paid
INV-02023,B038,2024-06-20,2024-07-20,22400.0,False,False,2024-07-30,10.0,paid
INV-12098,B218,2024-06-20,2024-08-04,75300.0,False,False,2024-08-20,16.0,paid
INV-08035,B148,2024-06-20,2024-07-20,9400.0,False,False,2024-07-18,-2.0,paid
INV-10694,B193,2024-06-20,2024-08-04,70100.0,False,False,2024-08-29,25.0,paid
INV-10240,B186,2024-06-20,2024-08-04,231400.0,False,False,2024-08-08,4.0,paid
INV-11581,B209,2024-06-20,2024-08-04,80400.0,False,False,2024-07-31,-4.0,paid
INV-01366,B024,2024-06-20,2024-07-20,108700.0,False,False,2024-07-10,-10.0,paid
INV-03412,B067,2024-06-20,2024-07-20,75200.0,False,False,2024-07-14,-6.0,paid
INV-11506,B207,2024-06-20,2024-07-20,43700.0,False,True,2024-08-03,14.0,paid
INV-09205,B171,2024-06-20,2024-07-20,299900.0,False,False,2024-08-10,21.0,paid
INV-00830,B016,2024-06-20,2024-08-04,27900.0,False,False,2024-08-07,3.0,paid
INV-08837,B166,2024-06-20,2024-07-20,31900.0,False,False,2024-07-14,-6.0,paid
INV-05029,B093,2024-06-20,2024-08-04,89700.0,False,True,2024-09-01,28.0,paid
INV-02291,B043,2024-06-20,2024-08-04,16500.0,False,False,2024-08-29,25.0,paid
INV-03632,B069,2024-06-21,2024-07-21,68300.0,True,False,2024-09-15,56.0,paid
INV-07206,B135,2024-06-21,2024-08-05,17900.0,False,True,2024-08-28,23.0,paid
INV-01949,B037,2024-06-21,2024-08-05,189300.0,False,False,2024-08-06,1.0,paid
INV-03277,B064,2024-06-21,2024-08-05,116100.0,False,False,2024-09-03,29.0,paid
INV-08707,B163,2024-06-21,2024-07-21,155200.0,True,False,2024-09-18,59.0,paid
INV-02242,B041,2024-06-21,2024-08-05,45500.0,False,False,2024-08-06,1.0,paid
INV-11232,B203,2024-06-21,2024-07-21,9600.0,False,False,2024-08-17,27.0,paid
INV-11233,B203,2024-06-21,2024-07-21,7400.0,False,False,2024-08-27,37.0,paid
INV-09578,B176,2024-06-22,2024-08-06,10900.0,False,False,2024-08-31,25.0,paid
INV-10741,B194,2024-06-22,2024-08-06,113600.0,False,True,2024-08-19,13.0,paid
INV-08708,B163,2024-06-22,2024-07-22,8700.0,False,True,2024-08-19,28.0,paid
INV-06972,B130,2024-06-22,2024-07-22,22100.0,False,True,2024-08-13,22.0,paid
INV-06625,B120,2024-06-22,2024-08-06,35600.0,False,False,2024-08-20,14.0,paid
INV-08539,B161,2024-06-22,2024-07-22,61200.0,False,False,2024-08-03,12.0,paid
INV-03413,B067,2024-06-22,2024-07-22,52200.0,False,False,2024-07-12,-10.0,paid
INV-04973,B092,2024-06-22,2024-08-06,15100.0,True,False,2024-08-13,7.0,paid
INV-07107,B133,2024-06-23,2024-07-23,28700.0,False,False,2024-08-02,10.0,paid
INV-04363,B084,2024-06-23,2024-08-07,20500.0,False,False,2024-09-12,36.0,paid
INV-01047,B019,2024-06-23,2024-07-23,30500.0,False,False,2024-09-21,60.0,paid
INV-02024,B038,2024-06-23,2024-07-23,61500.0,False,False,2024-08-10,18.0,paid
INV-06093,B107,2024-06-23,2024-08-07,93000.0,False,False,2024-08-10,3.0,paid
INV-07267,B136,2024-06-23,2024-07-23,99000.0,False,False,2024-07-20,-3.0,paid
INV-02442,B047,2024-06-23,2024-07-23,103000.0,False,True,2024-07-25,2.0,paid
INV-08188,B152,2024-06-23,2024-08-07,37300.0,False,False,2024-08-04,-3.0,paid
INV-07781,B144,2024-06-23,2024-07-23,72400.0,False,False,2024-07-13,-10.0,paid
INV-04693,B088,2024-06-24,2024-07-24,23200.0,False,False,2024-07-14,-10.0,paid
INV-01302,B023,2024-06-24,2024-08-08,31400.0,False,False,2024-08-30,22.0,paid
INV-05902,B104,2024-06-24,2024-07-24,57100.0,False,False,2024-07-17,-7.0,paid
INV-11428,B206,2024-06-24,2024-08-08,16900.0,False,False,2024-08-19,11.0,paid
INV-09579,B176,2024-06-24,2024-08-08,5300.0,False,False,2024-08-18,10.0,paid
INV-00094,B002,2024-06-24,2024-07-24,152900.0,False,False,2024-07-31,7.0,paid
INV-03748,B071,2024-06-24,2024-07-24,31600.0,False,False,2024-07-31,7.0,paid
INV-10346,B187,2024-06-24,2024-07-24,115700.0,False,False,2024-07-31,7.0,paid
INV-10345,B187,2024-06-24,2024-07-24,89100.0,False,False,2024-08-25,32.0,paid
INV-10241,B186,2024-06-24,2024-08-08,139000.0,False,False,2024-08-27,19.0,paid
INV-06626,B120,2024-06-24,2024-08-08,31100.0,True,False,2024-09-21,44.0,paid
INV-10786,B195,2024-06-25,2024-07-25,14300.0,False,False,2024-08-16,22.0,paid
INV-02493,B048,2024-06-25,2024-08-09,41500.0,False,False,2024-08-19,10.0,paid
INV-03146,B060,2024-06-25,2024-08-09,25900.0,False,False,2024-08-14,5.0,paid
INV-06627,B120,2024-06-25,2024-08-09,36700.0,False,False,2024-08-17,8.0,paid
INV-03548,B068,2024-06-25,2024-07-25,48900.0,False,False,2024-07-15,-10.0,paid
INV-10138,B185,2024-06-25,2024-08-09,83100.0,True,False,2024-09-26,48.0,paid
INV-04488,B086,2024-06-25,2024-08-09,70800.0,False,False,2024-08-05,-4.0,paid
INV-09828,B181,2024-06-25,2024-08-09,104800.0,False,False,2024-08-22,13.0,paid
INV-00557,B011,2024-06-25,2024-08-09,19700.0,True,False,2024-09-29,51.0,paid
INV-01106,B020,2024-06-25,2024-07-25,214000.0,False,False,2024-08-17,23.0,paid
INV-01107,B020,2024-06-25,2024-07-25,171200.0,False,False,2024-08-23,29.0,paid
INV-05566,B100,2024-06-25,2024-07-25,29500.0,False,False,2024-08-10,16.0,paid
INV-08540,B161,2024-06-26,2024-07-26,56300.0,False,False,2024-08-12,17.0,paid
INV-04364,B084,2024-06-26,2024-08-10,10900.0,False,False,2024-09-20,41.0,paid
INV-03113,B059,2024-06-26,2024-08-10,22800.0,False,False,2024-09-14,35.0,paid
INV-03415,B067,2024-06-26,2024-07-26,39700.0,False,False,2024-07-16,-10.0,paid
INV-03414,B067,2024-06-26,2024-07-26,63800.0,False,True,2024-08-02,7.0,paid
INV-03186,B061,2024-06-26,2024-07-26,23600.0,False,False,2024-07-16,-10.0,paid
INV-10787,B195,2024-06-26,2024-07-26,12500.0,False,True,2024-09-06,42.0,paid
INV-08800,B165,2024-06-26,2024-07-26,4500.0,False,False,2024-07-16,-10.0,paid
INV-09627,B177,2024-06-26,2024-08-10,103800.0,False,False,2024-08-30,20.0,paid
INV-05417,B098,2024-06-26,2024-07-26,12600.0,False,False,2024-07-16,-10.0,paid
INV-11507,B207,2024-06-26,2024-07-26,51600.0,False,False,2024-07-20,-6.0,paid
INV-05097,B094,2024-06-26,2024-08-10,24600.0,False,False,2024-08-04,-6.0,paid
INV-07042,B132,2024-06-26,2024-08-10,91600.0,False,False,2024-08-22,12.0,paid
INV-05795,B102,2024-06-27,2024-08-11,38600.0,False,False,2024-08-01,-10.0,paid
INV-00635,B013,2024-06-27,2024-08-11,13800.0,False,False,2024-09-10,30.0,paid
INV-08956,B168,2024-06-27,2024-08-11,40900.0,False,False,2024-08-24,13.0,paid
INV-00558,B011,2024-06-27,2024-08-11,36300.0,False,False,2024-08-29,18.0,paid
INV-07301,B137,2024-06-27,2024-08-11,21700.0,False,False,2024-08-01,-10.0,paid
INV-05030,B093,2024-06-27,2024-08-11,31900.0,False,True,2024-08-22,11.0,paid
INV-06332,B112,2024-06-27,2024-08-11,18800.0,False,False,2024-08-01,-10.0,paid
INV-06628,B120,2024-06-27,2024-08-11,23800.0,False,False,2024-08-23,12.0,paid
INV-02871,B055,2024-06-27,2024-07-27,28400.0,False,False,2024-08-21,25.0,paid
INV-09678,B178,2024-06-27,2024-07-27,17500.0,False,False,2024-08-13,17.0,paid
INV-04413,B085,2024-06-27,2024-07-27,91400.0,False,False,2024-08-15,19.0,paid
INV-09251,B172,2024-06-27,2024-08-11,10900.0,False,False,2024-08-14,3.0,paid
INV-10695,B193,2024-06-28,2024-08-12,47100.0,False,True,2024-09-24,43.0,paid
INV-07043,B132,2024-06-28,2024-08-12,65800.0,False,False,2024-08-09,-3.0,paid
INV-04881,B090,2024-06-28,2024-08-12,65100.0,False,False,2024-08-20,8.0,paid
INV-06724,B121,2024-06-28,2024-08-12,180400.0,False,False,2024-09-03,22.0,paid
INV-00559,B011,2024-06-28,2024-08-12,17700.0,False,False,2024-09-03,22.0,paid
INV-04489,B086,2024-06-28,2024-08-12,186400.0,False,True,2024-08-12,0.0,paid
INV-11071,B200,2024-06-28,2024-07-28,29100.0,False,False,2024-08-17,20.0,paid
INV-04116,B078,2024-06-29,2024-07-29,17200.0,False,False,2024-08-05,7.0,paid
INV-10535,B190,2024-06-29,2024-08-13,113400.0,False,False,2024-09-17,35.0,paid
INV-02798,B054,2024-06-29,2024-07-29,20500.0,False,False,2024-07-31,2.0,paid
INV-00012,B000,2024-06-29,2024-08-13,16900.0,False,False,2024-08-12,-1.0,paid
INV-01367,B024,2024-06-29,2024-07-29,212200.0,False,False,2024-07-19,-10.0,paid
INV-07378,B138,2024-06-29,2024-07-29,24800.0,False,False,2024-08-04,6.0,paid
INV-03906,B074,2024-06-29,2024-07-29,10400.0,False,False,2024-08-01,3.0,paid
INV-00492,B010,2024-06-29,2024-08-13,23100.0,False,True,2024-08-31,18.0,paid
INV-08709,B163,2024-06-30,2024-07-30,27700.0,False,False,2024-08-08,9.0,paid
INV-07782,B144,2024-06-30,2024-07-30,83100.0,True,False,2024-08-15,16.0,paid
INV-11509,B207,2024-06-30,2024-07-30,34700.0,False,False,2024-08-01,2.0,paid
INV-11508,B207,2024-06-30,2024-07-30,20700.0,False,False,2024-11-07,100.0,paid
INV-09371,B174,2024-06-30,2024-07-30,33700.0,False,False,2024-07-30,0.0,paid
INV-01448,B025,2024-06-30,2024-08-14,13200.0,False,False,2024-09-10,27.0,paid
INV-11072,B200,2024-06-30,2024-07-30,21700.0,False,False,2024-07-31,1.0,paid
INV-04694,B088,2024-06-30,2024-07-30,39700.0,False,False,2024-07-20,-10.0,paid
INV-10995,B199,2024-06-30,2024-08-14,8800.0,False,False,2024-08-04,-10.0,paid
INV-03792,B072,2024-07-01,2024-07-31,20700.0,False,False,2024-08-10,10.0,paid
INV-03633,B069,2024-07-01,2024-07-31,62600.0,True,False,2024-10-15,76.0,paid
INV-08662,B162,2024-07-01,2024-07-31,13100.0,False,False,2024-08-14,14.0,paid
INV-00415,B008,2024-07-01,2024-08-15,43500.0,False,False,2024-08-28,13.0,paid
INV-06629,B120,2024-07-01,2024-08-15,73100.0,False,False,2024-08-27,12.0,paid
INV-02388,B046,2024-07-01,2024-08-15,8600.0,False,True,2024-08-15,0.0,paid
INV-06282,B110,2024-07-01,2024-07-31,10000.0,False,False,2024-08-09,9.0,paid
INV-04974,B092,2024-07-01,2024-08-15,38100.0,False,False,2024-08-13,-2.0,paid
INV-09879,B182,2024-07-01,2024-07-31,97800.0,False,True,2024-08-03,3.0,paid
INV-07535,B140,2024-07-01,2024-08-15,5100.0,False,False,2024-08-18,3.0,paid
INV-09580,B176,2024-07-02,2024-08-16,18800.0,False,True,2024-09-24,39.0,paid
INV-02799,B054,2024-07-02,2024-08-01,19000.0,False,True,2024-08-04,3.0,paid
INV-06796,B123,2024-07-02,2024-08-16,139900.0,False,False,2024-09-26,41.0,paid
INV-04695,B088,2024-07-02,2024-08-01,28100.0,False,False,2024-07-22,-10.0,paid
INV-11763,B212,2024-07-02,2024-08-16,99400.0,False,True,2024-09-03,18.0,paid
INV-11429,B206,2024-07-02,2024-08-16,20000.0,False,False,2024-08-27,11.0,paid
INV-05903,B104,2024-07-02,2024-08-01,185900.0,True,False,2024-09-02,32.0,paid
INV-03709,B070,2024-07-02,2024-08-16,138400.0,False,False,2024-08-23,7.0,paid
INV-02872,B055,2024-07-02,2024-08-01,27200.0,False,False,2024-08-15,14.0,paid
INV-07302,B137,2024-07-02,2024-08-16,74600.0,False,False,2024-08-14,-2.0,paid
INV-07303,B137,2024-07-03,2024-08-17,17400.0,False,False,2024-08-07,-10.0,paid
INV-07646,B143,2024-07-03,2024-08-17,17100.0,False,False,2024-08-16,-1.0,paid
INV-04696,B088,2024-07-03,2024-08-02,55200.0,False,False,2024-07-31,-2.0,paid
INV-06249,B109,2024-07-03,2024-08-02,43000.0,False,False,2024-08-28,26.0,paid
INV-10536,B190,2024-07-03,2024-08-17,117400.0,False,False,2024-09-14,28.0,paid
INV-03634,B069,2024-07-03,2024-08-02,33800.0,False,False,2024-08-27,25.0,paid
INV-08036,B148,2024-07-03,2024-08-02,17500.0,False,True,2024-08-31,29.0,paid
INV-11510,B207,2024-07-03,2024-08-02,21200.0,False,True,2024-08-09,7.0,paid
INV-06973,B130,2024-07-03,2024-08-02,35100.0,False,False,2024-07-30,-3.0,paid
INV-02185,B040,2024-07-04,2024-08-03,39500.0,False,False,2024-07-31,-3.0,paid
INV-03322,B065,2024-07-04,2024-08-03,219000.0,False,False,2024-08-12,9.0,paid
INV-03710,B070,2024-07-04,2024-08-18,176600.0,False,False,2024-09-17,30.0,paid
INV-05481,B099,2024-07-04,2024-08-03,81000.0,False,True,2024-09-08,36.0,paid
INV-00416,B008,2024-07-04,2024-08-18,26000.0,False,False,2024-08-29,11.0,paid
INV-06094,B107,2024-07-04,2024-08-18,31300.0,False,False,2024-08-23,5.0,paid
INV-04298,B082,2024-07-04,2024-08-18,40400.0,False,False,2024-08-28,10.0,paid
INV-04233,B081,2024-07-04,2024-08-03,8600.0,False,False,2024-08-22,19.0,paid
INV-04697,B088,2024-07-05,2024-08-04,41700.0,False,False,2024-07-25,-10.0,paid
INV-01869,B035,2024-07-05,2024-08-19,36400.0,False,False,2024-08-09,-10.0,paid
INV-12022,B216,2024-07-05,2024-08-19,24100.0,False,False,2024-09-18,30.0,paid
INV-01204,B021,2024-07-05,2024-08-19,13300.0,False,False,2024-08-20,1.0,paid
INV-03278,B064,2024-07-05,2024-08-19,95300.0,False,False,2024-09-07,19.0,paid
INV-08287,B156,2024-07-05,2024-08-04,19400.0,False,False,2024-08-22,18.0,paid
INV-08432,B159,2024-07-05,2024-08-19,82200.0,False,False,2024-09-17,29.0,paid
INV-02947,B056,2024-07-05,2024-08-19,99400.0,False,False,2024-09-10,22.0,paid
INV-01834,B034,2024-07-05,2024-08-19,95400.0,False,False,2024-09-05,17.0,paid
INV-00258,B005,2024-07-05,2024-08-04,32400.0,False,False,2024-07-25,-10.0,paid
INV-09880,B182,2024-07-05,2024-08-04,49000.0,False,False,2024-08-01,-3.0,paid
INV-01108,B020,2024-07-05,2024-08-04,76600.0,False,False,2024-08-19,15.0,paid
INV-09981,B183,2024-07-05,2024-08-19,379500.0,False,False,2024-10-03,45.0,paid
INV-07783,B144,2024-07-05,2024-08-04,39700.0,False,False,2024-07-25,-10.0,paid
INV-07784,B144,2024-07-05,2024-08-04,90800.0,False,False,2024-08-08,4.0,paid
INV-06630,B120,2024-07-05,2024-08-19,30300.0,False,False,2024-08-17,-2.0,paid
INV-10087,B184,2024-07-05,2024-08-04,53400.0,False,False,2024-08-28,24.0,paid
INV-09980,B183,2024-07-05,2024-08-19,71000.0,False,True,2024-09-30,42.0,paid
INV-00013,B000,2024-07-05,2024-08-19,24800.0,False,False,2024-08-23,4.0,paid
INV-00936,B018,2024-07-05,2024-08-04,13800.0,False,False,2024-09-22,49.0,paid
INV-04010,B076,2024-07-06,2024-08-20,150300.0,False,True,2024-09-28,39.0,paid
INV-05717,B101,2024-07-06,2024-08-20,51700.0,False,False,2024-09-12,23.0,paid
INV-03069,B058,2024-07-06,2024-08-20,59300.0,False,False,2024-09-06,17.0,paid
INV-03793,B072,2024-07-06,2024-08-05,29100.0,False,False,2024-08-05,0.0,paid
INV-06974,B130,2024-07-06,2024-08-05,14200.0,False,False,2024-07-26,-10.0,paid
INV-01619,B029,2024-07-06,2024-08-20,53700.0,False,False,2024-09-09,20.0,paid
INV-07536,B140,2024-07-06,2024-08-20,6000.0,False,False,2024-08-25,5.0,paid
INV-08131,B150,2024-07-06,2024-08-20,40300.0,False,True,2024-09-11,22.0,paid
INV-01303,B023,2024-07-06,2024-08-20,33200.0,False,True,2024-09-24,35.0,paid
INV-05567,B100,2024-07-06,2024-08-05,110700.0,False,False,2024-09-11,37.0,paid
INV-12099,B218,2024-07-06,2024-08-20,286600.0,False,False,2024-09-18,29.0,paid
INV-09479,B175,2024-07-07,2024-08-06,87400.0,False,False,2024-08-05,-1.0,paid
INV-00057,B001,2024-07-07,2024-08-21,71300.0,False,False,2024-08-31,10.0,paid
INV-08288,B156,2024-07-07,2024-08-06,10000.0,False,False,2024-08-25,19.0,paid
INV-07149,B134,2024-07-07,2024-08-21,58900.0,False,False,2024-09-16,26.0,paid
INV-03416,B067,2024-07-07,2024-08-06,43100.0,False,False,2024-07-29,-8.0,paid
INV-04698,B088,2024-07-07,2024-08-06,49400.0,False,False,2024-07-27,-10.0,paid
INV-06351,B113,2024-07-07,2024-08-21,88800.0,False,False,2024-09-27,37.0,paid
INV-04822,B089,2024-07-07,2024-08-06,41800.0,False,False,2024-07-27,-10.0,paid
INV-04975,B092,2024-07-07,2024-08-21,11400.0,False,False,2024-08-11,-10.0,paid
INV-01680,B030,2024-07-07,2024-08-06,75700.0,False,False,2024-08-01,-5.0,paid
INV-06352,B113,2024-07-07,2024-08-21,326600.0,False,True,2024-10-15,55.0,paid
INV-09982,B183,2024-07-07,2024-08-21,85700.0,False,False,2024-09-17,27.0,paid
INV-08541,B161,2024-07-07,2024-08-06,73500.0,False,False,2024-08-09,3.0,paid
INV-06384,B114,2024-07-07,2024-08-21,4900.0,False,False,2025-01-10,142.0,paid
INV-07379,B138,2024-07-07,2024-08-06,26100.0,False,False,2024-08-21,15.0,paid
INV-05796,B102,2024-07-07,2024-08-21,58400.0,False,False,2024-08-13,-8.0,paid
INV-07207,B135,2024-07-08,2024-08-22,50700.0,False,False,2024-09-21,30.0,paid
INV-04976,B092,2024-07-08,2024-08-22,15400.0,False,False,2024-08-12,-10.0,paid
INV-00831,B016,2024-07-08,2024-08-22,36300.0,False,False,2024-09-10,19.0,paid
INV-07574,B141,2024-07-08,2024-08-07,91900.0,False,False,2024-08-23,16.0,paid
INV-00259,B005,2024-07-08,2024-08-07,39600.0,False,False,2024-08-03,-4.0,paid
INV-07380,B138,2024-07-09,2024-08-08,27900.0,False,False,2024-08-08,0.0,paid
INV-06037,B105,2024-07-09,2024-08-08,140100.0,False,False,2024-08-09,1.0,paid
INV-07108,B133,2024-07-09,2024-08-08,18800.0,False,False,2024-08-09,1.0,paid
INV-07647,B143,2024-07-09,2024-08-23,20800.0,False,False,2024-09-09,17.0,paid
INV-10088,B184,2024-07-09,2024-08-08,123100.0,False,False,2024-09-01,24.0,paid
INV-07785,B144,2024-07-09,2024-08-08,52700.0,False,False,2024-07-31,-8.0,paid
INV-09983,B183,2024-07-09,2024-08-23,137200.0,False,False,2024-09-17,25.0,paid
INV-02873,B055,2024-07-09,2024-08-08,38700.0,False,False,2024-08-23,15.0,paid
INV-01743,B031,2024-07-09,2024-08-08,21400.0,True,False,2024-08-31,23.0,paid
INV-01950,B037,2024-07-09,2024-08-23,258100.0,False,False,2024-09-05,13.0,paid
INV-00636,B013,2024-07-10,2024-08-24,15500.0,True,False,2024-10-27,64.0,paid
INV-11511,B207,2024-07-10,2024-08-09,17900.0,False,False,2024-08-07,-2.0,paid
INV-02099,B039,2024-07-10,2024-08-24,17800.0,False,False,2024-08-30,6.0,paid
INV-11512,B207,2024-07-10,2024-08-09,18600.0,True,True,2024-09-10,32.0,paid
INV-05098,B094,2024-07-10,2024-08-24,30900.0,False,False,2024-08-27,3.0,paid
INV-09747,B179,2024-07-10,2024-08-09,19900.0,False,False,2024-09-02,24.0,paid
INV-12023,B216,2024-07-10,2024-08-24,12100.0,False,False,2024-09-25,32.0,paid
INV-05099,B094,2024-07-10,2024-08-24,35100.0,False,False,2024-08-21,-3.0,paid
INV-03417,B067,2024-07-10,2024-08-09,63300.0,False,True,2024-08-05,-4.0,paid
INV-08107,B149,2024-07-10,2024-08-09,48700.0,False,False,2024-10-05,57.0,paid
INV-01870,B035,2024-07-10,2024-08-24,15900.0,False,False,2024-08-14,-10.0,paid
INV-10940,B198,2024-07-10,2024-08-24,29900.0,False,False,2024-10-19,56.0,paid
INV-10696,B193,2024-07-10,2024-08-24,37800.0,False,False,2024-09-07,14.0,paid
INV-11997,B215,2024-07-10,2024-08-09,73800.0,False,False,2024-09-28,50.0,paid
INV-07575,B141,2024-07-10,2024-08-09,80400.0,False,True,2025-01-20,164.0,paid
INV-08801,B165,2024-07-10,2024-08-09,30400.0,False,False,2024-08-15,6.0,paid
INV-00937,B018,2024-07-10,2024-08-09,20900.0,False,False,2024-11-16,99.0,paid
INV-02948,B056,2024-07-10,2024-08-24,245900.0,False,False,2024-09-20,27.0,paid
INV-12184,B219,2024-07-10,2024-08-09,6500.0,False,False,2024-08-11,2.0,paid
INV-01109,B020,2024-07-10,2024-08-09,102300.0,False,False,2024-09-03,25.0,paid
INV-09480,B175,2024-07-10,2024-08-09,74600.0,False,False,2024-08-01,-8.0,paid
INV-05568,B100,2024-07-11,2024-08-10,41200.0,False,False,2024-09-19,40.0,paid
INV-10941,B198,2024-07-11,2024-08-25,13100.0,False,False,2025-02-24,183.0,paid
INV-03907,B074,2024-07-11,2024-08-10,5100.0,False,True,2024-08-29,19.0,paid
INV-03549,B068,2024-07-11,2024-08-10,80100.0,False,False,2024-07-31,-10.0,paid
INV-07444,B139,2024-07-11,2024-08-10,42500.0,False,True,2024-09-12,33.0,paid
INV-09679,B178,2024-07-11,2024-08-10,13600.0,False,False,2024-08-26,16.0,paid
INV-09680,B178,2024-07-11,2024-08-10,35800.0,False,False,2024-09-09,30.0,paid
INV-05904,B104,2024-07-11,2024-08-10,19000.0,False,True,2024-07-31,-10.0,paid
INV-06849,B125,2024-07-11,2024-08-25,22600.0,False,False,2024-09-14,20.0,paid
INV-08957,B168,2024-07-11,2024-08-25,92200.0,False,False,2024-09-05,11.0,paid
INV-04490,B086,2024-07-12,2024-08-26,87600.0,False,True,2024-09-05,10.0,paid
INV-06631,B120,2024-07-12,2024-08-26,9200.0,True,False,2024-10-09,44.0,paid
INV-10902,B197,2024-07-12,2024-08-26,35300.0,False,False,2024-08-18,-8.0,paid
INV-05569,B100,2024-07-12,2024-08-11,62900.0,False,True,2024-09-21,41.0,paid
INV-01871,B035,2024-07-12,2024-08-26,18900.0,False,True,2024-09-03,8.0,paid
INV-05144,B095,2024-07-12,2024-08-26,91100.0,False,False,2024-09-13,18.0,paid
INV-07304,B137,2024-07-12,2024-08-26,74100.0,False,False,2024-08-23,-3.0,paid
INV-03070,B058,2024-07-12,2024-08-26,103100.0,False,False,2024-09-26,31.0,paid
INV-06869,B126,2024-07-12,2024-08-26,183100.0,False,False,2024-09-05,10.0,paid
INV-01951,B037,2024-07-12,2024-08-26,115800.0,False,False,2024-09-01,6.0,paid
INV-08861,B167,2024-07-12,2024-08-11,21300.0,False,False,2024-08-28,17.0,paid
INV-10480,B189,2024-07-12,2024-08-26,49700.0,False,True,2024-09-17,22.0,paid
INV-07537,B140,2024-07-12,2024-08-26,3500.0,False,False,2024-08-22,-4.0,paid
INV-02622,B051,2024-07-13,2024-08-12,56100.0,False,False,2024-09-02,21.0,paid
INV-11626,B210,2024-07-13,2024-08-12,113600.0,False,True,2024-09-07,26.0,paid
INV-11625,B210,2024-07-13,2024-08-12,53500.0,False,False,2024-08-27,15.0,paid
INV-03749,B071,2024-07-13,2024-08-12,36400.0,False,False,2024-08-17,5.0,paid
INV-06632,B120,2024-07-13,2024-08-27,24200.0,False,False,2024-09-12,16.0,paid
INV-08344,B157,2024-07-13,2024-08-12,72500.0,False,False,2024-09-16,35.0,paid
INV-07648,B143,2024-07-13,2024-08-27,35800.0,False,True,2024-09-12,16.0,paid
INV-00417,B008,2024-07-13,2024-08-27,51000.0,False,False,2024-09-03,7.0,paid
INV-03960,B075,2024-07-13,2024-08-27,82500.0,False,False,2024-09-11,15.0,paid
INV-06250,B109,2024-07-13,2024-08-12,31200.0,False,False,2024-09-06,25.0,paid
INV-07305,B137,2024-07-14,2024-08-28,57800.0,False,False,2024-08-23,-5.0,paid
INV-03794,B072,2024-07-14,2024-08-13,56100.0,False,True,2024-09-04,22.0,paid
INV-00470,B009,2024-07-14,2024-08-28,72800.0,False,False,2024-09-01,4.0,paid
INV-04823,B089,2024-07-14,2024-08-13,19100.0,False,False,2024-08-05,-8.0,paid
INV-10481,B189,2024-07-14,2024-08-28,52000.0,False,False,2024-09-02,5.0,paid
INV-12100,B218,2024-07-14,2024-08-28,39400.0,False,False,2024-09-05,8.0,paid
INV-10742,B194,2024-07-14,2024-08-28,186500.0,False,False,2024-09-03,6.0,paid
INV-00832,B016,2024-07-14,2024-08-28,16900.0,False,False,2024-09-09,12.0,paid
INV-06163,B108,2024-07-14,2024-08-13,29300.0,False,False,2024-08-26,13.0,paid
INV-02347,B044,2024-07-14,2024-08-13,160900.0,False,False,2024-09-07,25.0,paid
INV-07649,B143,2024-07-14,2024-08-28,22700.0,False,False,2024-09-09,12.0,paid
INV-01835,B034,2024-07-14,2024-08-28,110700.0,False,False,2024-08-29,1.0,paid
INV-07971,B147,2024-07-14,2024-08-13,11900.0,False,False,2024-08-28,15.0,paid
INV-04012,B076,2024-07-15,2024-08-29,59800.0,False,False,2024-09-23,25.0,paid
INV-08542,B161,2024-07-15,2024-08-14,103400.0,False,False,2024-09-02,19.0,paid
INV-00560,B011,2024-07-15,2024-08-29,8300.0,False,False,2024-09-26,28.0,paid
INV-07650,B143,2024-07-15,2024-08-29,19800.0,False,False,2024-08-28,-1.0,paid
INV-09881,B182,2024-07-15,2024-08-14,51400.0,False,False,2024-08-05,-9.0,paid
INV-10242,B186,2024-07-15,2024-08-29,122600.0,False,False,2024-09-10,12.0,paid
INV-06633,B120,2024-07-15,2024-08-29,32300.0,False,False,2024-09-09,11.0,paid
INV-11764,B212,2024-07-15,2024-08-29,63900.0,False,True,2024-09-09,11.0,paid
INV-03795,B072,2024-07-15,2024-08-14,14900.0,False,True,2024-09-15,32.0,paid
INV-03147,B060,2024-07-15,2024-08-29,19800.0,False,False,2024-08-26,-3.0,paid
INV-04011,B076,2024-07-15,2024-08-29,92600.0,False,False,2024-09-30,32.0,paid
INV-08862,B167,2024-07-15,2024-08-14,106900.0,False,False,2024-09-14,31.0,paid
INV-08388,B158,2024-07-15,2024-08-29,10100.0,False,False,2024-10-22,54.0,paid
INV-06797,B123,2024-07-15,2024-08-29,113800.0,True,False,2024-10-16,48.0,paid
INV-08203,B153,2024-07-16,2024-08-15,84600.0,False,False,2024-08-30,15.0,paid
INV-08433,B159,2024-07-16,2024-08-30,125700.0,False,False,2024-09-30,31.0,paid
INV-01110,B020,2024-07-16,2024-08-15,167600.0,False,False,2024-08-31,16.0,paid
INV-07044,B132,2024-07-16,2024-08-30,45000.0,False,False,2024-08-24,-6.0,paid
INV-02494,B048,2024-07-16,2024-08-30,86900.0,False,False,2024-09-25,26.0,paid
INV-04414,B085,2024-07-16,2024-08-15,80600.0,False,False,2024-08-14,-1.0,paid
INV-06934,B129,2024-07-16,2024-08-30,54200.0,False,False,2024-08-21,-9.0,paid
INV-08958,B168,2024-07-16,2024-08-30,83400.0,False,False,2024-09-23,24.0,paid
INV-10538,B190,2024-07-17,2024-08-31,40300.0,False,False,2024-09-30,30.0,paid
INV-06038,B105,2024-07-17,2024-08-16,68600.0,False,False,2024-08-08,-8.0,paid
INV-05100,B094,2024-07-17,2024-08-31,16600.0,True,False,2024-09-27,27.0,paid
INV-06754,B122,2024-07-17,2024-08-31,42100.0,False,False,2024-08-25,-6.0,paid
INV-02186,B040,2024-07-17,2024-08-16,110500.0,False,False,2024-08-18,2.0,paid
INV-06313,B111,2024-07-17,2024-08-31,47800.0,False,False,2024-09-19,19.0,paid
INV-12101,B218,2024-07-17,2024-08-31,81200.0,False,False,2024-09-23,23.0,paid
INV-10537,B190,2024-07-17,2024-08-31,146700.0,False,False,2024-10-15,45.0,paid
INV-01449,B025,2024-07-17,2024-08-31,22100.0,False,True,2024-10-13,43.0,paid
INV-00561,B011,2024-07-17,2024-08-31,20300.0,False,False,2024-09-15,15.0,paid
INV-06870,B126,2024-07-17,2024-08-31,131400.0,False,False,2024-08-31,0.0,paid
INV-08802,B165,2024-07-17,2024-08-16,9000.0,False,False,2024-08-06,-10.0,paid
INV-01368,B024,2024-07-17,2024-08-16,192500.0,False,False,2024-08-12,-4.0,paid
INV-07150,B134,2024-07-17,2024-08-31,58200.0,False,False,2024-09-23,23.0,paid
INV-08959,B168,2024-07-17,2024-08-31,58700.0,False,False,2024-09-24,24.0,paid
INV-08289,B156,2024-07-17,2024-08-16,38200.0,False,False,2024-09-01,16.0,paid
INV-11765,B212,2024-07-17,2024-08-31,89600.0,False,False,2024-09-01,1.0,paid
INV-07445,B139,2024-07-18,2024-08-17,94600.0,False,False,2024-09-06,20.0,paid
INV-02707,B052,2024-07-18,2024-08-17,173500.0,False,False,2024-11-01,76.0,paid
INV-03148,B060,2024-07-18,2024-09-01,36600.0,False,False,2024-08-29,-3.0,paid
INV-00833,B016,2024-07-18,2024-09-01,72700.0,False,True,2024-09-26,25.0,paid
INV-02100,B039,2024-07-18,2024-09-01,18800.0,False,False,2024-09-16,15.0,paid
INV-02495,B048,2024-07-18,2024-09-01,97200.0,False,False,2024-09-16,15.0,paid
INV-10139,B185,2024-07-18,2024-09-01,254400.0,False,False,2024-10-23,52.0,paid
INV-07651,B143,2024-07-18,2024-09-01,25300.0,False,False,2024-09-04,3.0,paid
INV-10942,B198,2024-07-18,2024-09-01,6400.0,False,False,2024-10-08,37.0,paid
INV-02187,B040,2024-07-18,2024-08-17,83000.0,False,False,2024-08-20,3.0,paid
INV-07786,B144,2024-07-18,2024-08-17,19700.0,True,False,2024-09-01,15.0,paid
INV-06798,B123,2024-07-18,2024-09-01,136600.0,False,False,2024-10-16,45.0,paid
INV-07381,B138,2024-07-18,2024-08-17,54500.0,False,False,2024-08-21,4.0,paid
INV-05313,B097,2024-07-18,2024-08-17,125500.0,False,False,2024-09-05,19.0,paid
INV-11234,B203,2024-07-18,2024-08-17,3900.0,False,False,2024-09-08,22.0,paid
INV-00879,B017,2024-07-19,2024-08-18,29200.0,False,False,2024-08-08,-10.0,paid
INV-07787,B144,2024-07-19,2024-08-18,49700.0,False,False,2024-08-10,-8.0,paid
INV-03323,B065,2024-07-19,2024-08-18,194600.0,False,False,2024-09-11,24.0,paid
INV-04013,B076,2024-07-19,2024-09-02,72000.0,False,True,2024-10-07,35.0,paid
INV-00692,B014,2024-07-19,2024-08-18,62100.0,False,False,2024-08-14,-4.0,paid
INV-08710,B163,2024-07-19,2024-08-18,51000.0,False,False,2024-09-17,30.0,paid
INV-06095,B107,2024-07-19,2024-09-02,85800.0,False,False,2024-09-13,11.0,paid
INV-00938,B018,2024-07-20,2024-08-19,24600.0,False,False,2024-09-29,41.0,paid
INV-02443,B047,2024-07-20,2024-08-19,48700.0,False,False,2024-08-17,-2.0,paid
INV-02708,B052,2024-07-20,2024-08-19,81800.0,False,False,2024-11-29,102.0,paid
INV-03796,B072,2024-07-20,2024-08-19,51700.0,False,False,2024-09-02,14.0,paid
INV-11073,B200,2024-07-20,2024-08-19,9000.0,True,False,2024-10-02,44.0,paid
INV-02496,B048,2024-07-20,2024-09-03,61400.0,True,False,2024-10-18,45.0,paid
INV-02263,B042,2024-07-20,2024-08-19,64500.0,False,True,2024-10-01,43.0,paid
INV-07788,B144,2024-07-20,2024-08-19,67700.0,False,False,2024-08-13,-6.0,paid
INV-02243,B041,2024-07-20,2024-09-03,13800.0,False,False,2024-09-14,11.0,paid
INV-04882,B090,2024-07-20,2024-09-03,147500.0,False,False,2024-09-21,18.0,paid
INV-04415,B085,2024-07-21,2024-08-20,62200.0,False,False,2024-09-09,20.0,paid
INV-08863,B167,2024-07-21,2024-08-20,34300.0,False,False,2024-08-30,10.0,paid
INV-08711,B163,2024-07-21,2024-08-20,107600.0,False,False,2024-09-15,26.0,paid
INV-11582,B209,2024-07-21,2024-09-04,72500.0,False,True,2024-10-06,32.0,paid
INV-08434,B159,2024-07-21,2024-09-04,94900.0,False,False,2024-09-16,12.0,paid
INV-02444,B047,2024-07-21,2024-08-20,44100.0,False,False,2025-01-06,139.0,paid
INV-06333,B112,2024-07-21,2024-09-04,10300.0,False,False,2024-08-25,-10.0,paid
INV-10996,B199,2024-07-21,2024-09-04,15700.0,False,False,2024-08-25,-10.0,paid
INV-03149,B060,2024-07-21,2024-09-04,55800.0,False,False,2024-08-30,-5.0,paid
INV-06755,B122,2024-07-21,2024-09-04,43500.0,False,False,2024-08-25,-10.0,paid
INV-01559,B028,2024-07-21,2024-09-04,18800.0,False,True,2024-10-20,46.0,paid
INV-08803,B165,2024-07-21,2024-08-20,7000.0,False,False,2024-08-13,-7.0,paid
INV-01681,B030,2024-07-21,2024-08-20,80300.0,False,False,2024-08-10,-10.0,paid
INV-06496,B117,2024-07-22,2024-08-21,38900.0,False,False,2024-09-06,16.0,paid
INV-09681,B178,2024-07-22,2024-08-21,20100.0,False,False,2024-09-13,23.0,paid
INV-09581,B176,2024-07-22,2024-09-05,5600.0,False,False,2024-09-29,24.0,paid
INV-09682,B178,2024-07-22,2024-08-21,22100.0,False,False,2024-08-26,5.0,paid
INV-06935,B129,2024-07-22,2024-09-05,54700.0,False,False,2024-08-26,-10.0,paid
INV-10997,B199,2024-07-22,2024-09-05,14400.0,False,False,2024-08-26,-10.0,paid
INV-09372,B174,2024-07-22,2024-08-21,31200.0,False,False,2024-08-28,7.0,paid
INV-03324,B065,2024-07-22,2024-08-21,108200.0,False,True,2024-09-17,27.0,paid
INV-01111,B020,2024-07-22,2024-08-21,156100.0,False,False,2024-09-11,21.0,paid
INV-02528,B049,2024-07-22,2024-09-05,68800.0,False,False,2024-08-26,-10.0,paid
INV-03550,B068,2024-07-22,2024-08-21,32800.0,False,False,2024-08-11,-10.0,paid
INV-08215,B154,2024-07-23,2024-09-06,75700.0,False,False,2024-10-14,38.0,paid
INV-06164,B108,2024-07-23,2024-08-22,47900.0,False,False,2024-09-05,14.0,paid
INV-09683,B178,2024-07-23,2024-08-22,21700.0,False,False,2024-08-31,9.0,paid
INV-08864,B167,2024-07-23,2024-08-22,29800.0,False,False,2024-08-30,8.0,paid
INV-03418,B067,2024-07-23,2024-08-22,115000.0,True,False,2024-09-30,39.0,paid
INV-04491,B086,2024-07-23,2024-09-06,124600.0,False,False,2024-09-04,-2.0,paid
INV-05482,B099,2024-07-23,2024-08-22,162900.0,False,False,2024-09-17,26.0,paid
INV-10743,B194,2024-07-23,2024-09-06,62900.0,False,False,2024-09-14,8.0,paid
INV-04416,B085,2024-07-23,2024-08-22,127200.0,False,False,2024-09-10,19.0,paid
INV-00637,B013,2024-07-23,2024-09-06,6100.0,False,False,2024-10-03,27.0,paid
INV-03253,B063,2024-07-23,2024-08-22,15400.0,False,False,2024-08-28,6.0,paid
INV-08838,B166,2024-07-23,2024-08-22,30200.0,True,False,2024-10-09,48.0,paid
INV-02529,B049,2024-07-23,2024-09-06,261200.0,False,True,2024-09-18,12.0,paid
INV-10744,B194,2024-07-24,2024-09-07,65300.0,False,True,2024-09-11,4.0,paid
INV-09373,B174,2024-07-24,2024-08-23,42600.0,False,False,2024-08-15,-8.0,paid
INV-08960,B168,2024-07-24,2024-09-07,94900.0,False,True,2024-10-02,25.0,paid
INV-11766,B212,2024-07-24,2024-09-07,73900.0,False,False,2024-09-04,-3.0,paid
INV-10140,B185,2024-07-24,2024-09-07,671700.0,False,True,2024-11-04,58.0,paid
INV-12024,B216,2024-07-24,2024-09-07,13900.0,False,False,2024-10-02,25.0,paid
INV-05718,B101,2024-07-24,2024-09-07,51400.0,True,False,2024-11-09,63.0,paid
INV-01048,B019,2024-07-24,2024-08-23,83600.0,False,False,2024-10-29,67.0,paid
INV-09684,B178,2024-07-24,2024-08-23,22800.0,False,False,2024-09-19,27.0,paid
INV-09206,B171,2024-07-24,2024-08-23,579000.0,False,False,2024-09-09,17.0,paid
INV-11513,B207,2024-07-24,2024-08-23,26300.0,False,False,2024-08-28,5.0,paid
INV-05905,B104,2024-07-24,2024-08-23,181800.0,False,True,2024-09-07,15.0,paid
INV-02101,B039,2024-07-24,2024-09-07,15000.0,False,False,2024-09-11,4.0,paid
INV-03551,B068,2024-07-25,2024-08-24,75000.0,False,False,2024-08-14,-10.0,paid
INV-03419,B067,2024-07-25,2024-08-24,35400.0,False,False,2024-08-14,-10.0,paid
INV-09984,B183,2024-07-25,2024-09-08,85500.0,False,False,2024-10-02,24.0,paid
INV-05483,B099,2024-07-25,2024-08-24,356700.0,False,False,2024-09-26,33.0,paid
INV-02949,B056,2024-07-25,2024-09-08,63700.0,False,False,2024-09-17,9.0,paid
INV-11430,B206,2024-07-25,2024-09-08,32800.0,False,False,2024-09-18,10.0,paid
INV-09481,B175,2024-07-25,2024-08-24,114200.0,False,False,2024-09-05,12.0,paid
INV-06936,B129,2024-07-25,2024-09-08,56100.0,False,False,2024-09-10,2.0,paid
INV-08290,B156,2024-07-25,2024-08-24,22500.0,False,False,2024-09-07,14.0,paid
INV-00638,B013,2024-07-25,2024-09-08,21700.0,False,False,2024-10-13,35.0,paid
INV-05570,B100,2024-07-25,2024-08-24,49500.0,False,False,2024-09-16,23.0,paid
INV-10903,B197,2024-07-25,2024-09-08,73800.0,False,False,2024-09-15,7.0,paid
INV-02102,B039,2024-07-26,2024-09-09,25300.0,False,False,2024-09-19,10.0,paid
INV-04117,B078,2024-07-26,2024-08-25,20100.0,False,False,2024-09-04,10.0,paid
INV-00834,B016,2024-07-26,2024-09-09,24100.0,False,False,2024-09-08,-1.0,paid
INV-01952,B037,2024-07-26,2024-09-09,210500.0,False,False,2024-09-08,-1.0,paid
INV-05484,B099,2024-07-26,2024-08-25,220500.0,False,False,2024-09-10,16.0,paid
INV-00562,B011,2024-07-26,2024-09-09,15300.0,False,False,2024-10-10,31.0,paid
INV-01507,B026,2024-07-26,2024-09-09,41300.0,False,False,2024-09-21,12.0,paid
INV-04492,B086,2024-07-26,2024-09-09,321200.0,False,True,2024-09-12,3.0,paid
INV-00260,B005,2024-07-26,2024-08-25,78600.0,False,False,2024-09-04,10.0,paid
INV-10539,B190,2024-07-27,2024-09-10,62600.0,False,False,2024-10-14,34.0,paid
INV-10596,B191,2024-07-27,2024-08-26,122700.0,False,False,2024-09-18,23.0,paid
INV-03279,B064,2024-07-27,2024-09-10,137200.0,False,False,2024-09-28,18.0,paid
INV-09882,B182,2024-07-27,2024-08-26,14300.0,False,False,2024-08-19,-7.0,paid
INV-08345,B157,2024-07-27,2024-08-26,91100.0,False,False,2024-09-28,33.0,paid
INV-03552,B068,2024-07-27,2024-08-26,67500.0,False,False,2024-08-16,-10.0,paid
INV-03553,B068,2024-07-27,2024-08-26,24800.0,False,False,2024-08-16,-10.0,paid
INV-00320,B006,2024-07-27,2024-09-10,186900.0,False,False,2024-09-22,12.0,paid
INV-09748,B179,2024-07-27,2024-08-26,21100.0,False,True,2024-10-07,42.0,paid
INV-06251,B109,2024-07-27,2024-08-26,43300.0,False,False,2024-09-24,29.0,paid
INV-00639,B013,2024-07-27,2024-09-10,22100.0,False,False,2024-10-20,40.0,paid
INV-04883,B090,2024-07-27,2024-09-10,126400.0,False,False,2024-09-22,12.0,paid
INV-06894,B127,2024-07-27,2024-08-26,67500.0,False,False,2024-09-17,22.0,paid
INV-06353,B113,2024-07-27,2024-09-10,63000.0,False,False,2024-10-12,32.0,paid
INV-08037,B148,2024-07-27,2024-08-26,6700.0,False,False,2024-09-01,6.0,paid
INV-06165,B108,2024-07-27,2024-08-26,19500.0,False,False,2024-09-12,17.0,paid
INV-02364,B045,2024-07-28,2024-09-11,22600.0,False,False,2024-10-12,31.0,paid
INV-08961,B168,2024-07-28,2024-09-11,54600.0,False,False,2024-09-21,10.0,paid
INV-06725,B121,2024-07-28,2024-09-11,53000.0,False,False,2024-09-18,7.0,paid
INV-00321,B006,2024-07-28,2024-09-11,89400.0,False,False,2024-09-22,11.0,paid
INV-00563,B011,2024-07-28,2024-09-11,33900.0,False,True,2024-10-12,31.0,paid
INV-01744,B031,2024-07-28,2024-08-27,23300.0,False,False,2024-09-08,12.0,paid
INV-09096,B169,2024-07-28,2024-08-27,40700.0,False,False,2024-09-07,11.0,paid
INV-09985,B183,2024-07-28,2024-09-11,88300.0,True,False,2024-10-17,36.0,paid
INV-10634,B192,2024-07-28,2024-09-11,11900.0,False,False,2024-09-01,-10.0,paid
INV-09097,B169,2024-07-29,2024-08-28,68400.0,False,False,2024-09-15,18.0,paid
INV-11768,B212,2024-07-29,2024-09-12,55400.0,False,False,2024-09-28,16.0,paid
INV-11164,B201,2024-07-29,2024-09-12,55700.0,False,False,2024-10-24,42.0,paid
INV-01620,B029,2024-07-29,2024-09-12,29800.0,False,True,2024-10-02,20.0,paid
INV-06937,B129,2024-07-29,2024-09-12,51400.0,False,False,2024-09-02,-10.0,paid
INV-09883,B182,2024-07-29,2024-08-28,43300.0,False,False,2024-08-26,-2.0,paid
INV-11767,B212,2024-07-29,2024-09-12,160300.0,False,False,2024-09-18,6.0,paid
INV-09749,B179,2024-07-29,2024-08-28,43400.0,False,False,2024-10-07,40.0,paid
INV-05145,B095,2024-07-29,2024-09-12,29100.0,False,False,2024-09-24,12.0,paid
INV-03420,B067,2024-07-29,2024-08-28,57300.0,False,True,2024-08-26,-2.0,paid
INV-02950,B056,2024-07-29,2024-09-12,96600.0,False,False,2024-10-07,25.0,paid
INV-03961,B075,2024-07-29,2024-09-12,100800.0,False,False,2024-10-06,24.0,paid
INV-03368,B066,2024-07-29,2024-09-12,104800.0,False,False,2024-09-19,7.0,paid
INV-07652,B143,2024-07-30,2024-09-13,24300.0,False,False,2024-09-23,10.0,paid
INV-07653,B143,2024-07-30,2024-09-13,23800.0,False,False,2024-09-23,10.0,paid
INV-03422,B067,2024-07-30,2024-08-29,61300.0,False,False,2024-08-19,-10.0,paid
INV-03421,B067,2024-07-30,2024-08-29,56600.0,False,False,2024-08-21,-8.0,paid
INV-00765,B015,2024-07-30,2024-08-29,54000.0,False,True,2024-08-31,2.0,paid
INV-06283,B110,2024-07-30,2024-08-29,18900.0,False,False,2024-09-07,9.0,paid
INV-04493,B086,2024-07-30,2024-09-13,186400.0,False,False,2024-09-03,-10.0,paid
INV-05101,B094,2024-07-30,2024-09-13,46600.0,False,False,2024-09-11,-2.0,paid
INV-02709,B052,2024-07-30,2024-08-29,147500.0,False,False,2024-12-06,99.0,paid
INV-06634,B120,2024-07-30,2024-09-13,12900.0,True,True,2024-11-04,52.0,paid
INV-09374,B174,2024-07-31,2024-08-30,12800.0,False,False,2024-09-03,4.0,paid
INV-03114,B059,2024-07-31,2024-09-14,5600.0,False,False,2024-10-04,20.0,paid
INV-09482,B175,2024-07-31,2024-08-30,48400.0,False,False,2024-08-26,-4.0,paid
INV-09750,B179,2024-07-31,2024-08-30,32600.0,False,False,2024-09-27,28.0,paid
INV-01560,B028,2024-07-31,2024-09-14,12800.0,False,False,2024-10-24,40.0,paid
INV-04607,B087,2024-07-31,2024-09-14,14700.0,False,False,2024-09-04,-10.0,paid
INV-00095,B002,2024-07-31,2024-08-30,177700.0,False,True,2024-09-15,16.0,paid
INV-04417,B085,2024-07-31,2024-08-30,74300.0,False,False,2024-09-22,23.0,paid
INV-11769,B212,2024-07-31,2024-09-14,96700.0,False,False,2025-01-21,129.0,paid
INV-03711,B070,2024-07-31,2024-09-14,49700.0,False,False,2024-09-08,-6.0,paid
INV-00880,B017,2024-07-31,2024-08-30,50800.0,False,False,2024-08-20,-10.0,paid
INV-04494,B086,2024-08-01,2024-09-15,155900.0,False,False,2024-09-13,-2.0,paid
INV-11770,B212,2024-08-01,2024-09-15,169300.0,False,False,2024-09-16,1.0,paid
INV-05571,B100,2024-08-01,2024-08-31,131000.0,False,True,2024-10-09,39.0,paid
INV-06756,B122,2024-08-01,2024-09-15,53300.0,False,False,2024-09-09,-6.0,paid
INV-08543,B161,2024-08-01,2024-08-31,101700.0,False,True,2024-10-07,37.0,paid
INV-01112,B020,2024-08-01,2024-08-31,67700.0,False,False,2024-09-18,18.0,paid
INV-07654,B143,2024-08-01,2024-09-15,39600.0,False,False,2024-09-19,4.0,paid
INV-00766,B015,2024-08-02,2024-09-01,61100.0,False,False,2024-08-27,-5.0,paid
INV-09098,B169,2024-08-02,2024-09-01,46900.0,False,False,2024-09-13,12.0,paid
INV-11302,B204,2024-08-02,2024-09-01,196600.0,False,False,2024-09-25,24.0,paid
INV-07655,B143,2024-08-02,2024-09-16,24900.0,False,False,2024-12-11,86.0,paid
INV-01113,B020,2024-08-02,2024-09-01,48200.0,False,False,2024-09-18,17.0,paid
INV-07382,B138,2024-08-02,2024-09-01,45500.0,False,True,2024-09-20,19.0,paid
INV-08544,B161,2024-08-02,2024-09-01,31700.0,False,False,2024-09-12,11.0,paid
INV-00693,B014,2024-08-02,2024-09-01,70400.0,False,True,2025-01-26,147.0,paid
INV-07109,B133,2024-08-02,2024-09-01,25800.0,False,True,2024-09-20,19.0,paid
INV-00640,B013,2024-08-02,2024-09-16,11000.0,False,False,2024-10-23,37.0,paid
INV-07538,B140,2024-08-02,2024-09-16,3500.0,False,True,2024-12-18,93.0,paid
INV-07576,B141,2024-08-02,2024-09-01,87300.0,False,False,2024-09-08,7.0,paid
INV-02747,B053,2024-08-02,2024-09-01,56600.0,False,False,2024-09-02,1.0,paid
INV-01561,B028,2024-08-02,2024-09-16,12200.0,False,False,2024-10-09,23.0,paid
INV-04365,B084,2024-08-03,2024-09-17,20300.0,False,False,2024-10-18,31.0,paid
INV-09751,B179,2024-08-03,2024-09-02,24900.0,False,False,2025-01-01,121.0,paid
INV-04699,B088,2024-08-03,2024-09-02,33700.0,False,False,2024-08-23,-10.0,paid
INV-03424,B067,2024-08-03,2024-09-02,70700.0,False,False,2024-12-25,114.0,paid
INV-03423,B067,2024-08-03,2024-09-02,22300.0,False,True,2024-08-24,-9.0,paid
INV-02748,B053,2024-08-03,2024-09-02,27400.0,False,True,2024-09-09,7.0,paid
INV-07208,B135,2024-08-03,2024-09-17,61900.0,False,False,2024-10-15,28.0,paid
INV-02951,B056,2024-08-03,2024-09-17,214700.0,False,False,2024-09-24,7.0,paid
INV-02292,B043,2024-08-04,2024-09-18,18100.0,False,False,2024-10-14,26.0,paid
INV-00418,B008,2024-08-04,2024-09-18,51500.0,False,True,2024-10-06,18.0,paid
INV-06515,B118,2024-08-04,2024-09-03,17300.0,False,True,2024-10-18,45.0,paid
INV-03712,B070,2024-08-04,2024-09-18,106700.0,False,False,2024-10-02,14.0,paid
INV-02293,B043,2024-08-04,2024-09-18,31900.0,False,False,2024-10-31,43.0,paid
INV-08291,B156,2024-08-04,2024-09-03,11600.0,False,False,2024-09-18,15.0,paid
INV-05719,B101,2024-08-04,2024-09-18,57400.0,False,False,2024-10-16,28.0,paid
INV-00939,B018,2024-08-04,2024-09-03,20800.0,False,False,2024-10-15,42.0,paid
INV-11627,B210,2024-08-04,2024-09-03,158400.0,False,False,2024-09-22,19.0,paid
INV-08772,B164,2024-08-04,2024-09-18,30300.0,False,True,2024-10-03,15.0,paid
INV-03043,B057,2024-08-04,2024-09-03,97700.0,False,False,2024-08-24,-10.0,paid
INV-03908,B074,2024-08-04,2024-09-03,34000.0,False,False,2024-09-23,20.0,paid
INV-06252,B109,2024-08-04,2024-09-03,58400.0,False,False,2024-10-01,28.0,paid
INV-08962,B168,2024-08-04,2024-09-18,28000.0,False,False,2024-10-08,20.0,paid
INV-09375,B174,2024-08-04,2024-09-03,29600.0,True,False,2024-09-20,17.0,paid
INV-05572,B100,2024-08-04,2024-09-03,53700.0,False,False,2024-09-29,26.0,paid
INV-03635,B069,2024-08-05,2024-09-04,38300.0,False,True,2024-10-05,31.0,paid
INV-05573,B100,2024-08-05,2024-09-04,92200.0,True,True,2024-11-25,82.0,paid
INV-02365,B045,2024-08-05,2024-09-19,33400.0,False,False,2024-10-16,27.0,paid
INV-09884,B182,2024-08-05,2024-09-04,56300.0,False,False,2024-08-30,-5.0,paid
INV-09829,B181,2024-08-05,2024-09-19,61200.0,False,False,2024-09-30,11.0,paid
INV-04495,B086,2024-08-05,2024-09-19,188000.0,False,False,2024-09-09,-10.0,paid
INV-07656,B143,2024-08-05,2024-09-19,15200.0,False,False,2024-09-23,4.0,paid
INV-04118,B078,2024-08-05,2024-09-04,16400.0,False,False,2024-09-06,2.0,paid
INV-06635,B120,2024-08-05,2024-09-19,19000.0,False,False,2024-09-21,2.0,paid
INV-07972,B147,2024-08-05,2024-09-04,20600.0,False,False,2024-09-16,12.0,paid
INV-04496,B086,2024-08-05,2024-09-19,223500.0,False,False,2024-09-18,-1.0,paid
INV-03425,B067,2024-08-05,2024-09-04,95200.0,True,False,2024-12-22,109.0,paid
INV-09582,B176,2024-08-05,2024-09-19,19000.0,False,True,2024-10-17,28.0,paid
INV-01242,B022,2024-08-05,2024-09-04,19800.0,False,False,2024-10-23,49.0,paid
INV-03426,B067,2024-08-05,2024-09-04,148900.0,False,False,2024-08-31,-4.0,paid
INV-04700,B088,2024-08-05,2024-09-04,18300.0,False,True,2024-09-07,3.0,paid
INV-09483,B175,2024-08-06,2024-09-05,56400.0,False,True,2024-09-04,-1.0,paid
INV-04608,B087,2024-08-06,2024-09-20,14200.0,False,False,2024-09-12,-8.0,paid
INV-05574,B100,2024-08-06,2024-09-05,42100.0,True,False,2024-11-08,64.0,paid
INV-05575,B100,2024-08-06,2024-09-05,55900.0,False,False,2024-10-01,26.0,paid
INV-09166,B170,2024-08-06,2024-09-20,15200.0,False,False,2024-10-18,28.0,paid
INV-07306,B137,2024-08-06,2024-09-20,72800.0,False,False,2024-09-14,-6.0,paid
INV-08435,B159,2024-08-07,2024-09-21,148600.0,False,False,2024-10-23,32.0,paid
INV-04609,B087,2024-08-07,2024-09-21,41900.0,False,False,2024-09-13,-8.0,paid
INV-05418,B098,2024-08-07,2024-09-06,9200.0,False,False,2024-08-27,-10.0,paid
INV-08712,B163,2024-08-07,2024-09-06,66200.0,False,True,2024-10-21,45.0,paid
INV-05146,B095,2024-08-07,2024-09-21,62900.0,True,False,2024-11-05,45.0,paid
INV-09583,B176,2024-08-07,2024-09-21,7100.0,False,False,2024-10-04,13.0,paid
INV-09099,B169,2024-08-07,2024-09-06,51800.0,False,False,2024-10-01,25.0,paid
INV-03044,B057,2024-08-07,2024-09-06,96900.0,False,False,2024-09-01,-5.0,paid
INV-03280,B064,2024-08-07,2024-09-21,78300.0,False,False,2024-10-07,16.0,paid
INV-03281,B064,2024-08-07,2024-09-21,77500.0,False,True,2024-10-26,35.0,paid
INV-01780,B032,2024-08-07,2024-09-06,30900.0,False,False,2024-10-12,36.0,paid
INV-01872,B035,2024-08-07,2024-09-21,31000.0,False,False,2024-09-29,8.0,paid
INV-06516,B118,2024-08-08,2024-09-07,6500.0,False,False,2024-09-28,21.0,paid
INV-04497,B086,2024-08-08,2024-09-22,274400.0,False,False,2024-09-12,-10.0,paid
INV-02264,B042,2024-08-08,2024-09-07,69600.0,False,False,2024-10-21,44.0,paid
INV-08108,B149,2024-08-08,2024-09-07,246800.0,False,False,2024-11-06,60.0,paid
INV-08545,B161,2024-08-08,2024-09-07,103600.0,False,False,2024-10-08,31.0,paid
INV-04234,B081,2024-08-08,2024-09-07,19700.0,False,False,2024-10-06,29.0,paid
INV-06039,B105,2024-08-08,2024-09-07,27600.0,False,False,2024-09-05,-2.0,paid
INV-00419,B008,2024-08-08,2024-09-22,108900.0,False,False,2025-02-26,157.0,paid
INV-06895,B127,2024-08-08,2024-09-07,67800.0,False,True,2024-10-16,39.0,paid
INV-09986,B183,2024-08-09,2024-09-23,84800.0,True,False,2024-11-18,56.0,paid
INV-09376,B174,2024-08-09,2024-09-08,20000.0,False,True,2024-09-19,11.0,paid
INV-09207,B171,2024-08-09,2024-09-08,85800.0,False,False,2024-09-13,5.0,paid
INV-06636,B120,2024-08-09,2024-09-23,22100.0,False,False,2024-09-17,-6.0,paid
INV-10745,B194,2024-08-09,2024-09-23,59100.0,False,False,2024-09-22,-1.0,paid
INV-08292,B156,2024-08-09,2024-09-08,8300.0,False,False,2025-02-19,164.0,paid
INV-05314,B097,2024-08-09,2024-09-08,59100.0,True,False,2024-10-09,31.0,paid
INV-05576,B100,2024-08-09,2024-09-08,20400.0,False,False,2024-09-23,15.0,paid
INV-00261,B005,2024-08-09,2024-09-08,62100.0,False,False,2024-09-02,-6.0,paid
INV-08109,B149,2024-08-09,2024-09-08,256000.0,False,False,2024-11-27,80.0,paid
INV-11075,B200,2024-08-09,2024-09-08,19600.0,False,False,2024-09-24,16.0,paid
INV-11235,B203,2024-08-09,2024-09-08,10200.0,True,False,2024-11-06,59.0,paid
INV-06871,B126,2024-08-09,2024-09-23,217700.0,False,False,2024-09-20,-3.0,paid
INV-11074,B200,2024-08-09,2024-09-08,18300.0,False,False,2024-09-19,11.0,paid
INV-11431,B206,2024-08-09,2024-09-23,20300.0,False,False,2024-10-05,12.0,paid
INV-04701,B088,2024-08-09,2024-09-08,34500.0,False,False,2024-09-08,0.0,paid
INV-09885,B182,2024-08-10,2024-09-09,35400.0,False,True,2024-09-15,6.0,paid
INV-02749,B053,2024-08-10,2024-09-09,88200.0,False,False,2024-09-09,0.0,paid
INV-07973,B147,2024-08-10,2024-09-09,26100.0,False,False,2024-10-06,27.0,paid
INV-08546,B161,2024-08-10,2024-09-09,73500.0,False,False,2024-09-26,17.0,paid
INV-00564,B011,2024-08-10,2024-09-24,50600.0,False,False,2024-10-27,33.0,paid
INV-06799,B123,2024-08-10,2024-09-24,173000.0,False,False,2024-11-07,44.0,paid
INV-10788,B195,2024-08-10,2024-09-09,20800.0,False,False,2024-10-12,33.0,paid
INV-00262,B005,2024-08-10,2024-09-09,46100.0,False,False,2024-08-30,-10.0,paid
INV-04014,B076,2024-08-10,2024-09-24,86300.0,False,False,2024-10-10,16.0,paid
INV-03862,B073,2024-08-10,2024-09-24,100100.0,False,False,2024-10-18,24.0,paid
INV-05906,B104,2024-08-10,2024-09-09,63800.0,True,False,2024-10-01,22.0,paid
INV-06563,B119,2024-08-10,2024-09-09,68500.0,False,False,2024-09-03,-6.0,paid
INV-09484,B175,2024-08-10,2024-09-09,47700.0,False,False,2024-09-02,-7.0,paid
INV-10347,B187,2024-08-10,2024-09-09,170800.0,False,False,2024-10-02,23.0,paid
INV-04498,B086,2024-08-10,2024-09-24,137700.0,False,False,2024-09-28,4.0,paid
INV-08804,B165,2024-08-11,2024-09-10,19500.0,False,False,2024-08-31,-10.0,paid
INV-00373,B007,2024-08-11,2024-09-10,80600.0,False,False,2024-09-14,4.0,paid
INV-05907,B104,2024-08-11,2024-09-10,169300.0,False,False,2024-09-10,0.0,paid
INV-05577,B100,2024-08-11,2024-09-10,52200.0,False,False,2024-09-23,13.0,paid
INV-04015,B076,2024-08-11,2024-09-25,63300.0,False,False,2024-10-28,33.0,paid
INV-02445,B047,2024-08-11,2024-09-10,70400.0,False,False,2024-09-09,-1.0,paid
INV-09167,B170,2024-08-11,2024-09-25,21900.0,False,False,2024-10-29,34.0,paid
INV-03797,B072,2024-08-11,2024-09-10,30400.0,False,False,2024-09-15,5.0,paid
INV-02530,B049,2024-08-11,2024-09-25,45600.0,True,False,2024-10-08,13.0,paid
INV-11432,B206,2024-08-11,2024-09-25,33600.0,False,False,2024-09-22,-3.0,paid
INV-08963,B168,2024-08-11,2024-09-25,42300.0,False,False,2024-10-09,14.0,paid
INV-11971,B214,2024-08-11,2024-09-25,144100.0,False,False,2024-10-28,33.0,paid
INV-01535,B027,2024-08-12,2024-09-11,56700.0,False,False,2024-10-24,43.0,paid
INV-12102,B218,2024-08-12,2024-09-26,62500.0,False,True,2024-10-12,16.0,paid
INV-05840,B103,2024-08-12,2024-09-26,70800.0,False,False,2024-10-04,8.0,paid
INV-04824,B089,2024-08-12,2024-09-11,72900.0,False,True,2024-09-26,15.0,paid
INV-04119,B078,2024-08-12,2024-09-11,12500.0,False,False,2024-09-22,11.0,paid
INV-11771,B212,2024-08-12,2024-09-26,75500.0,False,False,2024-10-04,8.0,paid
INV-00940,B018,2024-08-12,2024-09-11,15700.0,False,False,2024-10-21,40.0,paid
INV-01621,B029,2024-08-12,2024-09-26,39700.0,False,False,2024-10-07,11.0,paid
INV-11433,B206,2024-08-12,2024-09-26,12500.0,False,False,2024-10-05,9.0,paid
INV-06637,B120,2024-08-12,2024-09-26,49000.0,False,False,2024-10-05,9.0,paid
INV-00226,B004,2024-08-12,2024-09-26,29100.0,False,False,2024-10-11,15.0,paid
INV-06850,B125,2024-08-12,2024-09-26,14400.0,False,False,2024-10-01,5.0,paid
INV-08436,B159,2024-08-12,2024-09-26,74500.0,False,False,2024-10-12,16.0,paid
INV-07002,B131,2024-08-12,2024-09-26,59000.0,True,False,2024-10-22,26.0,paid
INV-05578,B100,2024-08-13,2024-09-12,31900.0,False,False,2024-10-06,24.0,paid
INV-07789,B144,2024-08-13,2024-09-12,52000.0,False,False,2024-09-02,-10.0,paid
INV-09377,B174,2024-08-13,2024-09-12,29400.0,False,False,2024-09-12,0.0,paid
INV-11076,B200,2024-08-13,2024-09-12,36000.0,False,True,2024-10-13,31.0,paid
INV-02800,B054,2024-08-13,2024-09-12,9000.0,False,False,2024-09-02,-10.0,paid
INV-08254,B155,2024-08-13,2024-09-27,12600.0,False,False,2024-09-17,-10.0,paid
INV-02623,B051,2024-08-13,2024-09-12,87000.0,False,False,2024-10-05,23.0,paid
INV-05147,B095,2024-08-13,2024-09-27,27300.0,False,False,2024-10-13,16.0,paid
INV-07657,B143,2024-08-13,2024-09-27,12200.0,False,False,2024-10-03,6.0,paid
INV-00263,B005,2024-08-13,2024-09-12,18500.0,False,False,2024-09-06,-6.0,paid
INV-07110,B133,2024-08-13,2024-09-12,50700.0,False,False,2024-09-23,11.0,paid
INV-03254,B063,2024-08-13,2024-09-12,32900.0,False,False,2024-09-26,14.0,paid
INV-01953,B037,2024-08-13,2024-09-27,288300.0,False,False,2024-10-06,9.0,paid
INV-10943,B198,2024-08-13,2024-09-27,21400.0,True,False,2024-12-02,66.0,paid
INV-10141,B185,2024-08-13,2024-09-27,103000.0,False,False,2024-11-02,36.0,paid
INV-04702,B088,2024-08-13,2024-09-12,19700.0,False,False,2024-09-03,-9.0,paid
INV-03150,B060,2024-08-13,2024-09-27,41900.0,False,False,2024-10-10,13.0,paid
INV-11514,B207,2024-08-14,2024-09-13,30900.0,False,False,2024-09-20,7.0,paid
INV-05908,B104,2024-08-14,2024-09-13,52200.0,False,False,2024-09-11,-2.0,paid
INV-11772,B212,2024-08-14,2024-09-28,147300.0,False,False,2024-09-18,-10.0,paid
INV-10540,B190,2024-08-14,2024-09-28,127400.0,False,False,2024-11-05,38.0,paid
INV-06459,B116,2024-08-14,2024-09-28,260800.0,False,True,2024-10-23,25.0,paid
INV-06096,B107,2024-08-14,2024-09-28,55800.0,False,False,2024-10-11,13.0,paid
INV-05720,B101,2024-08-14,2024-09-28,72900.0,False,False,2024-10-29,31.0,paid
INV-01682,B030,2024-08-14,2024-09-13,102800.0,False,False,2024-09-06,-7.0,paid
INV-01683,B030,2024-08-14,2024-09-13,138400.0,False,False,2024-09-12,-1.0,paid
INV-02025,B038,2024-08-14,2024-09-13,36300.0,True,False,2024-10-27,44.0,paid
INV-05315,B097,2024-08-14,2024-09-13,69800.0,False,False,2024-09-13,0.0,paid
INV-02624,B051,2024-08-15,2024-09-14,67700.0,False,False,2024-10-06,22.0,paid
INV-04321,B083,2024-08-15,2024-09-29,67000.0,False,False,2024-10-31,32.0,paid
INV-00641,B013,2024-08-15,2024-09-29,25800.0,False,False,2024-10-30,31.0,paid
INV-09252,B172,2024-08-15,2024-09-29,41100.0,False,True,2024-10-22,23.0,paid
INV-08547,B161,2024-08-15,2024-09-14,67100.0,False,False,2024-10-02,18.0,paid
INV-07974,B147,2024-08-15,2024-09-14,26100.0,False,False,2024-09-24,10.0,paid
INV-05579,B100,2024-08-15,2024-09-14,43100.0,False,False,2024-10-04,20.0,paid
INV-06564,B119,2024-08-15,2024-09-14,81100.0,False,False,2024-09-17,3.0,paid
INV-02750,B053,2024-08-16,2024-09-15,103300.0,False,False,2024-09-12,-3.0,paid
INV-01450,B025,2024-08-16,2024-09-30,14300.0,False,False,2024-11-13,44.0,paid
INV-01954,B037,2024-08-16,2024-09-30,178300.0,False,True,2024-10-07,7.0,paid
INV-01114,B020,2024-08-16,2024-09-15,209800.0,False,False,2024-10-06,21.0,paid
INV-02389,B046,2024-08-16,2024-09-30,12600.0,False,False,2024-10-07,7.0,paid
INV-03554,B068,2024-08-16,2024-09-15,36700.0,False,False,2024-09-05,-10.0,paid
INV-11553,B208,2024-08-16,2024-09-15,167500.0,False,False,2024-10-21,36.0,paid
INV-10541,B190,2024-08-16,2024-09-30,140600.0,False,False,2024-11-01,32.0,paid
INV-09791,B180,2024-08-16,2024-09-15,7800.0,False,False,2024-10-07,22.0,paid
INV-05580,B100,2024-08-16,2024-09-15,71500.0,False,False,2024-10-11,26.0,paid
INV-07577,B141,2024-08-16,2024-09-15,133100.0,False,False,2024-10-06,21.0,paid
INV-02390,B046,2024-08-17,2024-10-01,12800.0,False,False,2024-10-11,10.0,paid
INV-06638,B120,2024-08-17,2024-10-01,46500.0,False,False,2024-10-04,3.0,paid
INV-10789,B195,2024-08-17,2024-09-16,24600.0,False,False,2024-10-12,26.0,paid
INV-05797,B102,2024-08-17,2024-10-01,46300.0,False,False,2024-10-01,0.0,paid
INV-10998,B199,2024-08-17,2024-10-01,9600.0,False,False,2024-10-02,1.0,paid
INV-11628,B210,2024-08-17,2024-09-16,354300.0,False,False,2024-10-17,31.0,paid
INV-08038,B148,2024-08-17,2024-09-16,4800.0,False,False,2024-09-24,8.0,paid
INV-00096,B002,2024-08-17,2024-09-16,80700.0,False,False,2024-09-11,-5.0,paid
INV-10542,B190,2024-08-17,2024-10-01,33500.0,False,True,2024-11-19,49.0,paid
INV-00565,B011,2024-08-17,2024-10-01,25900.0,False,False,2024-11-09,39.0,paid
INV-01115,B020,2024-08-17,2024-09-16,105100.0,False,False,2024-10-20,34.0,paid
INV-00642,B013,2024-08-18,2024-10-02,5800.0,True,False,2024-12-09,68.0,paid
INV-07975,B147,2024-08-18,2024-09-17,28400.0,False,False,2024-09-29,12.0,paid
INV-00374,B007,2024-08-18,2024-09-17,168600.0,False,False,2024-09-24,7.0,paid
INV-04235,B081,2024-08-18,2024-09-17,13400.0,False,False,2024-10-07,20.0,paid
INV-02952,B056,2024-08-18,2024-10-02,219500.0,False,True,2024-11-07,36.0,paid
INV-01304,B023,2024-08-18,2024-10-02,27200.0,False,False,2024-11-03,32.0,paid
INV-07658,B143,2024-08-18,2024-10-02,24200.0,False,False,2024-10-12,10.0,paid
INV-00420,B008,2024-08-18,2024-10-02,39500.0,False,False,2024-10-25,23.0,paid
INV-06913,B128,2024-08-18,2024-10-02,73300.0,False,False,2025-03-01,150.0,paid
INV-06639,B120,2024-08-18,2024-10-02,55600.0,False,False,2024-10-20,18.0,paid
INV-06640,B120,2024-08-18,2024-10-02,33700.0,False,True,2024-10-23,21.0,paid
INV-01369,B024,2024-08-18,2024-09-17,94100.0,False,False,2024-09-07,-10.0,paid
INV-06851,B125,2024-08-18,2024-10-02,14600.0,False,False,2024-09-30,-2.0,paid
INV-03713,B070,2024-08-18,2024-10-02,128400.0,False,False,2024-10-16,14.0,paid
INV-03863,B073,2024-08-18,2024-10-02,52200.0,False,False,2024-10-31,29.0,paid
INV-08389,B158,2024-08-19,2024-10-03,18200.0,True,False,2024-12-29,87.0,paid
INV-02953,B056,2024-08-19,2024-10-03,172700.0,False,False,2024-11-09,37.0,paid
INV-04610,B087,2024-08-19,2024-10-03,34600.0,True,False,2024-11-07,35.0,paid
INV-12061,B217,2024-08-19,2024-10-03,37300.0,False,False,2024-10-22,19.0,paid
INV-01049,B019,2024-08-19,2024-09-18,93300.0,False,False,2024-10-26,38.0,paid
INV-05721,B101,2024-08-19,2024-10-03,133600.0,False,False,2024-11-08,36.0,paid
INV-07539,B140,2024-08-19,2024-10-03,14300.0,False,False,2024-10-16,13.0,paid
INV-01622,B029,2024-08-19,2024-10-03,32800.0,False,False,2024-10-29,26.0,paid
INV-10543,B190,2024-08-20,2024-10-04,88300.0,False,False,2024-11-15,42.0,paid
INV-09485,B175,2024-08-20,2024-09-19,57400.0,False,False,2024-09-13,-6.0,paid
INV-04611,B087,2024-08-20,2024-10-04,17800.0,False,False,2024-10-08,4.0,paid
INV-08039,B148,2024-08-20,2024-09-19,13700.0,False,False,2024-10-04,15.0,paid
INV-06166,B108,2024-08-20,2024-09-19,16800.0,False,False,2024-10-04,15.0,paid
INV-06938,B129,2024-08-20,2024-10-04,46700.0,False,True,2024-10-12,8.0,paid
INV-11773,B212,2024-08-20,2024-10-04,117400.0,False,True,2024-10-30,26.0,paid
INV-11196,B202,2024-08-20,2024-09-19,7900.0,False,False,2024-10-24,35.0,paid
INV-07976,B147,2024-08-20,2024-09-19,31400.0,True,False,2024-10-28,39.0,paid
INV-06641,B120,2024-08-20,2024-10-04,54100.0,False,False,2024-10-27,23.0,paid
INV-02497,B048,2024-08-21,2024-10-05,79500.0,False,False,2024-11-03,29.0,paid
INV-07209,B135,2024-08-21,2024-10-05,51300.0,False,False,2024-11-05,31.0,paid
INV-01873,B035,2024-08-21,2024-10-05,38000.0,False,False,2024-10-14,9.0,paid
INV-05485,B099,2024-08-21,2024-09-20,119700.0,False,False,2024-09-26,6.0,paid
INV-01955,B037,2024-08-21,2024-10-05,142400.0,False,False,2024-10-12,7.0,paid
INV-08168,B151,2024-08-21,2024-10-05,159900.0,False,False,2024-10-14,9.0,paid
INV-07790,B144,2024-08-21,2024-09-20,35300.0,False,False,2024-09-10,-10.0,paid
INV-05909,B104,2024-08-21,2024-09-20,67000.0,False,False,2024-09-10,-10.0,paid
INV-10790,B195,2024-08-21,2024-09-20,12000.0,False,False,2024-10-08,18.0,paid
INV-05316,B097,2024-08-21,2024-09-20,68600.0,False,False,2024-09-27,7.0,paid
INV-04499,B086,2024-08-21,2024-10-05,136400.0,True,False,2024-11-09,35.0,paid
INV-05148,B095,2024-08-21,2024-10-05,36400.0,False,False,2024-10-19,14.0,paid
INV-04089,B077,2024-08-21,2024-10-05,60000.0,False,False,2024-10-18,13.0,paid
INV-03798,B072,2024-08-22,2024-09-21,39700.0,False,False,2024-10-05,14.0,paid
INV-02026,B038,2024-08-22,2024-09-21,41600.0,False,False,2024-10-13,22.0,paid
INV-10944,B198,2024-08-22,2024-10-06,13300.0,False,False,2024-11-27,52.0,paid
INV-12025,B216,2024-08-22,2024-10-06,18900.0,False,False,2024-11-08,33.0,paid
INV-03213,B062,2024-08-22,2024-10-06,19900.0,False,False,2024-12-03,58.0,paid
INV-07659,B143,2024-08-22,2024-10-06,18800.0,False,False,2024-10-22,16.0,paid
INV-10426,B188,2024-08-22,2024-09-21,29500.0,False,False,2024-10-12,21.0,paid
INV-02103,B039,2024-08-22,2024-10-06,17100.0,False,False,2024-10-17,11.0,paid
INV-07904,B145,2024-08-22,2024-10-06,19500.0,False,False,2024-09-30,-6.0,paid
INV-07977,B147,2024-08-22,2024-09-21,20500.0,False,False,2024-09-23,2.0,paid
INV-11368,B205,2024-08-22,2024-10-06,75400.0,False,False,2024-10-22,16.0,paid
INV-11077,B200,2024-08-23,2024-09-22,11900.0,False,False,2024-10-05,13.0,paid
INV-07610,B142,2024-08-23,2024-09-22,15400.0,False,False,2024-10-13,21.0,paid
INV-10348,B187,2024-08-23,2024-09-22,81600.0,False,False,2024-10-06,14.0,paid
INV-07045,B132,2024-08-23,2024-10-07,44500.0,False,False,2024-10-13,6.0,paid
INV-11774,B212,2024-08-23,2024-10-07,33500.0,False,True,2024-10-27,20.0,paid
INV-05317,B097,2024-08-23,2024-09-22,79000.0,False,False,2024-09-24,2.0,paid
INV-01836,B034,2024-08-23,2024-10-07,152100.0,False,False,2024-10-21,14.0,paid
INV-08548,B161,2024-08-23,2024-09-22,70600.0,False,False,2024-10-07,15.0,paid
INV-10852,B196,2024-08-24,2024-09-23,42600.0,False,False,2024-10-20,27.0,paid
INV-00493,B010,2024-08-24,2024-10-08,10700.0,False,False,2024-10-22,14.0,paid
INV-03555,B068,2024-08-24,2024-09-23,67500.0,False,False,2024-09-15,-8.0,paid
INV-03636,B069,2024-08-24,2024-09-23,72800.0,False,False,2024-10-24,31.0,paid
INV-05031,B093,2024-08-24,2024-10-08,44700.0,False,False,2024-10-17,9.0,paid
INV-11950,B213,2024-08-24,2024-10-08,7000.0,False,False,2024-10-01,-7.0,paid
INV-10349,B187,2024-08-24,2024-09-23,93400.0,False,False,2024-10-13,20.0,paid
INV-02498,B048,2024-08-24,2024-10-08,68000.0,False,False,2024-11-09,32.0,paid
INV-00941,B018,2024-08-24,2024-09-23,28900.0,False,False,2024-10-29,36.0,paid
INV-11369,B205,2024-08-24,2024-10-08,100200.0,False,False,2024-10-21,13.0,paid
INV-01562,B028,2024-08-24,2024-10-08,9400.0,False,False,2024-11-19,42.0,paid
INV-08773,B164,2024-08-25,2024-10-09,10900.0,False,False,2024-10-23,14.0,paid
INV-10350,B187,2024-08-25,2024-09-24,208300.0,False,False,2024-11-03,40.0,paid
INV-05841,B103,2024-08-25,2024-10-09,62300.0,False,True,2025-04-12,185.0,paid
INV-05722,B101,2024-08-25,2024-10-09,105900.0,False,True,2024-11-24,46.0,paid
INV-01802,B033,2024-08-25,2024-10-09,23400.0,True,False,2024-12-03,55.0,paid
INV-07791,B144,2024-08-25,2024-09-24,27200.0,False,False,2024-09-22,-2.0,paid
INV-08713,B163,2024-08-25,2024-09-24,50500.0,False,False,2024-10-10,16.0,paid
INV-07003,B131,2024-08-25,2024-10-09,66700.0,False,False,2024-10-27,18.0,paid
INV-03556,B068,2024-08-25,2024-09-24,79300.0,False,True,2024-09-19,-5.0,paid
INV-11236,B203,2024-08-25,2024-09-24,6800.0,False,False,2024-10-27,33.0,paid
INV-06642,B120,2024-08-26,2024-10-10,26300.0,False,False,2024-10-14,4.0,paid
INV-05318,B097,2024-08-26,2024-09-25,50100.0,True,False,2024-10-14,19.0,paid
INV-01684,B030,2024-08-26,2024-09-25,60000.0,False,True,2024-10-01,6.0,paid
INV-09792,B180,2024-08-26,2024-09-25,13600.0,False,False,2024-10-18,23.0,paid
INV-09253,B172,2024-08-26,2024-10-10,62900.0,False,False,2024-11-07,28.0,paid
INV-08774,B164,2024-08-26,2024-10-10,25900.0,False,False,2024-10-27,17.0,paid
INV-06040,B105,2024-08-26,2024-09-25,82700.0,False,False,2024-09-21,-4.0,paid
INV-04500,B086,2024-08-26,2024-10-10,105900.0,False,False,2024-10-09,-1.0,paid
INV-08714,B163,2024-08-26,2024-09-25,48600.0,False,False,2024-10-18,23.0,paid
INV-09100,B169,2024-08-26,2024-09-25,37100.0,False,False,2024-10-06,11.0,paid
INV-06497,B117,2024-08-26,2024-09-25,84700.0,False,False,2024-10-21,26.0,paid
INV-02027,B038,2024-08-26,2024-09-25,93300.0,False,False,2024-10-04,9.0,paid
INV-01451,B025,2024-08-26,2024-10-10,7500.0,False,True,2024-11-12,33.0,paid
INV-01874,B035,2024-08-26,2024-10-10,25400.0,False,False,2024-10-15,5.0,paid
INV-11629,B210,2024-08-26,2024-09-25,86300.0,False,False,2024-10-10,15.0,paid
INV-02348,B044,2024-08-26,2024-09-25,197400.0,True,False,2024-11-17,53.0,paid
INV-05581,B100,2024-08-26,2024-09-25,19100.0,False,False,2024-10-11,16.0,paid
INV-00014,B000,2024-08-26,2024-10-10,11000.0,False,False,2024-10-23,13.0,paid
INV-05582,B100,2024-08-27,2024-09-26,48400.0,False,False,2024-10-17,21.0,paid
INV-01116,B020,2024-08-27,2024-09-26,80100.0,False,False,2024-09-28,2.0,paid
INV-11197,B202,2024-08-27,2024-09-26,5100.0,False,False,2024-10-21,25.0,paid
INV-07210,B135,2024-08-27,2024-10-11,9600.0,False,False,2024-11-07,27.0,paid
INV-09886,B182,2024-08-27,2024-09-26,42200.0,False,False,2024-09-20,-6.0,paid
INV-09685,B178,2024-08-27,2024-09-26,38400.0,False,False,2024-10-24,28.0,paid
INV-00494,B010,2024-08-27,2024-10-11,31300.0,True,False,2024-11-30,50.0,paid
INV-00643,B013,2024-08-27,2024-10-11,12500.0,False,False,2024-11-09,29.0,paid
INV-11237,B203,2024-08-27,2024-09-26,4100.0,False,False,2024-10-23,27.0,paid
INV-02954,B056,2024-08-27,2024-10-11,79700.0,False,False,2024-11-09,29.0,paid
INV-06498,B117,2024-08-27,2024-09-26,45700.0,False,False,2024-10-19,23.0,paid
INV-07660,B143,2024-08-27,2024-10-11,41300.0,False,False,2024-10-25,14.0,paid
INV-06643,B120,2024-08-28,2024-10-12,25000.0,False,False,2024-10-13,1.0,paid
INV-06975,B130,2024-08-28,2024-09-27,46700.0,False,False,2024-09-25,-2.0,paid
INV-03325,B065,2024-08-28,2024-09-27,143800.0,False,False,2024-10-24,27.0,paid
INV-03427,B067,2024-08-28,2024-09-27,52800.0,False,False,2024-09-17,-10.0,paid
INV-07211,B135,2024-08-28,2024-10-12,109700.0,False,False,2024-11-22,41.0,paid
INV-03909,B074,2024-08-28,2024-09-27,8400.0,True,False,2024-11-11,45.0,paid
INV-09486,B175,2024-08-28,2024-09-27,53300.0,False,False,2024-09-22,-5.0,paid
INV-09487,B175,2024-08-28,2024-09-27,111500.0,False,False,2024-10-04,7.0,paid
INV-09378,B174,2024-08-28,2024-09-27,20000.0,False,False,2024-09-17,-10.0,paid
INV-08964,B168,2024-08-28,2024-10-12,49900.0,False,False,2024-11-01,20.0,paid
INV-00471,B009,2024-08-28,2024-10-12,105600.0,False,False,2024-10-29,17.0,paid
INV-12026,B216,2024-08-29,2024-10-13,21800.0,False,False,2024-11-21,39.0,paid
INV-04612,B087,2024-08-29,2024-10-13,17600.0,False,False,2024-10-07,-6.0,paid
INV-07268,B136,2024-08-29,2024-09-28,36200.0,False,True,2024-10-03,5.0,paid
INV-08965,B168,2024-08-29,2024-10-13,35900.0,False,False,2024-11-03,21.0,paid
INV-00264,B005,2024-08-29,2024-09-28,64700.0,True,False,2024-10-22,24.0,paid
INV-10427,B188,2024-08-29,2024-09-28,9000.0,False,False,2024-10-05,7.0,paid
INV-02499,B048,2024-08-29,2024-10-13,29800.0,False,False,2024-11-02,20.0,paid
INV-06354,B113,2024-08-29,2024-10-13,250700.0,False,False,2024-11-21,39.0,paid
INV-00097,B002,2024-08-30,2024-09-29,121000.0,False,False,2024-10-13,14.0,paid
INV-00942,B018,2024-08-30,2024-09-29,28300.0,False,False,2024-11-07,39.0,paid
INV-09887,B182,2024-08-30,2024-09-29,123000.0,False,False,2024-10-01,2.0,paid
INV-02801,B054,2024-08-30,2024-09-29,22000.0,False,False,2024-10-02,3.0,paid
INV-12027,B216,2024-08-30,2024-10-14,11800.0,False,False,2024-11-08,25.0,paid
INV-10351,B187,2024-08-30,2024-09-29,106700.0,False,False,2024-10-15,16.0,paid
INV-04977,B092,2024-08-30,2024-10-14,25600.0,True,False,2024-10-18,4.0,paid
INV-09488,B175,2024-08-31,2024-09-30,22200.0,False,False,2024-09-20,-10.0,paid
INV-11972,B214,2024-08-31,2024-10-15,107400.0,False,False,2024-11-25,41.0,paid
INV-05212,B096,2024-08-31,2024-10-15,55000.0,False,False,2024-11-14,30.0,paid
INV-04501,B086,2024-08-31,2024-10-15,292800.0,False,False,2024-10-13,-2.0,paid
INV-01875,B035,2024-08-31,2024-10-15,22400.0,False,False,2024-10-27,12.0,paid
INV-05910,B104,2024-08-31,2024-09-30,56600.0,False,False,2024-09-20,-10.0,paid
INV-02802,B054,2024-08-31,2024-09-30,27100.0,False,True,2024-10-10,10.0,paid
INV-05583,B100,2024-08-31,2024-09-30,20500.0,False,False,2024-10-09,9.0,paid
INV-01117,B020,2024-09-01,2024-10-01,90300.0,False,False,2024-11-06,36.0,paid
INV-09793,B180,2024-09-01,2024-10-01,16200.0,False,False,2024-11-13,43.0,paid
INV-05584,B100,2024-09-01,2024-10-01,25400.0,False,False,2024-11-01,31.0,paid
INV-11078,B200,2024-09-01,2024-10-01,29000.0,True,True,2024-11-29,59.0,paid
INV-01837,B034,2024-09-01,2024-10-16,95400.0,False,True,2024-11-19,34.0,paid
INV-02104,B039,2024-09-01,2024-10-16,27500.0,False,False,2024-10-28,12.0,paid
INV-05486,B099,2024-09-01,2024-10-01,171200.0,False,False,2024-11-01,31.0,paid
INV-00644,B013,2024-09-01,2024-10-16,7400.0,False,False,2024-11-12,27.0,paid
INV-11303,B204,2024-09-01,2024-10-01,389100.0,False,False,2024-10-31,30.0,paid
INV-11775,B212,2024-09-01,2024-10-16,42500.0,False,False,2024-10-25,9.0,paid
INV-10428,B188,2024-09-01,2024-10-01,49900.0,False,False,2024-11-13,43.0,paid
INV-06167,B108,2024-09-02,2024-10-02,10500.0,False,False,2024-10-15,13.0,paid
INV-10698,B193,2024-09-02,2024-10-17,99900.0,False,False,2024-11-13,27.0,paid
INV-03799,B072,2024-09-02,2024-10-02,32800.0,False,False,2024-10-15,13.0,paid
INV-10482,B189,2024-09-02,2024-10-17,79800.0,False,False,2024-11-08,22.0,paid
INV-10697,B193,2024-09-02,2024-10-17,95600.0,False,False,2024-11-14,28.0,paid
INV-06168,B108,2024-09-02,2024-10-02,29600.0,False,False,2024-10-16,14.0,paid
INV-04613,B087,2024-09-02,2024-10-17,19200.0,False,False,2024-10-18,1.0,paid
INV-01305,B023,2024-09-02,2024-10-17,30600.0,False,False,2024-11-16,30.0,paid
INV-10352,B187,2024-09-02,2024-10-02,134900.0,False,False,2024-11-13,42.0,paid
INV-00322,B006,2024-09-02,2024-10-17,132600.0,False,False,2024-11-21,35.0,paid
INV-09584,B176,2024-09-03,2024-10-18,7300.0,False,False,2024-11-26,39.0,paid
INV-08966,B168,2024-09-03,2024-10-18,111200.0,False,False,2024-11-19,32.0,paid
INV-11304,B204,2024-09-03,2024-10-03,86000.0,False,False,2024-10-28,25.0,paid
INV-04502,B086,2024-09-03,2024-10-18,201900.0,False,False,2024-11-05,18.0,paid
INV-01685,B030,2024-09-03,2024-10-03,85000.0,False,False,2024-10-03,0.0,paid
INV-07661,B143,2024-09-03,2024-10-18,10900.0,False,True,2024-10-30,12.0,paid
INV-11079,B200,2024-09-03,2024-10-03,20200.0,False,False,2024-10-25,22.0,paid
INV-09379,B174,2024-09-03,2024-10-03,22300.0,False,False,2024-10-11,8.0,paid
INV-08040,B148,2024-09-03,2024-10-03,8800.0,False,False,2024-10-21,18.0,paid
INV-11973,B214,2024-09-03,2024-10-18,79300.0,False,False,2024-11-21,34.0,paid
INV-04236,B081,2024-09-03,2024-10-03,12700.0,False,False,2024-11-02,30.0,paid
INV-07578,B141,2024-09-03,2024-10-03,104900.0,False,False,2024-10-21,18.0,paid
INV-09168,B170,2024-09-04,2024-10-19,14900.0,False,False,2024-11-30,42.0,paid
INV-06800,B123,2024-09-04,2024-10-19,87900.0,False,False,2024-12-04,46.0,paid
INV-06517,B118,2024-09-04,2024-10-04,18800.0,False,False,2024-11-19,46.0,paid
INV-07383,B138,2024-09-04,2024-10-04,20500.0,False,False,2024-10-05,1.0,paid
INV-01803,B033,2024-09-04,2024-10-19,15700.0,False,False,2024-11-16,28.0,paid
INV-08216,B154,2024-09-04,2024-10-19,111200.0,False,False,2024-12-06,48.0,paid
INV-01536,B027,2024-09-04,2024-10-04,46300.0,False,False,2024-09-30,-4.0,paid
INV-07978,B147,2024-09-04,2024-10-04,21000.0,True,False,2024-11-13,40.0,paid
INV-02294,B043,2024-09-04,2024-10-19,34200.0,False,False,2024-11-22,34.0,paid
INV-02874,B055,2024-09-04,2024-10-04,79000.0,False,False,2024-11-10,37.0,paid
INV-08486,B160,2024-09-04,2024-10-04,243600.0,False,True,2024-11-04,31.0,paid
INV-08865,B167,2024-09-04,2024-10-04,30600.0,False,False,2024-11-02,29.0,paid
INV-07792,B144,2024-09-04,2024-10-04,53600.0,False,False,2024-10-17,13.0,paid
INV-11370,B205,2024-09-04,2024-10-19,89500.0,False,True,2024-11-08,20.0,paid
INV-03864,B073,2024-09-04,2024-10-19,79900.0,False,False,2024-11-06,18.0,paid
INV-03214,B062,2024-09-04,2024-10-19,13500.0,False,False,2024-12-06,48.0,paid
INV-04503,B086,2024-09-04,2024-10-19,267000.0,False,False,2024-10-17,-2.0,paid
INV-04237,B081,2024-09-05,2024-10-05,8400.0,False,False,2024-11-08,34.0,paid
INV-00767,B015,2024-09-05,2024-10-05,154000.0,False,True,2024-10-23,18.0,paid
INV-12103,B218,2024-09-05,2024-10-20,92400.0,True,False,2024-11-25,36.0,paid
INV-04185,B080,2024-09-05,2024-10-05,168600.0,False,False,2024-10-25,20.0,paid
INV-06565,B119,2024-09-05,2024-10-05,40600.0,False,False,2024-10-02,-3.0,paid
INV-00566,B011,2024-09-05,2024-10-20,33200.0,False,True,2024-12-07,48.0,paid
INV-05723,B101,2024-09-05,2024-10-20,47300.0,False,False,2024-11-22,33.0,paid
INV-02531,B049,2024-09-05,2024-10-20,28300.0,False,False,2024-10-19,-1.0,paid
INV-00943,B018,2024-09-05,2024-10-05,23300.0,False,False,2024-11-17,43.0,paid
INV-11630,B210,2024-09-05,2024-10-05,67600.0,False,True,2024-11-02,28.0,paid
INV-07793,B144,2024-09-05,2024-10-05,120100.0,False,False,2024-10-06,1.0,paid
INV-04016,B076,2024-09-05,2024-10-20,61700.0,False,False,2024-11-09,20.0,paid
INV-03255,B063,2024-09-05,2024-10-05,13800.0,False,False,2024-10-21,16.0,paid
INV-06757,B122,2024-09-05,2024-10-20,45000.0,False,False,2024-10-10,-10.0,paid
INV-05585,B100,2024-09-05,2024-10-05,92700.0,False,False,2024-11-01,27.0,paid
INV-11951,B213,2024-09-05,2024-10-20,37100.0,False,False,2024-10-28,8.0,paid
INV-11371,B205,2024-09-06,2024-10-21,60500.0,True,True,2024-12-12,52.0,paid
INV-09888,B182,2024-09-06,2024-10-06,59300.0,False,False,2024-10-17,11.0,paid
INV-11198,B202,2024-09-06,2024-10-06,17500.0,False,False,2024-11-16,41.0,paid
INV-05911,B104,2024-09-06,2024-10-06,102700.0,True,True,2024-11-15,40.0,paid
INV-04017,B076,2024-09-06,2024-10-21,33800.0,False,False,2024-11-11,21.0,paid
INV-04504,B086,2024-09-06,2024-10-21,537600.0,False,False,2024-10-26,5.0,paid
INV-04090,B077,2024-09-06,2024-10-21,27400.0,False,False,2024-10-18,-3.0,paid
INV-08715,B163,2024-09-07,2024-10-07,9900.0,False,False,2024-11-02,26.0,paid
INV-05724,B101,2024-09-07,2024-10-22,105600.0,False,False,2024-11-20,29.0,paid
INV-07662,B143,2024-09-07,2024-10-22,23500.0,False,False,2024-11-11,20.0,paid
INV-07906,B145,2024-09-07,2024-10-22,9700.0,False,False,2024-10-31,9.0,paid
INV-07905,B145,2024-09-07,2024-10-22,25300.0,False,False,2024-10-25,3.0,paid
INV-06097,B107,2024-09-07,2024-10-22,51800.0,True,False,2024-11-09,18.0,paid
INV-01956,B037,2024-09-07,2024-10-22,177500.0,False,False,2024-11-05,14.0,paid
INV-01370,B024,2024-09-07,2024-10-07,269600.0,False,False,2024-10-06,-1.0,paid
INV-02391,B046,2024-09-07,2024-10-22,17100.0,False,False,2024-11-04,13.0,paid
INV-02188,B040,2024-09-07,2024-10-07,77800.0,False,False,2024-10-15,8.0,paid
INV-01452,B025,2024-09-07,2024-10-22,19700.0,False,False,2024-11-23,32.0,paid
INV-11776,B212,2024-09-08,2024-10-23,70400.0,False,False,2024-11-02,10.0,paid
INV-09380,B174,2024-09-08,2024-10-08,22900.0,False,False,2024-10-07,-1.0,paid
INV-05586,B100,2024-09-08,2024-10-08,144700.0,False,False,2024-11-22,45.0,paid
INV-04614,B087,2024-09-08,2024-10-23,18700.0,False,False,2024-10-23,0.0,paid
INV-01876,B035,2024-09-08,2024-10-23,34800.0,False,True,2024-11-15,23.0,paid
INV-10544,B190,2024-09-08,2024-10-23,253600.0,False,False,2024-12-12,50.0,paid
INV-03428,B067,2024-09-08,2024-10-08,38900.0,False,False,2024-09-28,-10.0,paid
INV-01912,B036,2024-09-08,2024-10-23,52400.0,False,False,2024-11-18,26.0,paid
INV-07446,B139,2024-09-08,2024-10-08,74500.0,False,False,2024-10-26,18.0,paid
INV-07794,B144,2024-09-08,2024-10-08,49000.0,False,True,2024-10-25,17.0,paid
INV-11238,B203,2024-09-08,2024-10-08,7000.0,False,False,2024-10-31,23.0,paid
INV-12104,B218,2024-09-09,2024-10-24,70300.0,False,False,2024-11-03,10.0,paid
INV-00015,B000,2024-09-09,2024-10-24,21700.0,False,False,2024-11-04,11.0,paid
INV-04978,B092,2024-09-09,2024-10-24,43900.0,True,False,2024-11-10,17.0,paid
INV-09585,B176,2024-09-09,2024-10-24,7400.0,False,False,2024-11-22,29.0,paid
INV-00495,B010,2024-09-09,2024-10-24,3300.0,False,False,2024-11-04,11.0,paid
INV-02955,B056,2024-09-09,2024-10-24,122900.0,False,False,2024-11-24,31.0,paid
INV-10791,B195,2024-09-09,2024-10-09,22600.0,False,False,2024-11-12,34.0,paid
INV-06644,B120,2024-09-09,2024-10-24,37000.0,False,False,2024-10-31,7.0,paid
INV-06801,B123,2024-09-09,2024-10-24,72600.0,False,False,2024-12-10,47.0,paid
INV-02028,B038,2024-09-09,2024-10-09,71400.0,False,False,2024-10-28,19.0,paid
INV-00599,B012,2024-09-09,2024-10-24,24400.0,False,False,2024-11-05,12.0,paid
INV-00323,B006,2024-09-10,2024-10-25,145700.0,False,False,2024-11-10,16.0,paid
INV-08041,B148,2024-09-10,2024-10-10,5800.0,False,False,2024-11-05,26.0,paid
INV-09830,B181,2024-09-10,2024-10-25,71300.0,False,False,2024-11-20,26.0,paid
INV-05213,B096,2024-09-10,2024-10-25,75600.0,False,False,2024-11-22,28.0,paid
INV-02710,B052,2024-09-10,2024-10-10,73100.0,False,False,2024-12-15,66.0,paid
INV-03282,B064,2024-09-10,2024-10-25,71400.0,False,False,2024-11-16,22.0,paid
INV-04322,B083,2024-09-11,2024-10-26,19200.0,False,False,2024-11-25,30.0,paid
INV-04418,B085,2024-09-11,2024-10-11,30600.0,False,False,2024-10-30,19.0,paid
INV-10545,B190,2024-09-11,2024-10-26,44800.0,False,False,2024-12-11,46.0,paid
INV-00324,B006,2024-09-11,2024-10-26,134000.0,False,False,2024-11-18,23.0,paid
INV-04703,B088,2024-09-11,2024-10-11,44300.0,True,False,2024-10-25,14.0,paid
INV-11372,B205,2024-09-11,2024-10-26,54000.0,False,False,2024-11-08,13.0,paid
INV-05032,B093,2024-09-11,2024-10-26,42500.0,False,False,2025-03-04,129.0,paid
INV-11373,B205,2024-09-12,2024-10-27,57200.0,False,False,2024-10-29,2.0,paid
INV-04979,B092,2024-09-12,2024-10-27,32000.0,True,False,2024-11-17,21.0,paid
INV-00694,B014,2024-09-12,2024-10-12,47100.0,False,False,2024-10-18,6.0,paid
INV-07447,B139,2024-09-12,2024-10-12,52500.0,True,False,2024-12-10,59.0,paid
INV-11777,B212,2024-09-12,2024-10-27,91800.0,False,False,2024-10-29,2.0,paid
INV-06355,B113,2024-09-12,2024-10-27,216900.0,False,False,2024-12-15,49.0,paid
INV-06645,B120,2024-09-12,2024-10-27,101200.0,False,True,2024-12-01,35.0,paid
INV-06041,B105,2024-09-12,2024-10-12,41500.0,True,False,2024-11-27,46.0,paid
INV-01243,B022,2024-09-12,2024-10-12,3800.0,False,False,2024-11-19,38.0,paid
INV-05487,B099,2024-09-12,2024-10-12,189900.0,False,False,2024-11-14,33.0,paid
INV-08042,B148,2024-09-12,2024-10-12,7300.0,False,False,2024-10-21,9.0,paid
INV-06518,B118,2024-09-12,2024-10-12,6800.0,False,False,2024-11-13,32.0,paid
INV-02625,B051,2024-09-12,2024-10-12,24100.0,True,True,2024-12-02,51.0,paid
INV-04323,B083,2024-09-12,2024-10-27,40200.0,False,False,2024-12-06,40.0,paid
INV-03637,B069,2024-09-13,2024-10-13,45900.0,False,False,2024-11-19,37.0,paid
INV-06646,B120,2024-09-13,2024-10-28,30200.0,False,False,2024-11-07,10.0,paid
INV-01371,B024,2024-09-13,2024-10-13,69600.0,False,False,2024-10-08,-5.0,paid
INV-11554,B208,2024-09-13,2024-10-13,28000.0,False,False,2024-11-04,22.0,paid
INV-10999,B199,2024-09-13,2024-10-28,10900.0,False,False,2024-10-19,-9.0,paid
INV-02957,B056,2024-09-13,2024-10-28,93300.0,False,False,2024-11-26,29.0,paid
INV-09254,B172,2024-09-13,2024-10-28,46800.0,False,True,2024-11-30,33.0,paid
INV-03045,B057,2024-09-13,2024-10-13,207500.0,False,True,2024-11-23,41.0,paid
INV-02956,B056,2024-09-13,2024-10-28,170000.0,False,False,2024-11-30,33.0,paid
INV-07579,B141,2024-09-13,2024-10-13,35800.0,False,False,2024-10-28,15.0,paid
INV-00567,B011,2024-09-13,2024-10-28,26500.0,False,True,2024-12-02,35.0,paid
INV-01050,B019,2024-09-14,2024-10-14,34800.0,False,True,2024-11-11,28.0,paid
INV-00058,B001,2024-09-14,2024-10-29,30300.0,False,False,2024-11-19,21.0,paid
INV-03910,B074,2024-09-14,2024-10-14,5500.0,False,False,2024-11-04,21.0,paid
INV-11778,B212,2024-09-14,2024-10-29,42000.0,False,False,2024-11-04,6.0,paid
INV-01508,B026,2024-09-14,2024-10-29,49900.0,False,False,2024-11-13,15.0,paid
INV-07307,B137,2024-09-14,2024-10-29,43600.0,False,False,2024-11-06,8.0,paid
INV-07663,B143,2024-09-14,2024-10-29,22300.0,False,False,2024-11-15,17.0,paid
INV-10699,B193,2024-09-14,2024-10-29,65900.0,False,False,2024-11-22,24.0,paid
INV-00325,B006,2024-09-14,2024-10-29,107700.0,False,False,2024-11-14,16.0,paid
INV-01244,B022,2024-09-14,2024-10-14,29600.0,False,True,2024-12-18,65.0,paid
INV-04238,B081,2024-09-14,2024-10-14,33500.0,False,False,2024-11-13,30.0,paid
INV-04239,B081,2024-09-14,2024-10-14,39300.0,False,False,2024-11-26,43.0,paid
INV-04505,B086,2024-09-14,2024-10-29,100800.0,False,False,2024-11-05,7.0,paid
INV-04825,B089,2024-09-14,2024-10-14,38700.0,False,False,2024-10-17,3.0,paid
INV-07046,B132,2024-09-14,2024-10-29,51200.0,False,False,2025-02-24,118.0,paid
INV-00600,B012,2024-09-14,2024-10-29,41400.0,False,False,2024-11-06,8.0,paid
INV-11374,B205,2024-09-14,2024-10-29,31200.0,False,False,2024-11-05,7.0,paid
INV-03429,B067,2024-09-15,2024-10-15,46400.0,False,False,2024-10-05,-10.0,paid
INV-01686,B030,2024-09-15,2024-10-15,76800.0,False,True,2024-10-26,11.0,paid
INV-02105,B039,2024-09-15,2024-10-30,18500.0,False,True,2024-11-29,30.0,paid
INV-11556,B208,2024-09-15,2024-10-15,103700.0,True,True,2024-12-16,62.0,paid
INV-11199,B202,2024-09-15,2024-10-15,8600.0,False,False,2024-11-23,39.0,paid
INV-08132,B150,2024-09-15,2024-10-30,91200.0,False,False,2024-11-27,28.0,paid
INV-05587,B100,2024-09-15,2024-10-15,36700.0,True,False,2024-12-09,55.0,paid
INV-08133,B150,2024-09-15,2024-10-30,103400.0,False,False,2024-12-05,36.0,paid
INV-02295,B043,2024-09-15,2024-10-30,55900.0,False,True,2024-12-14,45.0,paid
INV-11555,B208,2024-09-15,2024-10-15,73100.0,False,True,2024-12-03,49.0,paid
INV-07151,B134,2024-09-16,2024-10-31,121500.0,False,False,2024-12-06,36.0,paid
INV-08110,B149,2024-09-16,2024-10-16,81000.0,False,False,2024-11-22,37.0,paid
INV-03256,B063,2024-09-16,2024-10-16,15400.0,False,True,2024-11-04,19.0,paid
INV-01957,B037,2024-09-16,2024-10-31,350400.0,False,False,2024-11-15,15.0,paid
INV-10792,B195,2024-09-16,2024-10-16,16000.0,False,False,2024-11-19,34.0,paid
INV-02532,B049,2024-09-16,2024-10-31,66100.0,False,False,2024-11-13,13.0,paid
INV-04826,B089,2024-09-16,2024-10-16,45700.0,False,False,2024-10-29,13.0,paid
INV-03115,B059,2024-09-16,2024-10-31,5200.0,False,False,2024-11-29,29.0,paid
INV-00059,B001,2024-09-16,2024-10-31,49000.0,True,False,2024-12-11,41.0,paid
INV-08346,B157,2024-09-16,2024-10-16,31000.0,False,False,2024-11-09,24.0,paid
INV-08043,B148,2024-09-16,2024-10-16,6900.0,False,False,2024-11-04,19.0,paid
INV-07308,B137,2024-09-17,2024-11-01,48900.0,False,False,2024-11-06,5.0,paid
INV-09489,B175,2024-09-17,2024-10-17,79200.0,False,False,2024-10-18,1.0,paid
INV-02392,B046,2024-09-17,2024-11-01,19600.0,False,False,2024-11-14,13.0,paid
INV-03046,B057,2024-09-17,2024-10-17,50300.0,False,False,2024-11-10,24.0,paid
INV-00768,B015,2024-09-17,2024-10-17,119000.0,False,False,2024-10-25,8.0,paid
INV-09628,B177,2024-09-17,2024-11-01,32800.0,False,True,2024-12-03,32.0,paid
INV-02958,B056,2024-09-17,2024-11-01,67900.0,False,False,2024-11-19,18.0,paid
INV-03911,B074,2024-09-17,2024-10-17,33300.0,False,False,2024-11-09,23.0,paid
INV-09381,B174,2024-09-17,2024-10-17,70600.0,False,False,2024-10-26,9.0,paid
INV-08293,B156,2024-09-17,2024-10-17,8000.0,False,True,2024-11-29,43.0,paid
INV-01687,B030,2024-09-18,2024-10-18,67000.0,False,False,2024-10-11,-7.0,paid
INV-09490,B175,2024-09-18,2024-10-18,66500.0,False,False,2024-10-14,-4.0,paid
INV-04704,B088,2024-09-18,2024-10-18,30100.0,False,False,2024-10-26,8.0,paid
INV-01745,B031,2024-09-18,2024-10-18,15600.0,False,False,2024-11-03,16.0,paid
INV-04506,B086,2024-09-18,2024-11-02,118600.0,False,False,2024-11-01,-1.0,paid
INV-04018,B076,2024-09-18,2024-11-02,28000.0,False,False,2024-12-01,29.0,paid
INV-05725,B101,2024-09-18,2024-11-02,78600.0,False,True,2024-12-20,48.0,paid
INV-06566,B119,2024-09-19,2024-10-19,54600.0,False,False,2024-10-24,5.0,paid
INV-07580,B141,2024-09-19,2024-10-19,141000.0,False,True,2024-11-26,38.0,paid
INV-09987,B183,2024-09-19,2024-11-03,68900.0,False,False,2024-12-12,39.0,paid
INV-08134,B150,2024-09-19,2024-11-03,48000.0,False,False,2024-11-26,23.0,paid
INV-04507,B086,2024-09-19,2024-11-03,191300.0,False,False,2024-11-05,2.0,paid
INV-02265,B042,2024-09-19,2024-10-19,162100.0,False,False,2024-12-07,49.0,paid
INV-02446,B047,2024-09-19,2024-10-19,81700.0,False,False,2024-10-15,-4.0,paid
INV-10904,B197,2024-09-19,2024-11-03,37300.0,False,True,2024-12-01,28.0,paid
INV-07611,B142,2024-09-19,2024-10-19,57400.0,False,True,2024-12-16,58.0,paid
INV-01746,B031,2024-09-19,2024-10-19,21900.0,False,False,2024-11-11,23.0,paid
INV-09491,B175,2024-09-19,2024-10-19,116000.0,False,False,2024-10-14,-5.0,paid
INV-09255,B172,2024-09-19,2024-11-03,64800.0,False,False,2024-11-23,20.0,paid
INV-03071,B058,2024-09-20,2024-11-04,270800.0,False,False,2024-12-08,34.0,paid
INV-02566,B050,2024-09-20,2024-10-20,109900.0,False,False,2024-12-08,49.0,paid
INV-01913,B036,2024-09-20,2024-11-04,42300.0,False,False,2024-11-26,22.0,paid
INV-06519,B118,2024-09-20,2024-10-20,7400.0,False,False,2024-11-26,37.0,paid
INV-10546,B190,2024-09-20,2024-11-04,176800.0,False,False,2024-12-20,46.0,paid
INV-06284,B110,2024-09-20,2024-10-20,15900.0,False,False,2024-11-04,15.0,paid
INV-09752,B179,2024-09-21,2024-10-21,24800.0,False,True,2024-12-02,42.0,paid
INV-03187,B061,2024-09-21,2024-10-21,26000.0,False,True,2024-10-30,9.0,paid
INV-07152,B134,2024-09-21,2024-11-05,132200.0,False,False,2025-03-21,136.0,paid
INV-04019,B076,2024-09-21,2024-11-05,59200.0,False,False,2024-12-13,38.0,paid
INV-10597,B191,2024-09-21,2024-10-21,52500.0,False,False,2024-11-20,30.0,paid
INV-05488,B099,2024-09-21,2024-10-21,144700.0,False,False,2024-11-11,21.0,paid
INV-03072,B058,2024-09-21,2024-11-05,123300.0,False,False,2024-12-14,39.0,paid
INV-01563,B028,2024-09-21,2024-11-05,17200.0,False,True,2024-12-24,49.0,paid
INV-07581,B141,2024-09-21,2024-10-21,139000.0,False,False,2024-11-11,21.0,paid
INV-11080,B200,2024-09-21,2024-10-21,22200.0,False,False,2024-11-19,29.0,paid
INV-07004,B131,2024-09-22,2024-11-06,69100.0,False,False,2024-11-24,18.0,paid
INV-07795,B144,2024-09-22,2024-10-22,51700.0,True,False,2024-11-08,17.0,paid
INV-02500,B048,2024-09-22,2024-11-06,85100.0,True,False,2025-01-07,62.0,paid
INV-01372,B024,2024-09-22,2024-10-22,88900.0,False,False,2024-10-17,-5.0,paid
INV-01453,B025,2024-09-22,2024-11-06,13500.0,False,False,2024-12-10,34.0,paid
INV-11081,B200,2024-09-22,2024-10-22,17500.0,False,False,2024-11-18,27.0,paid
INV-10483,B189,2024-09-22,2024-11-06,53100.0,False,False,2024-11-14,8.0,paid
INV-07047,B132,2024-09-22,2024-11-06,18600.0,False,False,2024-11-12,6.0,paid
INV-00944,B018,2024-09-22,2024-10-22,29600.0,False,False,2024-12-10,49.0,paid
INV-10853,B196,2024-09-22,2024-10-22,12000.0,False,False,2024-11-22,31.0,paid
INV-05149,B095,2024-09-22,2024-11-06,33700.0,False,False,2024-10-30,-7.0,paid
INV-05912,B104,2024-09-23,2024-10-23,39600.0,False,True,2024-10-27,4.0,paid
INV-05489,B099,2024-09-23,2024-10-23,189300.0,False,False,2024-11-21,29.0,paid
INV-01118,B020,2024-09-23,2024-10-23,263200.0,False,False,2024-11-28,36.0,paid
INV-10089,B184,2024-09-23,2024-10-23,27200.0,False,False,2024-10-30,7.0,paid
INV-02189,B040,2024-09-23,2024-10-23,64600.0,True,False,2024-12-19,57.0,paid
INV-00769,B015,2024-09-23,2024-10-23,42100.0,False,False,2024-10-17,-6.0,paid
INV-08135,B150,2024-09-23,2024-11-07,111500.0,False,False,2024-12-07,30.0,paid
INV-06939,B129,2024-09-23,2024-11-07,97000.0,False,True,2024-11-30,23.0,paid
INV-07448,B139,2024-09-23,2024-10-23,26800.0,False,False,2024-11-09,17.0,paid
INV-05214,B096,2024-09-23,2024-11-07,40200.0,False,False,2024-12-14,37.0,paid
INV-04705,B088,2024-09-23,2024-10-23,63800.0,False,False,2024-11-02,10.0,paid
INV-08967,B168,2024-09-23,2024-11-07,31600.0,False,False,2024-11-29,22.0,paid
INV-07664,B143,2024-09-23,2024-11-07,21900.0,False,False,2024-11-14,7.0,paid
INV-07665,B143,2024-09-23,2024-11-07,18800.0,False,False,2024-11-22,15.0,paid
INV-02959,B056,2024-09-24,2024-11-08,95800.0,False,False,2024-12-01,23.0,paid
INV-01623,B029,2024-09-24,2024-11-08,27800.0,False,False,2024-11-24,16.0,paid
INV-07153,B134,2024-09-24,2024-11-08,47800.0,False,False,2024-12-16,38.0,paid
INV-04508,B086,2024-09-24,2024-11-08,159100.0,False,False,2024-11-07,-1.0,paid
INV-03714,B070,2024-09-24,2024-11-08,210000.0,False,False,2024-11-25,17.0,paid
INV-01245,B022,2024-09-24,2024-10-24,6600.0,False,False,2024-12-03,40.0,paid
INV-00945,B018,2024-09-24,2024-10-24,26300.0,False,False,2024-12-04,41.0,paid
INV-04324,B083,2024-09-24,2024-11-08,106400.0,False,False,2024-12-23,45.0,paid
INV-04186,B080,2024-09-24,2024-10-24,243900.0,False,False,2024-11-15,22.0,paid
INV-02533,B049,2024-09-24,2024-11-08,132300.0,False,True,2024-12-02,24.0,paid
INV-06285,B110,2024-09-24,2024-10-24,12300.0,False,False,2024-11-04,11.0,paid
INV-00421,B008,2024-09-24,2024-11-08,68900.0,False,False,2024-11-28,20.0,paid
INV-06169,B108,2024-09-24,2024-10-24,17500.0,False,False,2024-11-07,14.0,paid
INV-09101,B169,2024-09-24,2024-10-24,27400.0,False,False,2024-11-09,16.0,paid
INV-02029,B038,2024-09-24,2024-10-24,131200.0,False,False,2024-11-17,24.0,paid
INV-01051,B019,2024-09-25,2024-10-25,44900.0,False,False,2024-11-27,33.0,paid
INV-02393,B046,2024-09-25,2024-11-09,9700.0,False,False,2024-11-22,13.0,paid
INV-02394,B046,2024-09-25,2024-11-09,7100.0,False,False,2024-11-18,9.0,paid
INV-10142,B185,2024-09-25,2024-11-09,104600.0,False,False,2024-12-24,45.0,paid
INV-07449,B139,2024-09-25,2024-10-25,34000.0,False,False,2024-11-19,25.0,paid
INV-05102,B094,2024-09-25,2024-11-09,26000.0,False,True,2024-11-23,14.0,paid
INV-05033,B093,2024-09-25,2024-11-09,41000.0,False,False,2024-11-15,6.0,paid
INV-05319,B097,2024-09-25,2024-10-25,34600.0,False,False,2024-10-31,6.0,paid
INV-00568,B011,2024-09-25,2024-11-09,62900.0,False,False,2024-12-11,32.0,paid
INV-02803,B054,2024-09-25,2024-10-25,32300.0,False,False,2024-10-25,0.0,paid
INV-10243,B186,2024-09-25,2024-11-09,62100.0,False,False,2024-11-24,15.0,paid
INV-04827,B089,2024-09-25,2024-10-25,37800.0,False,False,2024-10-25,0.0,paid
INV-02349,B044,2024-09-25,2024-10-25,119900.0,False,False,2024-11-19,25.0,paid
INV-05034,B093,2024-09-26,2024-11-10,53900.0,False,False,2024-11-23,13.0,paid
INV-05215,B096,2024-09-26,2024-11-10,50200.0,True,False,2025-02-02,84.0,paid
INV-07048,B132,2024-09-26,2024-11-10,96800.0,False,False,2024-11-27,17.0,paid
INV-09256,B172,2024-09-26,2024-11-10,26900.0,False,False,2024-11-23,13.0,paid
INV-11779,B212,2024-09-26,2024-11-10,66200.0,False,False,2024-11-20,10.0,paid
INV-02447,B047,2024-09-26,2024-10-26,40500.0,False,False,2024-10-19,-7.0,paid
INV-05103,B094,2024-09-26,2024-11-10,29200.0,False,False,2024-11-16,6.0,paid
INV-02875,B055,2024-09-26,2024-10-26,14000.0,False,False,2024-11-11,16.0,paid
INV-01688,B030,2024-09-26,2024-10-26,39400.0,False,False,2024-10-18,-8.0,paid
INV-02296,B043,2024-09-26,2024-11-10,49000.0,False,True,2024-12-31,51.0,paid
INV-03557,B068,2024-09-26,2024-10-26,30100.0,False,False,2024-10-16,-10.0,paid
INV-03865,B073,2024-09-27,2024-11-11,162100.0,False,False,2024-12-11,30.0,paid
INV-01877,B035,2024-09-27,2024-11-11,54100.0,False,False,2024-11-26,15.0,paid
INV-09686,B178,2024-09-27,2024-10-27,30900.0,False,True,2024-12-02,36.0,paid
INV-03639,B069,2024-09-27,2024-10-27,57300.0,True,False,2024-12-26,60.0,paid
INV-08866,B167,2024-09-27,2024-10-27,24200.0,False,False,2024-11-11,15.0,paid
INV-03638,B069,2024-09-27,2024-10-27,60700.0,False,True,2024-11-30,34.0,paid
INV-05216,B096,2024-09-27,2024-11-11,29500.0,False,False,2024-12-17,36.0,paid
INV-11305,B204,2024-09-27,2024-10-27,229900.0,False,False,2024-11-24,28.0,paid
INV-02395,B046,2024-09-27,2024-11-11,28800.0,False,False,2024-11-28,17.0,paid
INV-08347,B157,2024-09-27,2024-10-27,41700.0,False,False,2024-12-11,45.0,paid
INV-04419,B085,2024-09-27,2024-10-27,63100.0,False,False,2024-11-18,22.0,paid
INV-08437,B159,2024-09-27,2024-11-11,122300.0,False,True,2024-12-20,39.0,paid
INV-04942,B091,2024-09-28,2024-10-28,12100.0,False,False,2024-12-04,37.0,paid
INV-09629,B177,2024-09-28,2024-11-12,66600.0,False,False,2024-12-03,21.0,paid
INV-04509,B086,2024-09-28,2024-11-12,166400.0,False,True,2024-11-25,13.0,paid
INV-10854,B196,2024-09-28,2024-10-28,63500.0,True,False,2025-01-03,67.0,paid
INV-02106,B039,2024-09-28,2024-11-12,16700.0,False,False,2024-12-01,19.0,paid
INV-02298,B043,2024-09-28,2024-11-12,11400.0,False,False,2024-11-29,17.0,paid
INV-02297,B043,2024-09-28,2024-11-12,37800.0,False,False,2024-12-20,38.0,paid
INV-10353,B187,2024-09-28,2024-10-28,86600.0,True,False,2024-12-30,63.0,paid
INV-07796,B144,2024-09-28,2024-10-28,25200.0,False,False,2024-10-18,-10.0,paid
INV-01246,B022,2024-09-28,2024-10-28,9200.0,False,False,2024-12-09,42.0,paid
INV-01958,B037,2024-09-29,2024-11-13,191300.0,False,False,2024-11-06,-7.0,paid
INV-10429,B188,2024-09-29,2024-10-29,16600.0,False,False,2024-11-16,18.0,paid
INV-03715,B070,2024-09-29,2024-11-13,96300.0,False,False,2024-12-01,18.0,paid
INV-07450,B139,2024-09-29,2024-10-29,55100.0,False,False,2024-11-23,25.0,paid
INV-02190,B040,2024-09-29,2024-10-29,44600.0,False,False,2024-10-22,-7.0,paid
INV-11667,B211,2024-09-29,2024-11-13,181500.0,False,True,2025-01-22,70.0,paid
INV-08111,B149,2024-09-29,2024-10-29,93800.0,False,False,2024-12-05,37.0,paid
INV-11239,B203,2024-09-29,2024-10-29,10600.0,False,True,2024-12-24,56.0,paid
INV-02876,B055,2024-09-29,2024-10-29,37200.0,False,False,2024-12-01,33.0,paid
INV-00569,B011,2024-09-29,2024-11-13,82600.0,False,False,2024-12-18,35.0,paid
INV-01624,B029,2024-09-29,2024-11-13,52000.0,False,False,2024-12-14,31.0,paid
INV-07049,B132,2024-09-30,2024-11-14,88200.0,False,False,2024-12-05,21.0,paid
INV-01119,B020,2024-09-30,2024-10-30,75300.0,False,False,2024-11-21,22.0,paid
INV-00265,B005,2024-09-30,2024-10-30,14400.0,False,False,2024-10-28,-2.0,paid
INV-00881,B017,2024-09-30,2024-10-30,42700.0,False,False,2024-10-20,-10.0,paid
INV-06976,B130,2024-09-30,2024-10-30,21500.0,False,False,2024-11-04,5.0,paid
INV-04420,B085,2024-09-30,2024-10-30,170900.0,False,False,2024-11-18,19.0,paid
INV-06098,B107,2024-09-30,2024-11-14,39000.0,False,False,2024-11-20,6.0,paid
INV-00496,B010,2024-09-30,2024-11-14,5400.0,False,False,2024-11-24,10.0,paid
INV-04706,B088,2024-09-30,2024-10-30,42200.0,False,False,2024-10-27,-3.0,paid
INV-00695,B014,2024-09-30,2024-10-30,60200.0,False,False,2024-11-16,17.0,paid
INV-10090,B184,2024-09-30,2024-10-30,17700.0,False,False,2024-11-25,26.0,paid
INV-11082,B200,2024-10-01,2024-10-31,25200.0,False,False,2024-11-23,23.0,paid
INV-08549,B161,2024-10-01,2024-10-31,41900.0,False,True,2024-11-17,17.0,paid
INV-03257,B063,2024-10-01,2024-10-31,25200.0,False,False,2024-11-15,15.0,paid
INV-05419,B098,2024-10-01,2024-10-31,7100.0,False,False,2024-10-21,-10.0,paid
INV-09382,B174,2024-10-01,2024-10-31,41400.0,False,False,2024-11-09,9.0,paid
INV-00835,B016,2024-10-01,2024-11-15,31400.0,False,False,2024-12-01,16.0,paid
INV-11780,B212,2024-10-01,2024-11-15,126000.0,False,False,2024-12-03,18.0,paid
INV-03800,B072,2024-10-01,2024-10-31,32200.0,False,False,2024-11-16,16.0,paid
INV-00946,B018,2024-10-01,2024-10-31,36000.0,False,False,2025-01-06,67.0,paid
INV-06647,B120,2024-10-01,2024-11-15,32500.0,False,False,2024-11-30,15.0,paid
INV-05490,B099,2024-10-02,2024-11-01,220800.0,False,False,2024-12-07,36.0,paid
INV-06099,B107,2024-10-02,2024-11-16,74600.0,False,False,2024-11-29,13.0,paid
INV-00187,B003,2024-10-02,2024-11-01,18200.0,False,False,2024-11-25,24.0,paid
INV-04091,B077,2024-10-02,2024-11-16,16000.0,True,False,2024-12-18,32.0,paid
INV-05420,B098,2024-10-02,2024-11-01,23400.0,False,False,2024-10-29,-3.0,paid
INV-05421,B098,2024-10-02,2024-11-01,10200.0,False,False,2024-10-22,-10.0,paid
INV-09630,B177,2024-10-02,2024-11-16,19500.0,False,False,2024-12-07,21.0,paid
INV-05726,B101,2024-10-02,2024-11-16,173600.0,False,False,2024-12-23,37.0,paid
INV-00060,B001,2024-10-02,2024-11-16,40100.0,False,False,2024-12-13,27.0,paid
INV-08805,B165,2024-10-02,2024-11-01,22600.0,False,False,2024-11-13,12.0,paid
INV-06726,B121,2024-10-03,2024-11-17,44800.0,False,False,2024-11-21,4.0,paid
INV-01120,B020,2024-10-03,2024-11-02,62900.0,False,False,2024-11-23,21.0,paid
INV-01454,B025,2024-10-03,2024-11-17,19900.0,False,False,2024-12-20,33.0,paid
INV-10143,B185,2024-10-03,2024-11-17,133900.0,False,False,2025-01-07,51.0,paid
INV-02960,B056,2024-10-03,2024-11-17,25900.0,False,True,2024-12-07,20.0,paid
INV-09383,B174,2024-10-03,2024-11-02,25500.0,False,False,2024-10-29,-4.0,paid
INV-06314,B111,2024-10-03,2024-11-17,14000.0,False,True,2024-12-06,19.0,paid
INV-10793,B195,2024-10-03,2024-11-02,11600.0,False,False,2024-12-07,35.0,paid
INV-11165,B201,2024-10-04,2024-11-18,9400.0,False,False,2024-12-31,43.0,paid
INV-00497,B010,2024-10-04,2024-11-18,11300.0,False,False,2024-12-02,14.0,paid
INV-10354,B187,2024-10-04,2024-11-03,102500.0,False,False,2024-12-05,32.0,paid
INV-09889,B182,2024-10-04,2024-11-03,103700.0,False,False,2024-11-13,10.0,paid
INV-11375,B205,2024-10-04,2024-11-18,44300.0,False,False,2024-11-28,10.0,paid
INV-05798,B102,2024-10-04,2024-11-18,21900.0,False,False,2024-11-14,-4.0,paid
INV-02030,B038,2024-10-04,2024-11-03,46900.0,False,False,2024-11-22,19.0,paid
INV-04510,B086,2024-10-04,2024-11-18,542900.0,False,False,2024-11-26,8.0,paid
INV-11781,B212,2024-10-04,2024-11-18,89400.0,False,False,2024-11-26,8.0,paid
INV-01564,B028,2024-10-05,2024-11-19,17500.0,False,False,2024-12-31,42.0,paid
INV-10700,B193,2024-10-05,2024-11-19,25100.0,False,False,2024-12-17,28.0,paid
INV-03430,B067,2024-10-05,2024-11-04,58500.0,False,False,2024-11-06,2.0,paid
INV-00947,B018,2024-10-05,2024-11-04,45400.0,False,False,2024-12-25,51.0,paid
INV-05035,B093,2024-10-05,2024-11-19,68700.0,False,False,2024-12-01,12.0,paid
INV-12105,B218,2024-10-05,2024-11-19,43200.0,False,False,2024-12-13,24.0,paid
INV-09631,B177,2024-10-05,2024-11-19,41200.0,False,False,2024-12-17,28.0,paid
INV-04092,B077,2024-10-05,2024-11-19,52100.0,False,False,2024-12-06,17.0,paid
INV-11782,B212,2024-10-05,2024-11-19,33800.0,False,False,2024-11-29,10.0,paid
INV-08968,B168,2024-10-05,2024-11-19,75800.0,False,False,2024-12-09,20.0,paid
INV-01804,B033,2024-10-06,2024-11-20,40800.0,False,True,2025-01-16,57.0,paid
INV-01689,B030,2024-10-06,2024-11-05,99800.0,False,False,2024-10-28,-8.0,paid
INV-03258,B063,2024-10-06,2024-11-05,14700.0,False,False,2024-11-19,14.0,paid
INV-11515,B207,2024-10-06,2024-11-05,58800.0,False,False,2024-11-03,-2.0,paid
INV-09492,B175,2024-10-06,2024-11-05,42600.0,False,False,2024-10-29,-7.0,paid
INV-08716,B163,2024-10-06,2024-11-05,50900.0,False,False,2024-11-27,22.0,paid
INV-01247,B022,2024-10-06,2024-11-05,18600.0,False,False,2024-12-15,40.0,paid
INV-00498,B010,2024-10-06,2024-11-20,8300.0,False,False,2024-11-20,0.0,paid
INV-11783,B212,2024-10-06,2024-11-20,133200.0,False,False,2024-11-27,7.0,paid
INV-09687,B178,2024-10-06,2024-11-05,27700.0,False,False,2024-11-30,25.0,paid
INV-07212,B135,2024-10-06,2024-11-20,35700.0,False,False,2024-12-10,20.0,paid
INV-04020,B076,2024-10-06,2024-11-20,57600.0,False,False,2025-04-20,151.0,paid
INV-08550,B161,2024-10-06,2024-11-05,119600.0,False,False,2024-12-01,26.0,paid
INV-04240,B081,2024-10-06,2024-11-05,16100.0,False,False,2024-12-20,45.0,paid
INV-02626,B051,2024-10-06,2024-11-05,70100.0,False,False,2024-11-27,22.0,paid
INV-03559,B068,2024-10-06,2024-11-05,52700.0,False,False,2024-10-26,-10.0,paid
INV-00882,B017,2024-10-06,2024-11-05,22400.0,False,True,2024-11-13,8.0,paid
INV-03558,B068,2024-10-06,2024-11-05,75800.0,True,False,2024-11-13,8.0,paid
INV-10355,B187,2024-10-06,2024-11-05,128500.0,False,False,2024-12-07,32.0,paid
INV-02961,B056,2024-10-07,2024-11-21,135800.0,False,False,2024-12-31,40.0,paid
INV-03431,B067,2024-10-07,2024-11-06,80600.0,False,False,2024-11-07,1.0,paid
INV-11166,B201,2024-10-07,2024-11-21,13500.0,False,False,2025-01-04,44.0,paid
INV-04615,B087,2024-10-07,2024-11-21,40600.0,False,False,2024-12-04,13.0,paid
INV-07050,B132,2024-10-07,2024-11-21,28100.0,False,False,2024-12-01,10.0,paid
INV-05491,B099,2024-10-07,2024-11-06,81600.0,False,False,2024-11-24,18.0,paid
INV-00098,B002,2024-10-07,2024-11-06,161900.0,False,False,2024-11-18,12.0,paid
INV-00375,B007,2024-10-07,2024-11-06,334000.0,False,False,2024-11-29,23.0,paid
INV-01959,B037,2024-10-07,2024-11-21,274900.0,False,False,2024-12-11,20.0,paid
INV-03151,B060,2024-10-08,2024-11-22,12600.0,False,False,2024-11-23,1.0,paid
INV-01509,B026,2024-10-08,2024-11-22,40400.0,False,False,2024-12-17,25.0,paid
INV-09632,B177,2024-10-08,2024-11-22,54300.0,False,False,2024-12-18,26.0,paid
INV-04187,B080,2024-10-08,2024-11-07,191900.0,False,True,2024-12-05,28.0,paid
INV-10244,B186,2024-10-08,2024-11-22,57400.0,False,False,2024-12-06,14.0,paid
INV-04421,B085,2024-10-08,2024-11-07,39600.0,False,False,2024-12-04,27.0,paid
INV-02567,B050,2024-10-08,2024-11-07,48300.0,False,False,2024-12-11,34.0,paid
INV-07309,B137,2024-10-08,2024-11-22,89100.0,False,False,2024-11-20,-2.0,paid
INV-04980,B092,2024-10-08,2024-11-22,19000.0,False,False,2024-11-27,5.0,paid
INV-11240,B203,2024-10-08,2024-11-07,6200.0,False,False,2024-11-28,21.0,paid
INV-00770,B015,2024-10-08,2024-11-07,77100.0,False,False,2024-11-04,-3.0,paid
INV-07451,B139,2024-10-09,2024-11-08,86100.0,False,False,2024-12-01,23.0,paid
INV-00570,B011,2024-10-09,2024-11-23,14700.0,False,False,2024-12-27,34.0,paid
INV-03801,B072,2024-10-09,2024-11-08,18600.0,False,False,2024-11-22,14.0,paid
INV-08969,B168,2024-10-09,2024-11-23,40500.0,False,False,2024-12-13,20.0,paid
INV-03716,B070,2024-10-09,2024-11-23,62400.0,False,False,2024-12-15,22.0,paid
INV-00645,B013,2024-10-09,2024-11-23,17400.0,False,True,2025-01-08,46.0,paid
INV-10245,B186,2024-10-09,2024-11-23,145800.0,False,False,2024-12-17,24.0,paid
INV-10356,B187,2024-10-09,2024-11-08,169100.0,True,False,2025-01-21,74.0,paid
INV-01565,B028,2024-10-09,2024-11-23,28100.0,False,False,2025-01-11,49.0,paid
INV-09493,B175,2024-10-09,2024-11-08,62800.0,False,False,2024-11-12,4.0,paid
INV-04707,B088,2024-10-09,2024-11-08,13100.0,False,True,2024-11-18,10.0,paid
INV-11083,B200,2024-10-10,2024-11-09,25000.0,False,False,2024-11-18,9.0,paid
INV-06567,B119,2024-10-10,2024-11-09,125600.0,False,False,2024-11-14,5.0,paid
INV-04241,B081,2024-10-10,2024-11-09,8100.0,False,False,2024-12-03,24.0,paid
INV-06100,B107,2024-10-10,2024-11-24,44900.0,False,False,2024-12-09,15.0,paid
INV-04242,B081,2024-10-10,2024-11-09,22800.0,True,False,2025-01-09,61.0,paid
INV-09169,B170,2024-10-10,2024-11-24,18400.0,False,False,2025-01-03,40.0,paid
INV-10484,B189,2024-10-10,2024-11-24,58800.0,False,True,2024-12-19,25.0,paid
INV-03152,B060,2024-10-10,2024-11-24,39800.0,False,False,2024-12-07,13.0,paid
INV-01456,B025,2024-10-10,2024-11-24,9200.0,False,True,2025-01-03,40.0,paid
INV-01455,B025,2024-10-10,2024-11-24,13300.0,False,True,2025-01-01,38.0,paid
INV-05588,B100,2024-10-10,2024-11-09,58600.0,False,False,2024-12-18,39.0,paid
INV-00883,B017,2024-10-10,2024-11-09,14300.0,False,False,2024-10-30,-10.0,paid
INV-04188,B080,2024-10-10,2024-11-09,219100.0,False,False,2024-11-20,11.0,paid
INV-06648,B120,2024-10-11,2024-11-25,97600.0,False,False,2024-12-23,28.0,paid
INV-05492,B099,2024-10-11,2024-11-10,262100.0,False,False,2024-12-01,21.0,paid
INV-02191,B040,2024-10-11,2024-11-10,154800.0,False,False,2024-11-27,17.0,paid
INV-11631,B210,2024-10-11,2024-11-10,70700.0,False,False,2024-12-03,23.0,paid
INV-07213,B135,2024-10-11,2024-11-25,33700.0,False,False,2024-12-19,24.0,paid
INV-08839,B166,2024-10-11,2024-11-10,165500.0,False,False,2024-11-19,9.0,paid
INV-09890,B182,2024-10-11,2024-11-10,36300.0,False,False,2024-11-11,1.0,paid
INV-06568,B119,2024-10-11,2024-11-10,80200.0,False,False,2024-11-17,7.0,paid
INV-03560,B068,2024-10-11,2024-11-10,62300.0,False,False,2024-11-13,3.0,paid
INV-00422,B008,2024-10-11,2024-11-25,46200.0,False,False,2024-12-17,22.0,paid
INV-10246,B186,2024-10-11,2024-11-25,125600.0,False,True,2024-12-19,24.0,paid
INV-05727,B101,2024-10-11,2024-11-25,33800.0,False,False,2024-12-22,27.0,paid
INV-02804,B054,2024-10-11,2024-11-10,33400.0,False,False,2024-11-22,12.0,paid
INV-10357,B187,2024-10-12,2024-11-11,141600.0,True,False,2025-02-02,83.0,paid
INV-10091,B184,2024-10-12,2024-11-11,70100.0,False,False,2024-12-07,26.0,paid
INV-10146,B185,2024-10-12,2024-11-26,107500.0,True,True,2025-02-12,78.0,paid
INV-08044,B148,2024-10-12,2024-11-11,17500.0,False,True,2024-12-09,28.0,paid
INV-00188,B003,2024-10-12,2024-11-11,25500.0,False,False,2024-12-22,41.0,paid
INV-10144,B185,2024-10-12,2024-11-26,176500.0,True,False,2025-02-18,84.0,paid
INV-04511,B086,2024-10-12,2024-11-26,312900.0,False,False,2024-11-28,2.0,paid
INV-08390,B158,2024-10-12,2024-11-26,10700.0,False,False,2025-01-08,43.0,paid
INV-10145,B185,2024-10-12,2024-11-26,375700.0,False,False,2025-01-16,51.0,paid
INV-06896,B127,2024-10-12,2024-11-11,43900.0,False,False,2024-12-06,25.0,paid
INV-00423,B008,2024-10-12,2024-11-26,31900.0,False,False,2024-12-21,25.0,paid
INV-08295,B156,2024-10-12,2024-11-11,34600.0,False,False,2024-12-23,42.0,paid
INV-08294,B156,2024-10-12,2024-11-11,12300.0,False,False,2024-12-04,23.0,paid
INV-05589,B100,2024-10-13,2024-11-12,131500.0,False,False,2024-12-27,45.0,paid
INV-11668,B211,2024-10-13,2024-11-27,172000.0,False,False,2025-01-26,60.0,paid
INV-02192,B040,2024-10-13,2024-11-12,87200.0,False,False,2024-11-19,7.0,paid
INV-06042,B105,2024-10-13,2024-11-12,53400.0,False,False,2024-11-12,0.0,paid
INV-07797,B144,2024-10-13,2024-11-12,32400.0,True,False,2024-11-27,15.0,paid
INV-09494,B175,2024-10-13,2024-11-12,113200.0,False,False,2024-11-12,0.0,paid
INV-10358,B187,2024-10-13,2024-11-12,70700.0,False,False,2024-12-11,29.0,paid
INV-08551,B161,2024-10-13,2024-11-12,60600.0,False,False,2024-12-09,27.0,paid
INV-01960,B037,2024-10-13,2024-11-27,325800.0,False,False,2024-12-13,16.0,paid
INV-09170,B170,2024-10-13,2024-11-27,13900.0,False,False,2025-01-04,38.0,paid
INV-07051,B132,2024-10-13,2024-11-27,17300.0,True,False,2024-12-29,32.0,paid
INV-04828,B089,2024-10-13,2024-11-12,105500.0,True,False,2024-12-13,31.0,paid
INV-12106,B218,2024-10-14,2024-11-28,89100.0,False,True,2024-12-26,28.0,paid
INV-04708,B088,2024-10-14,2024-11-13,18500.0,False,False,2024-11-07,-6.0,paid
INV-00425,B008,2024-10-14,2024-11-28,32700.0,False,False,2024-12-10,12.0,paid
INV-02805,B054,2024-10-14,2024-11-13,18100.0,False,False,2024-11-12,-1.0,paid
INV-06649,B120,2024-10-14,2024-11-28,23900.0,False,False,2024-12-05,7.0,paid
INV-00424,B008,2024-10-14,2024-11-28,36700.0,False,False,2024-12-12,14.0,paid
INV-12028,B216,2024-10-14,2024-11-28,20000.0,False,False,2024-12-23,25.0,paid
INV-05913,B104,2024-10-14,2024-11-13,67300.0,False,False,2024-11-22,9.0,paid
INV-01747,B031,2024-10-14,2024-11-13,24700.0,False,False,2024-12-12,29.0,paid
INV-02711,B052,2024-10-14,2024-11-13,80700.0,False,False,2025-01-13,61.0,paid
INV-05728,B101,2024-10-14,2024-11-28,79200.0,False,True,2025-01-09,42.0,paid
INV-07384,B138,2024-10-14,2024-11-13,31200.0,False,False,2024-11-19,6.0,paid
INV-03866,B073,2024-10-14,2024-11-28,83200.0,False,False,2024-12-27,29.0,paid
INV-10547,B190,2024-10-15,2024-11-29,75200.0,False,False,2025-01-10,42.0,paid
INV-02299,B043,2024-10-15,2024-11-29,17900.0,False,False,2024-12-29,30.0,paid
INV-04709,B088,2024-10-15,2024-11-14,28500.0,False,False,2024-11-11,-3.0,paid
INV-11084,B200,2024-10-15,2024-11-14,31900.0,False,False,2024-12-12,28.0,paid
INV-06852,B125,2024-10-15,2024-11-29,9600.0,False,False,2024-12-07,8.0,paid
INV-09495,B175,2024-10-15,2024-11-14,130100.0,False,False,2024-11-11,-3.0,paid
INV-07582,B141,2024-10-15,2024-11-14,60200.0,False,False,2024-11-29,15.0,paid
INV-01748,B031,2024-10-16,2024-11-15,28000.0,False,False,2024-11-27,12.0,paid
INV-12029,B216,2024-10-16,2024-11-30,14300.0,False,False,2025-01-01,32.0,paid
INV-10485,B189,2024-10-16,2024-11-30,86800.0,False,False,2024-12-23,23.0,paid
INV-09831,B181,2024-10-16,2024-11-30,195500.0,False,False,2024-12-27,27.0,paid
INV-06334,B112,2024-10-16,2024-11-30,14500.0,False,False,2024-11-24,-6.0,paid
INV-06356,B113,2024-10-16,2024-11-30,308500.0,False,False,2025-01-21,52.0,paid
INV-02534,B049,2024-10-16,2024-11-30,85100.0,False,False,2024-12-10,10.0,paid
INV-04512,B086,2024-10-16,2024-11-30,316900.0,False,False,2024-11-28,-2.0,paid
INV-11784,B212,2024-10-16,2024-11-30,24600.0,False,False,2024-11-30,0.0,paid
INV-06078,B106,2024-10-16,2024-11-30,64300.0,False,True,2025-01-06,37.0,paid
INV-04243,B081,2024-10-16,2024-11-15,38300.0,False,False,2024-12-29,44.0,paid
INV-09988,B183,2024-10-16,2024-11-30,70800.0,False,False,2025-01-07,38.0,paid
INV-02107,B039,2024-10-16,2024-11-30,4900.0,False,False,2024-12-13,13.0,paid
INV-00376,B007,2024-10-17,2024-11-16,280000.0,False,False,2024-12-21,35.0,paid
INV-03561,B068,2024-10-17,2024-11-16,64100.0,True,True,2024-12-11,25.0,paid
INV-05914,B104,2024-10-17,2024-11-16,36600.0,False,False,2024-11-17,1.0,paid
INV-05842,B103,2024-10-17,2024-12-01,88100.0,False,False,2025-01-17,47.0,paid
INV-09102,B169,2024-10-17,2024-11-16,72200.0,False,False,2024-12-11,25.0,paid
INV-04422,B085,2024-10-17,2024-11-16,51800.0,False,False,2024-12-10,24.0,paid
INV-05217,B096,2024-10-17,2024-12-01,62400.0,False,False,2025-05-11,161.0,paid
INV-00771,B015,2024-10-17,2024-11-16,163400.0,True,False,2024-12-11,25.0,paid
INV-00696,B014,2024-10-17,2024-11-16,179600.0,False,False,2025-01-14,59.0,paid
INV-09208,B171,2024-10-17,2024-11-16,136700.0,False,False,2024-11-26,10.0,paid
INV-05320,B097,2024-10-17,2024-11-16,30300.0,False,False,2024-11-18,2.0,paid
INV-06872,B126,2024-10-17,2024-12-01,206500.0,False,False,2024-11-30,-1.0,paid
INV-04325,B083,2024-10-17,2024-12-01,58200.0,False,False,2024-12-23,22.0,paid
INV-05218,B096,2024-10-18,2024-12-02,61300.0,False,False,2024-12-31,29.0,paid
INV-08970,B168,2024-10-18,2024-12-02,68900.0,False,False,2024-12-20,18.0,paid
INV-11167,B201,2024-10-18,2024-12-02,13300.0,False,True,2025-01-13,42.0,paid
INV-03641,B069,2024-10-18,2024-11-17,24600.0,True,False,2025-01-18,62.0,paid
INV-03640,B069,2024-10-18,2024-11-17,35000.0,False,False,2024-12-09,22.0,paid
INV-10092,B184,2024-10-18,2024-11-17,38100.0,False,False,2024-12-08,21.0,paid
INV-10247,B186,2024-10-18,2024-12-02,139400.0,False,False,2024-12-20,18.0,paid
INV-11583,B209,2024-10-18,2024-12-02,79500.0,False,False,2024-12-26,24.0,paid
INV-02193,B040,2024-10-18,2024-11-17,32500.0,False,False,2024-11-28,11.0,paid
INV-10359,B187,2024-10-18,2024-11-17,101100.0,False,False,2024-12-21,34.0,paid
INV-09794,B180,2024-10-18,2024-11-17,35400.0,False,False,2024-12-19,32.0,paid
INV-08552,B161,2024-10-18,2024-11-17,129100.0,False,False,2024-12-12,25.0,paid
INV-10548,B190,2024-10-18,2024-12-02,95300.0,False,True,2025-06-14,194.0,paid
INV-05590,B100,2024-10-18,2024-11-17,80400.0,False,False,2024-12-20,33.0,paid
INV-05591,B100,2024-10-18,2024-11-17,75600.0,False,False,2024-12-10,23.0,paid
INV-04513,B086,2024-10-18,2024-12-02,242700.0,False,False,2024-11-23,-9.0,paid
INV-00326,B006,2024-10-18,2024-12-02,123100.0,False,False,2024-12-15,13.0,paid
INV-09891,B182,2024-10-18,2024-11-17,60400.0,False,False,2024-11-22,5.0,paid
INV-01690,B030,2024-10-18,2024-11-17,100900.0,False,False,2024-11-18,1.0,paid
INV-10248,B186,2024-10-18,2024-12-02,82700.0,False,True,2024-12-19,17.0,paid
INV-10249,B186,2024-10-18,2024-12-02,110300.0,False,False,2024-12-25,23.0,paid
INV-06170,B108,2024-10-19,2024-11-18,61900.0,False,False,2024-12-21,33.0,paid
INV-00499,B010,2024-10-19,2024-12-03,6000.0,False,False,2024-12-10,7.0,paid
INV-01566,B028,2024-10-19,2024-12-03,8200.0,False,False,2025-01-01,29.0,paid
INV-07798,B144,2024-10-19,2024-11-18,35500.0,False,False,2024-11-21,3.0,paid
INV-08348,B157,2024-10-19,2024-11-18,45600.0,False,False,2024-12-29,41.0,paid
INV-11785,B212,2024-10-19,2024-12-03,55400.0,False,False,2024-12-07,4.0,paid
INV-07452,B139,2024-10-19,2024-11-18,61600.0,False,False,2024-12-08,20.0,paid
INV-10549,B190,2024-10-19,2024-12-03,208800.0,False,False,2025-01-08,36.0,paid
INV-02806,B054,2024-10-19,2024-11-18,11800.0,False,False,2024-11-19,1.0,paid
INV-00426,B008,2024-10-19,2024-12-03,42800.0,True,False,2025-01-15,43.0,paid
INV-02350,B044,2024-10-19,2024-11-18,71400.0,False,False,2024-12-10,22.0,paid
INV-11000,B199,2024-10-19,2024-12-03,16100.0,False,False,2024-11-23,-10.0,paid
INV-03432,B067,2024-10-19,2024-11-18,40200.0,False,False,2024-11-10,-8.0,paid
INV-05104,B094,2024-10-19,2024-12-03,26000.0,False,False,2024-11-23,-10.0,paid
INV-03562,B068,2024-10-20,2024-11-19,56400.0,False,False,2024-11-09,-10.0,paid
INV-05219,B096,2024-10-20,2024-12-04,19900.0,False,False,2025-01-02,29.0,paid
INV-05729,B101,2024-10-20,2024-12-04,48900.0,False,True,2024-12-30,26.0,paid
INV-03283,B064,2024-10-20,2024-12-04,138800.0,False,False,2024-12-22,18.0,paid
INV-01457,B025,2024-10-20,2024-12-04,8800.0,False,False,2025-01-03,30.0,paid
INV-06520,B118,2024-10-20,2024-11-19,7700.0,False,True,2024-12-31,42.0,paid
INV-05493,B099,2024-10-20,2024-11-19,257200.0,False,False,2024-12-19,30.0,paid
INV-02807,B054,2024-10-20,2024-11-19,31500.0,False,False,2024-11-21,2.0,paid
INV-01121,B020,2024-10-20,2024-11-19,114700.0,False,False,2024-12-07,18.0,paid
INV-05321,B097,2024-10-20,2024-11-19,99400.0,False,False,2025-02-14,87.0,paid
INV-09103,B169,2024-10-20,2024-11-19,74000.0,False,False,2024-12-18,29.0,paid
INV-01749,B031,2024-10-20,2024-11-19,23100.0,False,False,2024-12-02,13.0,paid
INV-01691,B030,2024-10-20,2024-11-19,67500.0,False,False,2024-11-14,-5.0,paid
INV-11434,B206,2024-10-20,2024-12-04,13900.0,False,False,2024-12-17,13.0,paid
INV-08296,B156,2024-10-20,2024-11-19,9400.0,False,False,2024-12-09,20.0,paid
INV-02962,B056,2024-10-20,2024-12-04,164700.0,False,False,2024-12-26,22.0,paid
INV-03750,B071,2024-10-21,2024-11-20,25400.0,False,False,2024-12-06,16.0,paid
INV-08169,B151,2024-10-21,2024-12-05,80600.0,False,False,2024-11-30,-5.0,paid
INV-09257,B172,2024-10-21,2024-12-05,64800.0,False,False,2024-12-25,20.0,paid
INV-02963,B056,2024-10-21,2024-12-05,48400.0,False,False,2024-12-21,16.0,paid
INV-05322,B097,2024-10-21,2024-11-20,46100.0,False,False,2024-11-30,10.0,paid
INV-02501,B048,2024-10-21,2024-12-05,105800.0,False,False,2025-01-01,27.0,paid
INV-07310,B137,2024-10-21,2024-12-05,200100.0,False,True,2024-12-14,9.0,paid
INV-01458,B025,2024-10-21,2024-12-05,24600.0,False,False,2024-12-31,26.0,paid
INV-10430,B188,2024-10-21,2024-11-20,20700.0,False,False,2024-12-04,14.0,paid
INV-08349,B157,2024-10-22,2024-11-21,11500.0,False,False,2024-12-22,31.0,paid
INV-05323,B097,2024-10-22,2024-11-21,51300.0,True,False,2025-01-09,49.0,paid
INV-08487,B160,2024-10-22,2024-11-21,195900.0,False,False,2024-12-14,23.0,paid
INV-00266,B005,2024-10-22,2024-11-21,52400.0,True,False,2024-12-15,24.0,paid
INV-04326,B083,2024-10-22,2024-12-06,40500.0,False,False,2025-01-07,32.0,paid
INV-04514,B086,2024-10-22,2024-12-06,117800.0,False,False,2024-11-29,-7.0,paid
INV-11001,B199,2024-10-22,2024-12-06,9700.0,False,False,2024-11-27,-9.0,paid
INV-07799,B144,2024-10-22,2024-11-21,91000.0,False,False,2024-11-30,9.0,paid
INV-05220,B096,2024-10-22,2024-12-06,21000.0,False,False,2025-01-01,26.0,paid
INV-07979,B147,2024-10-23,2024-11-22,7600.0,False,False,2024-12-02,10.0,paid
INV-11786,B212,2024-10-23,2024-12-07,59700.0,False,False,2024-12-03,-4.0,paid
INV-08717,B163,2024-10-23,2024-11-22,29900.0,False,False,2024-12-17,25.0,paid
INV-04710,B088,2024-10-23,2024-11-22,53900.0,False,True,2024-12-16,24.0,paid
INV-07005,B131,2024-10-23,2024-12-07,60800.0,False,False,2024-12-10,3.0,paid
INV-07907,B145,2024-10-23,2024-12-07,6700.0,False,False,2024-12-11,4.0,paid
INV-09104,B169,2024-10-23,2024-11-22,50500.0,False,False,2024-12-11,19.0,paid
INV-12107,B218,2024-10-23,2024-12-07,51900.0,False,False,2024-12-14,7.0,paid
INV-10093,B184,2024-10-23,2024-11-22,31800.0,False,True,2024-12-11,19.0,paid
INV-01961,B037,2024-10-23,2024-12-07,200900.0,False,False,2024-12-18,11.0,paid
INV-08867,B167,2024-10-23,2024-11-22,31200.0,False,False,2024-12-07,15.0,paid
INV-06569,B119,2024-10-23,2024-11-22,280900.0,False,False,2024-11-28,6.0,paid
INV-11998,B215,2024-10-23,2024-11-22,73600.0,False,False,2025-01-29,68.0,paid
INV-04711,B088,2024-10-24,2024-11-23,19100.0,False,False,2024-11-20,-3.0,paid
INV-08438,B159,2024-10-24,2024-12-08,176300.0,False,False,2024-12-31,23.0,paid
INV-05324,B097,2024-10-24,2024-11-23,83200.0,False,False,2024-12-08,15.0,paid
INV-07214,B135,2024-10-24,2024-12-08,62000.0,False,False,2024-12-27,19.0,paid
INV-05150,B095,2024-10-24,2024-12-08,43700.0,False,False,2024-12-27,19.0,paid
INV-04021,B076,2024-10-24,2024-12-08,100000.0,False,False,2024-12-29,21.0,paid
INV-00227,B004,2024-10-24,2024-12-08,40500.0,False,False,2024-12-22,14.0,paid
INV-07908,B145,2024-10-24,2024-12-08,9700.0,False,False,2024-11-28,-10.0,paid
INV-03912,B074,2024-10-24,2024-11-23,18900.0,False,False,2024-12-08,15.0,paid
INV-10635,B192,2024-10-24,2024-12-08,10700.0,False,False,2024-11-30,-8.0,paid
INV-06650,B120,2024-10-25,2024-12-09,78600.0,False,False,2024-12-17,8.0,paid
INV-09753,B179,2024-10-25,2024-11-24,20800.0,False,True,2025-01-08,45.0,paid
INV-06873,B126,2024-10-25,2024-12-09,96900.0,False,False,2024-12-04,-5.0,paid
INV-09171,B170,2024-10-25,2024-12-09,29400.0,False,True,2025-01-30,52.0,paid
INV-05036,B093,2024-10-25,2024-12-09,22300.0,False,False,2024-12-07,-2.0,paid
INV-04022,B076,2024-10-25,2024-12-09,37300.0,False,False,2025-01-01,23.0,paid
INV-07666,B143,2024-10-25,2024-12-09,18000.0,False,False,2024-12-21,12.0,paid
INV-11306,B204,2024-10-25,2024-11-24,269700.0,False,False,2025-01-01,38.0,paid
INV-03717,B070,2024-10-25,2024-12-09,112000.0,True,False,2025-01-04,26.0,paid
INV-00646,B013,2024-10-25,2024-12-09,5300.0,False,False,2025-01-09,31.0,paid
INV-06897,B127,2024-10-26,2024-11-25,50900.0,False,False,2024-12-25,30.0,paid
INV-02194,B040,2024-10-26,2024-11-25,18600.0,False,False,2024-12-04,9.0,paid
INV-02713,B052,2024-10-26,2024-11-25,118300.0,True,False,2025-03-10,105.0,paid
INV-07453,B139,2024-10-26,2024-11-25,70000.0,False,False,2024-12-24,29.0,paid
INV-02108,B039,2024-10-26,2024-12-10,25600.0,False,False,2024-12-22,12.0,paid
INV-02712,B052,2024-10-26,2024-11-25,81400.0,True,False,2025-03-15,110.0,paid
INV-11952,B213,2024-10-26,2024-12-10,19000.0,False,False,2024-12-14,4.0,paid
INV-03433,B067,2024-10-26,2024-11-25,36400.0,False,True,2024-11-17,-8.0,paid
INV-04327,B083,2024-10-26,2024-12-10,95800.0,False,False,2025-01-03,24.0,paid
INV-07667,B143,2024-10-27,2024-12-11,18000.0,False,False,2024-12-21,10.0,paid
INV-05915,B104,2024-10-27,2024-11-26,238500.0,False,False,2024-12-13,17.0,paid
INV-09989,B183,2024-10-27,2024-12-11,101300.0,False,False,2025-01-11,31.0,paid
INV-03188,B061,2024-10-27,2024-11-26,47800.0,False,False,2024-11-16,-10.0,paid
INV-02535,B049,2024-10-27,2024-12-11,56600.0,False,False,2024-12-02,-9.0,paid
INV-02396,B046,2024-10-27,2024-12-11,9000.0,False,True,2024-12-29,18.0,paid
INV-06286,B110,2024-10-27,2024-11-26,7000.0,False,False,2024-12-17,21.0,paid
INV-07980,B147,2024-10-27,2024-11-26,17000.0,False,True,2024-12-24,28.0,paid
INV-04616,B087,2024-10-27,2024-12-11,36400.0,True,False,2024-12-28,17.0,paid
INV-03802,B072,2024-10-27,2024-11-26,37300.0,False,False,2024-12-18,22.0,paid
INV-08391,B158,2024-10-27,2024-12-11,9200.0,True,False,2025-03-25,104.0,paid
INV-00427,B008,2024-10-28,2024-12-12,19000.0,True,False,2025-01-11,30.0,paid
INV-11085,B200,2024-10-28,2024-11-27,22800.0,False,True,2024-12-31,34.0,paid
INV-04244,B081,2024-10-28,2024-11-27,32800.0,False,False,2025-01-08,42.0,paid
INV-03751,B071,2024-10-28,2024-11-27,39600.0,False,True,2024-12-22,25.0,paid
INV-04328,B083,2024-10-28,2024-12-12,66100.0,True,False,2025-02-11,61.0,paid
INV-08297,B156,2024-10-28,2024-11-27,6300.0,False,False,2024-12-07,10.0,paid
INV-06651,B120,2024-10-28,2024-12-12,37000.0,True,False,2025-01-29,48.0,paid
INV-06652,B120,2024-10-28,2024-12-12,41500.0,False,False,2024-12-20,8.0,paid
INV-05730,B101,2024-10-28,2024-12-12,90700.0,False,False,2025-01-24,43.0,paid
INV-03563,B068,2024-10-29,2024-11-28,23800.0,False,False,2025-04-04,127.0,paid
INV-04189,B080,2024-10-29,2024-11-28,208700.0,False,False,2024-12-17,19.0,paid
INV-07311,B137,2024-10-29,2024-12-13,51900.0,False,False,2024-12-08,-5.0,paid
INV-09496,B175,2024-10-29,2024-11-28,50700.0,False,False,2024-11-30,2.0,paid
INV-09586,B176,2024-10-29,2024-12-13,11000.0,False,False,2025-01-06,24.0,paid
INV-02397,B046,2024-10-29,2024-12-13,13800.0,False,False,2024-12-29,16.0,paid
INV-11376,B205,2024-10-29,2024-12-13,45800.0,False,True,2024-12-30,17.0,paid
INV-00697,B014,2024-10-29,2024-11-28,159400.0,False,False,2025-01-11,44.0,paid
INV-08553,B161,2024-10-29,2024-11-28,111700.0,False,False,2024-12-21,23.0,paid
INV-10701,B193,2024-10-29,2024-12-13,36500.0,False,True,2025-01-21,39.0,paid
INV-05916,B104,2024-10-29,2024-11-28,116100.0,False,True,2024-12-07,9.0,paid
INV-05799,B102,2024-10-29,2024-12-13,28000.0,True,False,2025-01-15,33.0,paid
INV-07540,B140,2024-10-29,2024-12-13,5800.0,False,False,2024-12-17,4.0,paid
INV-05731,B101,2024-10-29,2024-12-13,81000.0,False,False,2025-01-01,19.0,paid
INV-05151,B095,2024-10-29,2024-12-13,27000.0,False,False,2024-12-15,2.0,paid
INV-01205,B021,2024-10-29,2024-12-13,41000.0,False,False,2025-01-03,21.0,paid
INV-03752,B071,2024-10-29,2024-11-28,26500.0,False,True,2024-12-21,23.0,paid
INV-01248,B022,2024-10-29,2024-11-28,11500.0,False,False,2025-01-18,51.0,paid
INV-10855,B196,2024-10-30,2024-11-29,25100.0,False,False,2024-12-31,32.0,paid
INV-09795,B180,2024-10-30,2024-11-29,9700.0,False,True,2025-01-05,37.0,paid
INV-11584,B209,2024-10-30,2024-12-14,56700.0,False,False,2025-01-05,22.0,paid
INV-12185,B219,2024-10-30,2024-11-29,2900.0,False,True,2024-12-05,6.0,paid
INV-01805,B033,2024-10-30,2024-12-14,31900.0,False,False,2025-01-31,48.0,paid
INV-02751,B053,2024-10-30,2024-11-29,38900.0,False,True,2024-12-14,15.0,paid
INV-03434,B067,2024-10-30,2024-11-29,77300.0,False,False,2024-11-24,-5.0,paid
INV-12030,B216,2024-10-30,2024-12-14,18600.0,True,True,2025-02-28,76.0,paid
INV-02714,B052,2024-10-31,2024-11-30,35900.0,False,False,2025-01-28,59.0,paid
INV-12108,B218,2024-10-31,2024-12-15,146500.0,False,False,2024-12-31,16.0,paid
INV-04515,B086,2024-10-31,2024-12-15,317200.0,False,False,2024-12-16,1.0,paid
INV-02964,B056,2024-10-31,2024-12-15,65500.0,False,False,2024-12-27,12.0,paid
INV-09497,B175,2024-10-31,2024-11-30,65600.0,False,True,2024-12-07,7.0,paid
INV-11307,B204,2024-10-31,2024-11-30,84300.0,False,False,2024-12-30,30.0,paid
INV-08868,B167,2024-10-31,2024-11-30,68300.0,False,False,2024-12-29,29.0,paid
INV-12062,B217,2024-10-31,2024-12-15,55600.0,False,False,2024-12-27,12.0,paid
INV-11516,B207,2024-11-01,2024-12-01,19100.0,False,False,2024-12-11,10.0,paid
INV-03073,B058,2024-11-01,2024-12-16,68400.0,False,False,2025-01-04,19.0,paid
INV-02109,B039,2024-11-01,2024-12-16,33400.0,False,False,2025-01-04,19.0,paid
INV-01459,B025,2024-11-01,2024-12-16,15500.0,False,False,2025-01-11,26.0,paid
INV-05917,B104,2024-11-01,2024-12-01,113400.0,True,False,2024-12-29,28.0,paid
INV-06977,B130,2024-11-01,2024-12-01,18100.0,False,False,2024-11-30,-1.0,paid
INV-09832,B181,2024-11-01,2024-12-16,86400.0,False,False,2024-12-29,13.0,paid
INV-06653,B120,2024-11-01,2024-12-16,61400.0,False,False,2025-01-04,19.0,paid
INV-06654,B120,2024-11-01,2024-12-16,63400.0,False,False,2025-03-08,82.0,paid
INV-11787,B212,2024-11-01,2024-12-16,45500.0,False,False,2024-12-12,-4.0,paid
INV-06898,B127,2024-11-01,2024-12-01,47100.0,False,False,2024-12-26,25.0,paid
INV-03259,B063,2024-11-01,2024-12-01,11300.0,False,True,2024-12-27,26.0,paid
INV-05037,B093,2024-11-01,2024-12-16,20900.0,False,False,2024-12-10,-6.0,paid
INV-05843,B103,2024-11-01,2024-12-16,43700.0,False,False,2025-02-03,49.0,paid
INV-10794,B195,2024-11-02,2024-12-02,7400.0,False,False,2024-12-19,17.0,paid
INV-02627,B051,2024-11-02,2024-12-02,45900.0,False,False,2024-12-19,17.0,paid
INV-12031,B216,2024-11-02,2024-12-17,24800.0,True,False,2025-02-08,53.0,paid
INV-01306,B023,2024-11-02,2024-12-17,25200.0,False,False,2025-01-08,22.0,paid
INV-07583,B141,2024-11-02,2024-12-02,41900.0,False,False,2024-12-06,4.0,paid
INV-01750,B031,2024-11-02,2024-12-02,45600.0,False,True,2024-12-16,14.0,paid
INV-10905,B197,2024-11-02,2024-12-17,263700.0,False,False,2025-01-03,17.0,paid
INV-03116,B059,2024-11-02,2024-12-17,11800.0,False,False,2025-01-14,28.0,paid
INV-06655,B120,2024-11-02,2024-12-17,37300.0,False,False,2024-12-26,9.0,paid
INV-11788,B212,2024-11-02,2024-12-17,61900.0,False,False,2024-12-23,6.0,paid
INV-09258,B172,2024-11-03,2024-12-18,42800.0,False,False,2024-12-24,6.0,paid
INV-04516,B086,2024-11-03,2024-12-18,271200.0,False,False,2024-12-20,2.0,paid
INV-05105,B094,2024-11-03,2024-12-18,19300.0,False,False,2024-12-12,-6.0,paid
INV-02808,B054,2024-11-03,2024-12-03,26700.0,False,False,2024-12-05,2.0,paid
INV-09633,B177,2024-11-03,2024-12-18,31800.0,False,False,2025-01-04,17.0,paid
INV-10795,B195,2024-11-03,2024-12-03,23500.0,False,False,2024-12-19,16.0,paid
INV-07800,B144,2024-11-03,2024-12-03,38400.0,False,True,2024-12-01,-2.0,paid
INV-09990,B183,2024-11-03,2024-12-18,81400.0,False,False,2025-01-12,25.0,paid
INV-05592,B100,2024-11-03,2024-12-03,41400.0,False,False,2025-01-02,30.0,paid
INV-10945,B198,2024-11-04,2024-12-19,4900.0,False,False,2025-01-21,33.0,paid
INV-09991,B183,2024-11-04,2024-12-19,85200.0,True,False,2025-01-25,37.0,paid
INV-10946,B198,2024-11-04,2024-12-19,14100.0,False,False,2025-02-01,44.0,paid
INV-06287,B110,2024-11-04,2024-12-04,16500.0,False,False,2024-12-12,8.0,paid
INV-08554,B161,2024-11-04,2024-12-04,130100.0,False,False,2024-12-26,22.0,paid
INV-00836,B016,2024-11-04,2024-12-19,59100.0,False,False,2025-01-07,19.0,paid
INV-06422,B115,2024-11-04,2024-12-19,21300.0,False,False,2024-12-27,8.0,paid
INV-12032,B216,2024-11-04,2024-12-19,21000.0,False,False,2025-01-09,21.0,paid
INV-02715,B052,2024-11-04,2024-12-04,73700.0,False,False,2025-01-29,56.0,paid
INV-12109,B218,2024-11-05,2024-12-20,46500.0,False,False,2024-12-25,5.0,paid
INV-10746,B194,2024-11-05,2024-12-20,35800.0,False,False,2024-12-14,-6.0,paid
INV-03642,B069,2024-11-05,2024-12-05,100800.0,True,False,2025-02-13,70.0,paid
INV-05325,B097,2024-11-05,2024-12-05,96500.0,False,False,2024-12-11,6.0,paid
INV-00500,B010,2024-11-05,2024-12-20,4100.0,False,False,2024-12-17,-3.0,paid
INV-11002,B199,2024-11-05,2024-12-20,9300.0,False,False,2024-12-10,-10.0,paid
INV-05593,B100,2024-11-05,2024-12-05,29200.0,False,False,2024-12-29,24.0,paid
INV-02877,B055,2024-11-05,2024-12-05,96400.0,False,False,2025-01-19,45.0,paid
INV-01692,B030,2024-11-05,2024-12-05,92500.0,False,False,2024-11-27,-8.0,paid
INV-02878,B055,2024-11-06,2024-12-06,53300.0,False,False,2024-12-20,14.0,paid
INV-04120,B078,2024-11-06,2024-12-06,18700.0,False,False,2024-12-06,0.0,paid
INV-07668,B143,2024-11-06,2024-12-21,19400.0,False,False,2025-01-03,13.0,paid
INV-09384,B174,2024-11-06,2024-12-06,37600.0,False,False,2024-12-11,5.0,paid
INV-00501,B010,2024-11-06,2024-12-21,1200.0,False,False,2024-12-11,-10.0,paid
INV-05800,B102,2024-11-06,2024-12-21,34600.0,False,False,2024-12-11,-10.0,paid
INV-10906,B197,2024-11-06,2024-12-21,43900.0,False,False,2024-12-11,-10.0,paid
INV-11669,B211,2024-11-06,2024-12-21,218500.0,True,False,2025-03-12,81.0,paid
INV-08718,B163,2024-11-06,2024-12-06,72000.0,True,False,2025-02-04,60.0,paid
INV-04423,B085,2024-11-06,2024-12-06,133900.0,True,False,2025-02-08,64.0,paid
INV-11377,B205,2024-11-07,2024-12-22,41800.0,False,False,2024-12-21,-1.0,paid
INV-12033,B216,2024-11-07,2024-12-22,8600.0,False,False,2025-01-18,27.0,paid
INV-09992,B183,2024-11-07,2024-12-22,53400.0,False,False,2025-01-10,19.0,paid
INV-10702,B193,2024-11-07,2024-12-22,106000.0,False,True,2025-01-29,38.0,paid
INV-06101,B107,2024-11-07,2024-12-22,82800.0,False,True,2025-01-05,14.0,paid
INV-05801,B102,2024-11-07,2024-12-22,36200.0,False,False,2024-12-12,-10.0,paid
INV-07454,B139,2024-11-07,2024-12-07,80300.0,False,False,2024-12-19,12.0,paid
INV-07455,B139,2024-11-07,2024-12-07,17600.0,False,False,2024-12-22,15.0,paid
INV-10636,B192,2024-11-07,2024-12-22,25200.0,False,False,2025-05-01,130.0,paid
INV-01052,B019,2024-11-07,2024-12-07,40300.0,False,False,2025-01-02,26.0,paid
INV-11557,B208,2024-11-08,2024-12-08,152600.0,False,False,2025-01-10,33.0,paid
INV-09259,B172,2024-11-08,2024-12-23,36500.0,False,False,2024-12-29,6.0,paid
INV-08045,B148,2024-11-08,2024-12-08,10700.0,False,False,2025-01-28,51.0,paid
INV-00099,B002,2024-11-08,2024-12-08,85200.0,False,False,2024-12-11,3.0,paid
INV-07269,B136,2024-11-08,2024-12-08,81900.0,False,False,2024-11-28,-10.0,paid
INV-09385,B174,2024-11-08,2024-12-08,53000.0,False,False,2024-12-18,10.0,paid
INV-03074,B058,2024-11-08,2024-12-23,38200.0,False,False,2025-01-19,27.0,paid
INV-04121,B078,2024-11-08,2024-12-08,20200.0,False,False,2024-12-30,22.0,paid
INV-04829,B089,2024-11-08,2024-12-08,35800.0,False,False,2024-12-02,-6.0,paid
INV-10147,B185,2024-11-08,2024-12-23,104500.0,False,False,2025-01-25,33.0,paid
INV-02809,B054,2024-11-08,2024-12-08,20200.0,False,False,2024-12-14,6.0,paid
INV-05422,B098,2024-11-08,2024-12-08,5500.0,False,False,2024-11-28,-10.0,paid
INV-11789,B212,2024-11-09,2024-12-24,71900.0,False,True,2025-01-10,17.0,paid
INV-11790,B212,2024-11-09,2024-12-24,69000.0,False,False,2024-12-25,1.0,paid
INV-06357,B113,2024-11-09,2024-12-24,147900.0,False,False,2025-01-26,33.0,paid
INV-05594,B100,2024-11-09,2024-12-09,115600.0,False,False,2024-12-31,22.0,paid
INV-06758,B122,2024-11-09,2024-12-24,32500.0,False,False,2024-12-16,-8.0,paid
INV-00948,B018,2024-11-09,2024-12-09,31600.0,False,False,2025-01-19,41.0,paid
INV-01537,B027,2024-11-09,2024-12-09,152200.0,False,False,2024-12-20,11.0,paid
INV-08046,B148,2024-11-09,2024-12-09,4500.0,False,False,2025-01-04,26.0,paid
INV-04023,B076,2024-11-09,2024-12-24,28000.0,False,False,2025-01-11,18.0,paid
INV-07385,B138,2024-11-09,2024-12-09,67500.0,False,False,2024-12-09,0.0,paid
INV-06853,B125,2024-11-09,2024-12-24,17100.0,False,False,2025-01-01,8.0,paid
INV-00698,B014,2024-11-09,2024-12-09,72600.0,False,False,2025-01-08,30.0,paid
INV-02300,B043,2024-11-09,2024-12-24,19000.0,False,True,2025-02-03,41.0,paid
INV-00061,B001,2024-11-09,2024-12-24,174000.0,False,False,2025-01-21,28.0,paid
INV-04424,B085,2024-11-10,2024-12-10,73100.0,False,False,2024-12-18,8.0,paid
INV-03369,B066,2024-11-10,2024-12-25,69500.0,False,False,2024-12-30,5.0,paid
INV-10360,B187,2024-11-10,2024-12-10,146900.0,False,False,2025-01-07,28.0,paid
INV-01307,B023,2024-11-10,2024-12-25,27800.0,False,True,2025-01-19,25.0,paid
INV-00268,B005,2024-11-10,2024-12-10,31800.0,False,False,2024-12-06,-4.0,paid
INV-06656,B120,2024-11-10,2024-12-25,60900.0,True,False,2025-02-09,46.0,paid
INV-07801,B144,2024-11-10,2024-12-10,42500.0,False,False,2025-02-15,67.0,paid
INV-00267,B005,2024-11-10,2024-12-10,21600.0,True,False,2025-01-14,35.0,paid
INV-01053,B019,2024-11-11,2024-12-11,34300.0,False,False,2024-12-25,14.0,paid
INV-04024,B076,2024-11-11,2024-12-26,23100.0,False,False,2025-01-09,14.0,paid
INV-07052,B132,2024-11-11,2024-12-26,41000.0,False,False,2024-12-28,2.0,paid
INV-05918,B104,2024-11-11,2024-12-11,96800.0,False,False,2024-12-08,-3.0,paid
INV-00190,B003,2024-11-11,2024-12-11,23400.0,False,False,2024-12-25,14.0,paid
INV-02965,B056,2024-11-11,2024-12-26,144400.0,False,False,2025-01-11,16.0,paid
INV-02966,B056,2024-11-11,2024-12-26,97500.0,False,False,2025-01-15,20.0,paid
INV-08869,B167,2024-11-11,2024-12-11,65400.0,False,False,2024-12-25,14.0,paid
INV-00016,B000,2024-11-11,2024-12-26,7500.0,False,False,2024-12-21,-5.0,paid
INV-02351,B044,2024-11-11,2024-12-11,42600.0,False,False,2025-01-06,26.0,paid
INV-11585,B209,2024-11-11,2024-12-26,165500.0,False,False,2025-01-12,17.0,paid
INV-09993,B183,2024-11-11,2024-12-26,323300.0,False,False,2025-01-19,24.0,paid
INV-00189,B003,2024-11-11,2024-12-11,20100.0,False,False,2025-01-01,21.0,paid
INV-03326,B065,2024-11-11,2024-12-11,116200.0,False,False,2024-12-16,5.0,paid
INV-00837,B016,2024-11-12,2024-12-27,41200.0,False,False,2024-12-31,4.0,paid
INV-02398,B046,2024-11-12,2024-12-27,16100.0,False,False,2025-01-03,7.0,paid
INV-03153,B060,2024-11-12,2024-12-27,22200.0,False,False,2024-12-29,2.0,paid
INV-02195,B040,2024-11-12,2024-12-12,51100.0,False,True,2024-12-20,8.0,paid
INV-02110,B039,2024-11-12,2024-12-27,55400.0,False,False,2025-01-11,15.0,paid
INV-10487,B189,2024-11-12,2024-12-27,19400.0,False,True,2025-01-09,13.0,paid
INV-10486,B189,2024-11-12,2024-12-27,25200.0,False,False,2024-12-29,2.0,paid
INV-11791,B212,2024-11-12,2024-12-27,96000.0,False,False,2024-12-24,-3.0,paid
INV-12186,B219,2024-11-12,2024-12-12,4300.0,True,True,2024-12-30,18.0,paid
INV-02448,B047,2024-11-12,2024-12-12,111900.0,False,False,2024-12-11,-1.0,paid
INV-03803,B072,2024-11-13,2024-12-13,13100.0,True,False,2025-01-14,32.0,paid
INV-00949,B018,2024-11-13,2024-12-13,37100.0,False,False,2025-01-31,49.0,paid
INV-11792,B212,2024-11-13,2024-12-28,146900.0,False,False,2025-01-05,8.0,paid
INV-10856,B196,2024-11-13,2024-12-13,20000.0,False,False,2025-01-09,27.0,paid
INV-06570,B119,2024-11-13,2024-12-13,111200.0,False,False,2024-12-06,-7.0,paid
INV-08255,B155,2024-11-14,2024-12-29,11300.0,False,False,2024-12-19,-10.0,paid
INV-08047,B148,2024-11-14,2024-12-14,10300.0,False,False,2025-01-18,35.0,paid
INV-01054,B019,2024-11-14,2024-12-14,38900.0,False,False,2025-01-08,25.0,paid
INV-07669,B143,2024-11-14,2024-12-29,37000.0,False,True,2025-01-16,18.0,paid
INV-11241,B203,2024-11-14,2024-12-14,8600.0,False,True,2025-01-20,37.0,paid
INV-06759,B122,2024-11-14,2024-12-29,37700.0,False,False,2024-12-19,-10.0,paid
INV-01122,B020,2024-11-14,2024-12-14,92700.0,False,False,2025-01-05,22.0,paid
INV-10250,B186,2024-11-14,2024-12-29,118900.0,False,False,2025-01-17,19.0,paid
INV-08870,B167,2024-11-15,2024-12-15,88600.0,False,False,2025-01-02,18.0,paid
INV-03564,B068,2024-11-15,2024-12-15,57400.0,False,False,2024-12-05,-10.0,paid
INV-01962,B037,2024-11-15,2024-12-30,88500.0,False,True,2025-01-08,9.0,paid
INV-00269,B005,2024-11-15,2024-12-15,31100.0,False,False,2024-12-11,-4.0,paid
INV-03284,B064,2024-11-15,2024-12-30,126700.0,False,False,2025-01-18,19.0,paid
INV-02810,B054,2024-11-15,2024-12-15,12500.0,False,False,2024-12-05,-10.0,paid
INV-02266,B042,2024-11-15,2024-12-15,47900.0,False,False,2025-02-04,51.0,paid
INV-07909,B145,2024-11-15,2024-12-30,10100.0,False,False,2024-12-22,-8.0,paid
INV-03154,B060,2024-11-15,2024-12-30,36900.0,False,False,2025-01-06,7.0,paid
INV-04025,B076,2024-11-15,2024-12-30,32100.0,False,False,2025-01-21,22.0,paid
INV-09688,B178,2024-11-15,2024-12-15,7900.0,False,False,2024-12-31,16.0,paid
INV-11200,B202,2024-11-16,2024-12-16,7800.0,False,False,2025-01-15,30.0,paid
INV-01693,B030,2024-11-16,2024-12-16,93600.0,False,False,2024-12-13,-3.0,paid
INV-10550,B190,2024-11-16,2024-12-31,36700.0,True,False,2025-03-02,61.0,paid
INV-10947,B198,2024-11-16,2024-12-31,20900.0,False,False,2025-02-16,47.0,paid
INV-05844,B103,2024-11-16,2024-12-31,115900.0,False,False,2025-02-12,43.0,paid
INV-05038,B093,2024-11-16,2024-12-31,43600.0,False,True,2025-01-06,6.0,paid
INV-02967,B056,2024-11-16,2024-12-31,110200.0,False,True,2025-01-25,25.0,paid
INV-03260,B063,2024-11-16,2024-12-16,38300.0,False,False,2024-12-28,12.0,paid
INV-06521,B118,2024-11-16,2024-12-16,16400.0,False,True,2025-02-10,56.0,paid
INV-04299,B082,2024-11-16,2024-12-31,54800.0,False,False,2025-01-10,10.0,paid
INV-03804,B072,2024-11-17,2024-12-17,18000.0,False,False,2024-12-20,3.0,paid
INV-06874,B126,2024-11-17,2025-01-01,167000.0,True,False,2025-02-12,42.0,paid
INV-00017,B000,2024-11-17,2025-01-01,23800.0,False,False,2025-01-08,7.0,paid
INV-09386,B174,2024-11-17,2024-12-17,22500.0,False,False,2024-12-17,0.0,paid
INV-03075,B058,2024-11-17,2025-01-01,162000.0,True,False,2025-02-17,47.0,paid
INV-03643,B069,2024-11-17,2024-12-17,64300.0,False,False,2025-01-12,26.0,paid
INV-00601,B012,2024-11-17,2025-01-01,41600.0,False,False,2025-01-23,22.0,paid
INV-09994,B183,2024-11-17,2025-01-01,73100.0,False,False,2025-01-30,29.0,paid
INV-08298,B156,2024-11-17,2024-12-17,20300.0,False,False,2025-01-04,18.0,paid
INV-06171,B108,2024-11-17,2024-12-17,21200.0,False,False,2024-12-28,11.0,paid
INV-03753,B071,2024-11-18,2024-12-18,55300.0,False,False,2025-01-07,20.0,paid
INV-09105,B169,2024-11-18,2024-12-18,28900.0,False,False,2025-01-04,17.0,paid
INV-09995,B183,2024-11-18,2025-01-02,150100.0,False,False,2025-02-08,37.0,paid
INV-01206,B021,2024-11-18,2025-01-02,4900.0,False,False,2025-01-07,5.0,paid
INV-10488,B189,2024-11-18,2025-01-02,90600.0,False,True,2025-01-31,29.0,paid
INV-09387,B174,2024-11-18,2024-12-18,33000.0,False,False,2024-12-08,-10.0,paid
INV-11793,B212,2024-11-18,2025-01-02,49800.0,False,False,2024-12-29,-4.0,paid
INV-01373,B024,2024-11-18,2024-12-18,155600.0,False,False,2024-12-08,-10.0,paid
INV-06522,B118,2024-11-18,2024-12-18,7700.0,False,False,2025-01-17,30.0,paid
INV-05595,B100,2024-11-18,2024-12-18,29800.0,False,False,2025-01-06,19.0,paid
INV-07154,B134,2024-11-18,2025-01-02,40500.0,False,True,2025-02-10,39.0,paid
INV-09260,B172,2024-11-18,2025-01-02,82400.0,False,False,2025-06-19,168.0,paid
INV-09689,B178,2024-11-19,2024-12-19,16600.0,False,True,2025-01-15,27.0,paid
INV-03718,B070,2024-11-19,2025-01-03,71100.0,False,False,2025-01-23,20.0,paid
INV-04712,B088,2024-11-19,2024-12-19,30200.0,False,False,2024-12-14,-5.0,paid
INV-00270,B005,2024-11-19,2024-12-19,142500.0,False,False,2024-12-20,1.0,paid
INV-05423,B098,2024-11-19,2024-12-19,15300.0,False,False,2024-12-09,-10.0,paid
INV-08719,B163,2024-11-19,2024-12-19,15800.0,True,False,2025-01-28,40.0,paid
INV-08720,B163,2024-11-19,2024-12-19,32300.0,False,False,2025-01-07,19.0,paid
INV-07456,B139,2024-11-19,2024-12-19,44500.0,False,False,2024-12-31,12.0,paid
INV-12034,B216,2024-11-19,2025-01-03,44800.0,False,False,2025-02-10,38.0,paid
INV-00428,B008,2024-11-19,2025-01-03,35800.0,False,True,2025-01-23,20.0,paid
INV-11632,B210,2024-11-19,2024-12-19,94800.0,False,False,2025-01-12,24.0,paid
INV-11435,B206,2024-11-19,2025-01-03,42900.0,False,True,2025-01-23,20.0,paid
INV-00018,B000,2024-11-19,2025-01-03,13200.0,False,False,2025-01-18,15.0,paid
INV-03435,B067,2024-11-19,2024-12-19,53100.0,False,False,2024-12-09,-10.0,paid
INV-09833,B181,2024-11-19,2025-01-03,47200.0,False,False,2025-01-15,12.0,paid
INV-01510,B026,2024-11-20,2025-01-04,18700.0,False,False,2025-01-06,2.0,paid
INV-12110,B218,2024-11-20,2025-01-04,73300.0,False,False,2025-04-10,96.0,paid
INV-08806,B165,2024-11-20,2024-12-20,43400.0,False,False,2024-12-13,-7.0,paid
INV-01123,B020,2024-11-20,2024-12-20,63700.0,False,False,2025-01-14,25.0,paid
INV-02031,B038,2024-11-20,2024-12-20,62600.0,False,False,2025-01-17,28.0,paid
INV-03215,B062,2024-11-20,2025-01-04,8200.0,False,False,2025-02-09,36.0,paid
INV-01963,B037,2024-11-20,2025-01-04,357600.0,False,True,2025-01-28,24.0,paid
INV-05596,B100,2024-11-20,2024-12-20,29700.0,False,False,2025-01-17,28.0,paid
INV-00647,B013,2024-11-21,2025-01-05,22800.0,False,True,2025-02-09,35.0,paid
INV-00100,B002,2024-11-21,2024-12-21,112000.0,False,True,2025-01-12,22.0,paid
INV-02196,B040,2024-11-21,2024-12-21,64400.0,False,False,2024-12-23,2.0,paid
INV-06802,B123,2024-11-22,2025-01-06,67100.0,False,False,2025-02-12,37.0,paid
INV-06172,B108,2024-11-22,2024-12-22,65500.0,False,False,2025-01-14,23.0,paid
INV-05039,B093,2024-11-22,2025-01-06,28600.0,False,False,2025-01-07,1.0,paid
INV-01964,B037,2024-11-22,2025-01-06,177400.0,False,False,2025-01-09,3.0,paid
INV-04713,B088,2024-11-22,2024-12-22,57100.0,False,False,2024-12-22,0.0,paid
INV-08555,B161,2024-11-22,2024-12-22,162000.0,False,False,2025-01-05,14.0,paid
INV-04981,B092,2024-11-22,2025-01-06,16200.0,False,False,2024-12-27,-10.0,paid
INV-03565,B068,2024-11-23,2024-12-23,63800.0,False,False,2024-12-13,-10.0,paid
INV-08871,B167,2024-11-23,2024-12-23,40500.0,False,False,2025-01-10,18.0,paid
INV-07802,B144,2024-11-23,2024-12-23,85100.0,False,False,2024-12-21,-2.0,paid
INV-07981,B147,2024-11-23,2024-12-23,30500.0,False,False,2024-12-29,6.0,paid
INV-03370,B066,2024-11-23,2025-01-07,110800.0,False,False,2025-01-29,22.0,paid
INV-01567,B028,2024-11-23,2025-01-07,6000.0,False,False,2025-02-09,33.0,paid
INV-09209,B171,2024-11-23,2024-12-23,172600.0,False,False,2025-01-06,14.0,paid
INV-06173,B108,2024-11-23,2024-12-23,7600.0,False,True,2025-01-22,30.0,paid
INV-00019,B000,2024-11-23,2025-01-07,20300.0,False,False,2025-01-17,10.0,paid
INV-01965,B037,2024-11-24,2025-01-08,376900.0,False,True,2025-01-24,16.0,paid
INV-07803,B144,2024-11-24,2024-12-24,23500.0,False,False,2024-12-14,-10.0,paid
INV-04366,B084,2024-11-24,2025-01-08,8400.0,False,False,2025-02-07,30.0,paid
INV-07006,B131,2024-11-24,2025-01-08,78700.0,False,False,2025-01-16,8.0,paid
INV-06523,B118,2024-11-24,2024-12-24,6900.0,False,False,2025-01-27,34.0,paid
INV-05326,B097,2024-11-24,2024-12-24,23300.0,False,False,2024-12-14,-10.0,paid
INV-10703,B193,2024-11-24,2025-01-08,33800.0,False,False,2025-02-03,26.0,paid
INV-08392,B158,2024-11-24,2025-01-08,7400.0,False,False,2025-02-14,37.0,paid
INV-05152,B095,2024-11-24,2025-01-08,28500.0,False,False,2025-01-14,6.0,paid
INV-09690,B178,2024-11-24,2024-12-24,13600.0,False,False,2025-01-04,11.0,paid
INV-01694,B030,2024-11-24,2024-12-24,68400.0,False,False,2024-12-14,-10.0,paid
INV-11308,B204,2024-11-24,2024-12-24,97200.0,False,False,2025-01-16,23.0,paid
INV-01124,B020,2024-11-24,2024-12-24,72400.0,False,False,2025-01-22,29.0,paid
INV-03913,B074,2024-11-25,2024-12-25,13300.0,False,False,2025-01-05,11.0,paid
INV-09796,B180,2024-11-25,2024-12-25,10200.0,False,True,2025-01-21,27.0,paid
INV-08439,B159,2024-11-25,2025-01-09,306100.0,False,False,2025-01-28,19.0,paid
INV-04982,B092,2024-11-25,2025-01-09,44000.0,False,False,2025-01-10,1.0,paid
INV-00772,B015,2024-11-25,2024-12-25,64600.0,False,False,2024-12-15,-10.0,paid
INV-01966,B037,2024-11-25,2025-01-09,206800.0,False,False,2025-01-19,10.0,paid
INV-11310,B204,2024-11-25,2024-12-25,186900.0,False,False,2025-01-19,25.0,paid
INV-02968,B056,2024-11-25,2025-01-09,47000.0,False,False,2025-01-16,7.0,paid
INV-07982,B147,2024-11-25,2024-12-25,44800.0,False,True,2025-01-11,17.0,paid
INV-02716,B052,2024-11-25,2024-12-25,113800.0,False,False,2025-02-12,49.0,paid
INV-07983,B147,2024-11-25,2024-12-25,15400.0,False,False,2025-01-08,14.0,paid
INV-11309,B204,2024-11-25,2024-12-25,182700.0,False,True,2025-01-30,36.0,paid
INV-00101,B002,2024-11-25,2024-12-25,170000.0,False,True,2025-01-18,24.0,paid
INV-09210,B171,2024-11-25,2024-12-25,241500.0,False,False,2025-01-06,12.0,paid
INV-07457,B139,2024-11-25,2024-12-25,61700.0,False,False,2025-01-18,24.0,paid
INV-08217,B154,2024-11-26,2025-01-10,82600.0,False,False,2025-01-11,1.0,paid
INV-09106,B169,2024-11-26,2024-12-26,85500.0,False,False,2025-01-17,22.0,paid
INV-11378,B205,2024-11-26,2025-01-10,20700.0,False,False,2025-01-03,-7.0,paid
INV-06174,B108,2024-11-26,2024-12-26,12000.0,False,True,2025-01-20,25.0,paid
INV-11633,B210,2024-11-26,2024-12-26,281200.0,True,False,2025-03-07,71.0,paid
INV-08971,B168,2024-11-26,2025-01-10,87700.0,False,False,2025-02-27,48.0,paid
INV-03155,B060,2024-11-26,2025-01-10,21400.0,False,False,2025-01-08,-2.0,paid
INV-01374,B024,2024-11-26,2024-12-26,268600.0,False,True,2025-01-05,10.0,paid
INV-02879,B055,2024-11-26,2024-12-26,81000.0,False,False,2025-01-20,25.0,paid
INV-08972,B168,2024-11-27,2025-01-11,70900.0,False,False,2025-03-05,53.0,paid
INV-03644,B069,2024-11-27,2024-12-27,39700.0,False,False,2025-01-22,26.0,paid
INV-04884,B090,2024-11-27,2025-01-11,43500.0,False,False,2025-01-15,4.0,paid
INV-01207,B021,2024-11-27,2025-01-11,17000.0,False,False,2025-01-26,15.0,paid
INV-11086,B200,2024-11-27,2024-12-27,9000.0,False,False,2025-01-08,12.0,paid
INV-00773,B015,2024-11-27,2024-12-27,106300.0,False,False,2024-12-23,-4.0,paid
INV-10094,B184,2024-11-27,2024-12-27,58700.0,False,False,2025-01-26,30.0,paid
INV-02969,B056,2024-11-27,2025-01-11,101400.0,False,False,2025-02-02,22.0,paid
INV-04367,B084,2024-11-27,2025-01-11,11100.0,False,False,2025-02-16,36.0,paid
INV-07804,B144,2024-11-27,2024-12-27,40800.0,False,False,2024-12-17,-10.0,paid
INV-02111,B039,2024-11-27,2025-01-11,16000.0,False,False,2025-01-25,14.0,paid
INV-11558,B208,2024-11-27,2024-12-27,117700.0,False,False,2025-01-17,21.0,paid
INV-11794,B212,2024-11-27,2025-01-11,36200.0,False,False,2025-01-04,-7.0,paid
INV-10431,B188,2024-11-27,2024-12-27,17900.0,False,True,2025-01-22,26.0,paid
INV-07671,B143,2024-11-27,2025-01-11,36900.0,False,False,2025-01-20,9.0,paid
INV-07670,B143,2024-11-27,2025-01-11,46400.0,False,False,2025-01-15,4.0,paid
INV-07155,B134,2024-11-27,2025-01-11,51300.0,False,False,2025-02-05,25.0,paid
INV-05424,B098,2024-11-27,2024-12-27,27600.0,False,False,2024-12-21,-6.0,paid
INV-10598,B191,2024-11-28,2024-12-28,38400.0,False,True,2025-01-28,31.0,paid
INV-02628,B051,2024-11-28,2024-12-28,33400.0,False,False,2025-01-11,14.0,paid
INV-03566,B068,2024-11-28,2024-12-28,58700.0,False,False,2024-12-18,-10.0,paid
INV-01249,B022,2024-11-28,2024-12-28,7900.0,False,False,2025-01-29,32.0,paid
INV-05732,B101,2024-11-28,2025-01-12,94800.0,False,False,2025-02-08,27.0,paid
INV-09996,B183,2024-11-28,2025-01-12,249400.0,False,False,2025-02-13,32.0,paid
INV-05494,B099,2024-11-28,2024-12-28,176600.0,False,False,2025-01-23,26.0,paid
INV-11003,B199,2024-11-28,2025-01-12,13500.0,False,False,2025-01-10,-2.0,paid
INV-08973,B168,2024-11-28,2025-01-12,134300.0,False,False,2025-03-21,68.0,paid
INV-10704,B193,2024-11-28,2025-01-12,54100.0,False,True,2025-02-18,37.0,paid
INV-11795,B212,2024-11-28,2025-01-12,101200.0,True,True,2025-02-15,34.0,paid
INV-09261,B172,2024-11-29,2025-01-13,22800.0,False,False,2025-02-01,19.0,paid
INV-07053,B132,2024-11-29,2025-01-13,94400.0,False,False,2025-01-15,2.0,paid
INV-05327,B097,2024-11-29,2024-12-29,41200.0,False,False,2025-01-06,8.0,paid
INV-01625,B029,2024-11-29,2025-01-13,73300.0,False,True,2025-02-02,20.0,paid
INV-02399,B046,2024-11-29,2025-01-13,25500.0,False,False,2025-02-04,22.0,paid
INV-01375,B024,2024-11-29,2024-12-29,79900.0,False,False,2024-12-19,-10.0,paid
INV-05733,B101,2024-11-29,2025-01-13,102800.0,False,False,2025-02-26,44.0,paid
INV-08218,B154,2024-11-29,2025-01-13,39200.0,False,False,2025-01-07,-6.0,paid
INV-09797,B180,2024-11-29,2024-12-29,17900.0,False,True,2025-02-14,47.0,paid
INV-02811,B054,2024-11-29,2024-12-29,7200.0,False,False,2024-12-19,-10.0,paid
INV-02400,B046,2024-11-29,2025-01-13,18200.0,False,False,2025-01-16,3.0,paid
INV-11670,B211,2024-11-30,2025-01-14,193400.0,True,False,2025-04-01,77.0,paid
INV-01208,B021,2024-11-30,2025-01-14,8300.0,False,False,2025-01-29,15.0,paid
INV-08872,B167,2024-11-30,2024-12-30,27500.0,False,False,2025-01-18,19.0,paid
INV-05919,B104,2024-11-30,2024-12-30,62200.0,False,False,2024-12-20,-10.0,paid
INV-06461,B116,2024-11-30,2025-01-14,115900.0,False,False,2025-01-14,0.0,paid
INV-07312,B137,2024-11-30,2025-01-14,97900.0,False,False,2025-01-11,-3.0,paid
INV-07672,B143,2024-11-30,2025-01-14,29300.0,False,False,2025-01-22,8.0,paid
INV-08299,B156,2024-11-30,2024-12-30,41800.0,False,False,2025-01-21,22.0,paid
INV-00020,B000,2024-11-30,2025-01-14,8600.0,True,False,2025-02-15,32.0,paid
INV-04830,B089,2024-11-30,2024-12-30,49200.0,False,False,2025-01-04,5.0,paid
INV-11974,B214,2024-11-30,2025-01-14,74200.0,False,True,2025-02-24,41.0,paid
INV-06460,B116,2024-11-30,2025-01-14,230600.0,False,False,2025-02-01,18.0,paid
INV-10551,B190,2024-11-30,2025-01-14,60000.0,False,False,2025-02-21,38.0,paid
INV-03567,B068,2024-11-30,2024-12-30,138500.0,False,True,2025-01-01,2.0,paid
INV-04831,B089,2024-11-30,2024-12-30,69800.0,False,False,2024-12-30,0.0,paid
INV-06288,B110,2024-11-30,2024-12-30,14000.0,False,False,2025-06-06,158.0,paid
INV-05221,B096,2024-12-01,2025-01-15,103800.0,False,False,2025-02-27,43.0,paid
INV-02401,B046,2024-12-01,2025-01-15,33000.0,False,False,2025-02-04,20.0,paid
INV-07541,B140,2024-12-01,2025-01-15,4200.0,False,False,2025-01-17,2.0,paid
INV-05920,B104,2024-12-01,2024-12-31,38300.0,False,False,2024-12-24,-7.0,paid
INV-09498,B175,2024-12-01,2024-12-31,73100.0,False,False,2024-12-27,-4.0,paid
INV-04832,B089,2024-12-01,2024-12-31,40000.0,False,False,2024-12-23,-8.0,paid
INV-06335,B112,2024-12-01,2025-01-15,32800.0,False,False,2025-01-16,1.0,paid
INV-08556,B161,2024-12-01,2024-12-31,49800.0,False,False,2025-01-07,7.0,paid
INV-01376,B024,2024-12-01,2024-12-31,100100.0,False,False,2024-12-28,-3.0,paid
INV-11796,B212,2024-12-01,2025-01-15,127900.0,False,True,2025-02-04,20.0,paid
INV-05597,B100,2024-12-01,2024-12-31,27400.0,False,False,2025-01-11,11.0,paid
INV-08393,B158,2024-12-01,2025-01-15,10300.0,False,False,2025-03-01,45.0,paid
INV-05153,B095,2024-12-01,2025-01-15,35000.0,False,False,2025-01-30,15.0,paid
INV-11311,B204,2024-12-01,2024-12-31,128000.0,False,True,2025-02-06,37.0,paid
INV-10796,B195,2024-12-01,2024-12-31,16600.0,False,False,2025-01-18,18.0,paid
INV-02112,B039,2024-12-01,2025-01-15,20400.0,False,False,2025-02-01,17.0,paid
INV-01695,B030,2024-12-01,2024-12-31,173600.0,False,True,2025-01-07,7.0,paid
INV-10148,B185,2024-12-01,2025-01-15,135500.0,False,False,2025-02-15,31.0,paid
INV-09691,B178,2024-12-01,2024-12-31,9300.0,False,False,2025-01-13,13.0,paid
INV-01125,B020,2024-12-01,2024-12-31,170000.0,False,False,2025-01-31,31.0,paid
INV-10251,B186,2024-12-02,2025-01-16,70900.0,False,False,2025-02-03,18.0,paid
INV-03327,B065,2024-12-02,2025-01-01,140900.0,False,False,2025-01-23,22.0,paid
INV-09892,B182,2024-12-02,2025-01-01,162700.0,False,False,2025-01-13,12.0,paid
INV-04425,B085,2024-12-02,2025-01-01,48000.0,False,False,2025-01-23,22.0,paid
INV-00472,B009,2024-12-02,2025-01-16,50700.0,False,False,2025-03-11,54.0,paid
INV-08557,B161,2024-12-02,2025-01-01,67600.0,True,False,2025-01-25,24.0,paid
INV-10797,B195,2024-12-02,2025-01-01,11600.0,False,False,2025-01-31,30.0,paid
INV-06423,B115,2024-12-02,2025-01-16,54900.0,False,False,2025-01-21,5.0,paid
INV-07156,B134,2024-12-02,2025-01-16,30700.0,False,False,2025-02-10,25.0,paid
INV-12063,B217,2024-12-02,2025-01-16,67700.0,False,False,2025-01-30,14.0,paid
INV-05106,B094,2024-12-02,2025-01-16,29500.0,False,True,2025-01-29,13.0,paid
INV-09499,B175,2024-12-02,2025-01-01,34800.0,False,False,2024-12-22,-10.0,paid
INV-03962,B075,2024-12-02,2025-01-16,76300.0,False,False,2025-02-06,21.0,paid
INV-06760,B122,2024-12-02,2025-01-16,71600.0,False,False,2025-01-12,-4.0,paid
INV-10432,B188,2024-12-03,2025-01-02,23000.0,False,False,2025-01-09,7.0,paid
INV-07458,B139,2024-12-03,2025-01-02,42700.0,False,False,2025-01-12,10.0,paid
INV-05154,B095,2024-12-03,2025-01-17,29000.0,False,False,2025-01-30,13.0,paid
INV-00950,B018,2024-12-03,2025-01-02,32600.0,False,False,2025-02-12,41.0,paid
INV-06385,B114,2024-12-03,2025-01-17,7500.0,False,False,2025-02-04,18.0,paid
INV-11517,B207,2024-12-03,2025-01-02,34200.0,False,False,2024-12-31,-2.0,paid
INV-02449,B047,2024-12-03,2025-01-02,21900.0,False,False,2024-12-23,-10.0,paid
INV-11379,B205,2024-12-03,2025-01-17,33600.0,False,False,2025-01-09,-8.0,paid
INV-04943,B091,2024-12-03,2025-01-02,24300.0,False,False,2025-01-25,23.0,paid
INV-08775,B164,2024-12-03,2025-01-17,32000.0,False,True,2025-02-08,22.0,paid
INV-02752,B053,2024-12-03,2025-01-02,60000.0,False,False,2025-05-08,126.0,paid
INV-04617,B087,2024-12-03,2025-01-17,15000.0,False,False,2025-01-13,-4.0,paid
INV-04714,B088,2024-12-03,2025-01-02,30400.0,False,True,2025-01-13,11.0,paid
INV-00102,B002,2024-12-03,2025-01-02,203400.0,False,False,2025-01-13,11.0,paid
INV-10149,B185,2024-12-03,2025-01-17,98000.0,False,False,2025-02-19,33.0,paid
INV-07386,B138,2024-12-03,2025-01-02,17000.0,False,False,2024-12-26,-7.0,paid
INV-00951,B018,2024-12-04,2025-01-03,34900.0,False,True,2025-02-24,52.0,paid
INV-06253,B109,2024-12-04,2025-01-03,66200.0,False,False,2025-01-31,28.0,paid
INV-00774,B015,2024-12-04,2025-01-03,89700.0,False,False,2025-01-01,-2.0,paid
INV-06175,B108,2024-12-04,2025-01-03,9900.0,False,False,2025-01-11,8.0,paid
INV-00838,B016,2024-12-04,2025-01-18,45900.0,False,False,2025-02-08,21.0,paid
INV-12111,B218,2024-12-04,2025-01-18,108400.0,False,False,2025-02-08,21.0,paid
INV-05845,B103,2024-12-04,2025-01-18,80100.0,False,False,2025-03-19,60.0,paid
INV-11168,B201,2024-12-04,2025-01-18,14600.0,False,False,2025-02-22,35.0,paid
INV-06524,B118,2024-12-04,2025-01-03,5400.0,False,False,2025-01-29,26.0,paid
INV-02502,B048,2024-12-04,2025-01-18,25400.0,True,False,2025-03-14,55.0,paid
INV-09997,B183,2024-12-05,2025-01-19,68600.0,False,False,2025-02-28,40.0,paid
INV-03285,B064,2024-12-05,2025-01-19,132500.0,False,False,2025-02-04,16.0,paid
INV-11087,B200,2024-12-05,2025-01-04,33900.0,False,False,2025-01-19,15.0,paid
INV-11242,B203,2024-12-05,2025-01-04,2600.0,False,False,2025-01-27,23.0,paid
INV-07673,B143,2024-12-05,2025-01-19,35300.0,False,False,2025-01-21,2.0,paid
INV-09306,B173,2024-12-05,2025-01-19,51100.0,True,False,2025-03-06,46.0,paid
INV-11004,B199,2024-12-05,2025-01-19,12300.0,False,True,2025-01-17,-2.0,paid
INV-05802,B102,2024-12-05,2025-01-19,31700.0,False,False,2025-01-12,-7.0,paid
INV-10252,B186,2024-12-05,2025-01-19,172100.0,False,False,2025-01-30,11.0,paid
INV-09893,B182,2024-12-05,2025-01-04,88400.0,False,False,2025-01-12,8.0,paid
INV-08558,B161,2024-12-05,2025-01-04,84400.0,False,False,2025-01-21,17.0,paid
INV-06386,B114,2024-12-05,2025-01-19,4100.0,False,False,2025-01-24,5.0,paid
INV-00775,B015,2024-12-06,2025-01-05,66300.0,False,True,2025-01-07,2.0,paid
INV-09388,B174,2024-12-06,2025-01-05,31900.0,False,False,2025-01-08,3.0,paid
INV-04983,B092,2024-12-06,2025-01-20,15300.0,False,False,2025-01-20,0.0,paid
INV-02880,B055,2024-12-06,2025-01-05,60700.0,False,False,2025-01-31,26.0,paid
INV-02244,B041,2024-12-06,2025-01-20,15600.0,True,False,2025-02-10,21.0,paid
INV-06043,B105,2024-12-06,2025-01-05,99600.0,False,False,2024-12-28,-8.0,paid
INV-09998,B183,2024-12-06,2025-01-20,126500.0,False,True,2025-03-04,43.0,paid
INV-11518,B207,2024-12-06,2025-01-05,116500.0,False,False,2025-01-07,2.0,paid
INV-07007,B131,2024-12-06,2025-01-20,140800.0,False,False,2025-02-15,26.0,paid
INV-04944,B091,2024-12-06,2025-01-05,8500.0,True,True,2025-03-08,62.0,paid
INV-04517,B086,2024-12-06,2025-01-20,179400.0,False,False,2025-01-20,0.0,paid
INV-01126,B020,2024-12-06,2025-01-05,49200.0,True,True,2025-02-25,51.0,paid
INV-03914,B074,2024-12-06,2025-01-05,9800.0,True,True,2025-02-11,37.0,paid
INV-05155,B095,2024-12-06,2025-01-20,34000.0,False,True,2025-02-13,24.0,paid
INV-07157,B134,2024-12-07,2025-01-21,39100.0,False,False,2025-02-15,25.0,paid
INV-10637,B192,2024-12-07,2025-01-21,14200.0,False,False,2025-01-11,-10.0,paid
INV-02197,B040,2024-12-07,2025-01-06,40000.0,False,False,2024-12-27,-10.0,paid
INV-00502,B010,2024-12-07,2025-01-21,5400.0,False,False,2025-01-30,9.0,paid
INV-08219,B154,2024-12-07,2025-01-21,49000.0,False,False,2025-01-27,6.0,paid
INV-03436,B067,2024-12-07,2025-01-06,46300.0,False,False,2025-01-03,-3.0,paid
INV-08974,B168,2024-12-07,2025-01-21,50500.0,False,True,2025-03-12,50.0,paid
INV-00429,B008,2024-12-07,2025-01-21,17900.0,False,False,2025-01-27,6.0,paid
INV-05495,B099,2024-12-08,2025-01-07,83800.0,False,False,2025-01-16,9.0,paid
INV-04245,B081,2024-12-08,2025-01-07,7500.0,False,False,2025-01-21,14.0,paid
INV-04190,B080,2024-12-08,2025-01-07,168000.0,False,False,2025-01-17,10.0,paid
INV-07459,B139,2024-12-08,2025-01-07,34900.0,False,False,2025-01-21,14.0,paid
INV-11797,B212,2024-12-08,2025-01-22,45600.0,False,False,2025-06-10,139.0,paid
INV-09999,B183,2024-12-08,2025-01-22,223900.0,False,True,2025-03-12,49.0,paid
INV-10638,B192,2024-12-08,2025-01-22,53600.0,False,False,2025-01-12,-10.0,paid
INV-11201,B202,2024-12-08,2025-01-07,8400.0,False,False,2025-01-31,24.0,paid
INV-06571,B119,2024-12-08,2025-01-07,61400.0,False,False,2024-12-31,-7.0,paid
INV-01250,B022,2024-12-08,2025-01-07,8400.0,False,False,2025-02-15,39.0,paid
INV-06572,B119,2024-12-08,2025-01-07,93300.0,False,False,2025-01-10,3.0,paid
INV-06176,B108,2024-12-08,2025-01-07,17400.0,False,False,2025-01-17,10.0,paid
INV-00839,B016,2024-12-08,2025-01-22,14300.0,False,False,2025-01-28,6.0,paid
INV-03805,B072,2024-12-09,2025-01-08,12400.0,False,True,2025-01-10,2.0,paid
INV-05734,B101,2024-12-09,2025-01-23,19300.0,False,True,2025-02-19,27.0,paid
INV-09587,B176,2024-12-09,2025-01-23,7700.0,False,False,2025-02-06,14.0,paid
INV-01914,B036,2024-12-09,2025-01-23,47800.0,False,False,2025-02-23,31.0,paid
INV-11243,B203,2024-12-09,2025-01-08,7100.0,False,False,2025-02-02,25.0,paid
INV-04300,B082,2024-12-09,2025-01-23,51400.0,False,False,2025-01-30,7.0,paid
INV-00952,B018,2024-12-09,2025-01-08,20700.0,False,False,2025-02-21,44.0,paid
INV-11559,B208,2024-12-09,2025-01-08,73800.0,False,False,2025-02-11,34.0,paid
INV-01751,B031,2024-12-09,2025-01-08,61000.0,False,True,2025-02-15,38.0,paid
INV-11798,B212,2024-12-09,2025-01-23,50900.0,False,True,2025-01-30,7.0,paid
INV-04122,B078,2024-12-09,2025-01-08,12000.0,False,False,2025-01-25,17.0,paid
INV-07460,B139,2024-12-09,2025-01-08,76500.0,False,False,2025-01-30,22.0,paid
INV-00327,B006,2024-12-09,2025-01-23,125400.0,False,False,2025-02-11,19.0,paid
INV-01127,B020,2024-12-09,2025-01-08,94300.0,False,False,2025-02-14,37.0,paid
INV-03437,B067,2024-12-09,2025-01-08,222900.0,False,False,2025-01-08,0.0,paid
INV-00776,B015,2024-12-10,2025-01-09,35300.0,False,False,2024-12-30,-10.0,paid
INV-03754,B071,2024-12-10,2025-01-09,32000.0,False,False,2025-01-18,9.0,paid
INV-11312,B204,2024-12-10,2025-01-09,229400.0,True,False,2025-02-18,40.0,paid
INV-04945,B091,2024-12-10,2025-01-09,13000.0,False,False,2025-01-26,17.0,paid
INV-02812,B054,2024-12-10,2025-01-09,6000.0,False,True,2025-01-16,7.0,paid
INV-09894,B182,2024-12-10,2025-01-09,21200.0,False,False,2025-01-04,-5.0,paid
INV-07910,B145,2024-12-10,2025-01-24,18000.0,False,True,2025-02-05,12.0,paid
INV-09500,B175,2024-12-10,2025-01-09,182600.0,False,False,2025-01-07,-2.0,paid
INV-11088,B200,2024-12-10,2025-01-09,31200.0,False,False,2025-01-26,17.0,paid
INV-09754,B179,2024-12-10,2025-01-09,32700.0,False,False,2025-02-16,38.0,paid
INV-08975,B168,2024-12-10,2025-01-24,27100.0,False,False,2025-03-20,55.0,paid
INV-07584,B141,2024-12-10,2025-01-09,107400.0,False,False,2025-01-24,15.0,paid
INV-07806,B144,2024-12-10,2025-01-09,63200.0,False,False,2025-01-06,-3.0,paid
INV-07805,B144,2024-12-10,2025-01-09,47400.0,False,False,2024-12-30,-10.0,paid
INV-10000,B183,2024-12-11,2025-01-25,213100.0,False,False,2025-02-17,23.0,paid
INV-00840,B016,2024-12-11,2025-01-25,50200.0,False,True,2025-02-15,21.0,paid
INV-06940,B129,2024-12-11,2025-01-25,30200.0,False,False,2025-01-15,-10.0,paid
INV-07111,B133,2024-12-11,2025-01-10,63200.0,True,False,2025-02-27,48.0,paid
INV-00953,B018,2024-12-11,2025-01-10,12800.0,False,False,2025-02-21,42.0,paid
INV-10253,B186,2024-12-11,2025-01-25,92600.0,False,False,2025-02-03,9.0,paid
INV-04518,B086,2024-12-11,2025-01-25,383200.0,False,False,2025-01-21,-4.0,paid
INV-07911,B145,2024-12-12,2025-01-26,10700.0,False,False,2025-01-19,-7.0,paid
INV-01878,B035,2024-12-12,2025-01-26,49300.0,False,False,2025-02-04,9.0,paid
INV-03438,B067,2024-12-12,2025-01-11,119200.0,False,False,2025-01-15,4.0,paid
INV-00884,B017,2024-12-12,2025-01-11,29800.0,False,False,2025-01-01,-10.0,paid
INV-05803,B102,2024-12-12,2025-01-26,40000.0,False,False,2025-01-23,-3.0,paid
INV-09692,B178,2024-12-12,2025-01-11,10900.0,False,False,2025-01-20,9.0,paid
INV-07054,B132,2024-12-12,2025-01-26,46100.0,False,False,2025-02-07,12.0,paid
INV-05040,B093,2024-12-12,2025-01-26,29500.0,True,True,2025-03-11,44.0,paid
INV-02629,B051,2024-12-12,2025-01-11,57800.0,False,False,2025-01-22,11.0,paid
INV-04123,B078,2024-12-13,2025-01-12,27100.0,False,False,2025-01-28,16.0,paid
INV-08776,B164,2024-12-13,2025-01-27,8800.0,False,False,2025-02-01,5.0,paid
INV-07542,B140,2024-12-13,2025-01-27,8400.0,False,False,2025-02-11,15.0,paid
INV-07387,B138,2024-12-13,2025-01-12,50100.0,False,False,2025-01-19,7.0,paid
INV-10639,B192,2024-12-13,2025-01-27,8600.0,False,False,2025-01-17,-10.0,paid
INV-01128,B020,2024-12-13,2025-01-12,33500.0,False,False,2025-01-29,17.0,paid
INV-08559,B161,2024-12-13,2025-01-12,90500.0,False,False,2025-02-03,22.0,paid
INV-01838,B034,2024-12-13,2025-01-27,50300.0,False,False,2025-01-31,4.0,paid
INV-07674,B143,2024-12-13,2025-01-27,77200.0,False,False,2025-02-13,17.0,paid
INV-11799,B212,2024-12-13,2025-01-27,68600.0,False,False,2025-01-31,4.0,paid
INV-06803,B123,2024-12-13,2025-01-27,245900.0,False,False,2025-07-02,156.0,paid
INV-08807,B165,2024-12-13,2025-01-12,23700.0,False,False,2025-01-09,-3.0,paid
INV-04885,B090,2024-12-13,2025-01-27,144100.0,True,False,2025-03-13,45.0,paid
INV-01129,B020,2024-12-13,2025-01-12,83800.0,False,False,2025-02-01,20.0,paid
INV-06978,B130,2024-12-13,2025-01-12,16400.0,False,True,2025-01-22,10.0,paid
INV-08170,B151,2024-12-14,2025-01-28,81400.0,False,False,2025-02-03,6.0,paid
INV-07675,B143,2024-12-14,2025-01-28,21800.0,False,True,2025-02-10,13.0,paid
INV-02717,B052,2024-12-14,2025-01-13,210800.0,False,False,2025-03-07,53.0,paid
INV-05921,B104,2024-12-14,2025-01-13,78500.0,False,False,2025-01-21,8.0,paid
INV-03286,B064,2024-12-14,2025-01-28,51100.0,False,False,2025-02-11,14.0,paid
INV-06979,B130,2024-12-14,2025-01-13,40900.0,False,False,2025-01-07,-6.0,paid
INV-10433,B188,2024-12-14,2025-01-13,26600.0,False,False,2025-01-27,14.0,paid
INV-04426,B085,2024-12-14,2025-01-13,17400.0,False,False,2025-01-26,13.0,paid
INV-04427,B085,2024-12-14,2025-01-13,73000.0,False,False,2025-05-27,134.0,paid
INV-09107,B169,2024-12-14,2025-01-13,91800.0,False,False,2025-01-29,16.0,paid
INV-04715,B088,2024-12-14,2025-01-13,61400.0,False,False,2025-03-19,65.0,paid
INV-02113,B039,2024-12-14,2025-01-28,10000.0,False,False,2025-02-07,10.0,paid
INV-09307,B173,2024-12-14,2025-01-28,84800.0,False,False,2025-02-03,6.0,paid
INV-00777,B015,2024-12-14,2025-01-13,57000.0,False,False,2025-01-08,-5.0,paid
INV-09895,B182,2024-12-15,2025-01-14,50100.0,False,False,2025-01-09,-5.0,paid
INV-05598,B100,2024-12-15,2025-01-14,55200.0,False,False,2025-02-05,22.0,paid
INV-06941,B129,2024-12-15,2025-01-29,45300.0,False,False,2025-02-02,4.0,paid
INV-12112,B218,2024-12-15,2025-01-29,112800.0,False,False,2025-02-19,21.0,paid
INV-10552,B190,2024-12-15,2025-01-29,84600.0,False,False,2025-03-02,32.0,paid
INV-09634,B177,2024-12-15,2025-01-29,16400.0,False,True,2025-02-14,16.0,paid
INV-02114,B039,2024-12-15,2025-01-29,13300.0,False,False,2025-02-01,3.0,paid
INV-08394,B158,2024-12-15,2025-01-29,11100.0,False,False,2025-03-12,42.0,paid
INV-11634,B210,2024-12-15,2025-01-14,227500.0,False,False,2025-02-06,23.0,paid
INV-09211,B171,2024-12-16,2025-01-15,257100.0,False,False,2025-02-05,21.0,paid
INV-01967,B037,2024-12-16,2025-01-30,126300.0,False,False,2025-02-06,7.0,paid
INV-05804,B102,2024-12-16,2025-01-30,43000.0,True,False,2025-02-17,18.0,paid
INV-07313,B137,2024-12-16,2025-01-30,45400.0,False,False,2025-01-20,-10.0,paid
INV-08048,B148,2024-12-16,2025-01-15,10300.0,False,False,2025-03-10,54.0,paid
INV-05846,B103,2024-12-16,2025-01-30,36300.0,False,False,2025-02-26,27.0,paid
INV-04165,B079,2024-12-16,2025-01-15,50200.0,False,False,2025-01-05,-10.0,paid
INV-07984,B147,2024-12-16,2025-01-15,51200.0,False,False,2025-02-07,23.0,paid
INV-02970,B056,2024-12-16,2025-01-30,251900.0,False,False,2025-02-25,26.0,paid
INV-07270,B136,2024-12-16,2025-01-15,179000.0,False,False,2025-01-17,2.0,paid
INV-01696,B030,2024-12-16,2025-01-15,51700.0,False,False,2025-01-09,-6.0,paid
INV-11005,B199,2024-12-16,2025-01-30,8800.0,False,False,2025-01-20,-10.0,paid
INV-10489,B189,2024-12-16,2025-01-30,44900.0,False,False,2025-02-05,6.0,paid
INV-03117,B059,2024-12-17,2025-01-31,3200.0,False,False,2025-02-24,24.0,paid
INV-04833,B089,2024-12-17,2025-01-16,42500.0,False,False,2025-01-07,-9.0,paid
INV-08560,B161,2024-12-17,2025-01-16,97600.0,False,False,2025-01-29,13.0,paid
INV-00228,B004,2024-12-17,2025-01-31,29000.0,False,True,2025-02-20,20.0,paid
INV-07461,B139,2024-12-17,2025-01-16,100800.0,False,False,2025-01-31,15.0,paid
INV-01568,B028,2024-12-17,2025-01-31,9000.0,False,False,2025-03-06,34.0,paid
INV-10001,B183,2024-12-17,2025-01-31,83800.0,False,False,2025-02-21,21.0,paid
INV-02115,B039,2024-12-17,2025-01-31,17600.0,False,False,2025-02-20,20.0,paid
INV-11380,B205,2024-12-18,2025-02-01,151100.0,False,False,2025-02-13,12.0,paid
INV-07912,B145,2024-12-18,2025-02-01,12300.0,True,False,2025-02-15,14.0,paid
INV-03867,B073,2024-12-18,2025-02-01,39300.0,False,False,2025-02-16,15.0,paid
INV-08840,B166,2024-12-18,2025-01-17,200000.0,False,False,2025-01-29,12.0,paid
INV-02630,B051,2024-12-18,2025-01-17,82600.0,False,False,2025-02-16,30.0,paid
INV-02631,B051,2024-12-18,2025-01-17,39800.0,False,False,2025-02-06,20.0,paid
INV-02402,B046,2024-12-18,2025-02-01,14400.0,False,True,2025-02-11,10.0,paid
INV-10705,B193,2024-12-18,2025-02-01,197200.0,False,False,2025-03-05,32.0,paid
INV-06657,B120,2024-12-18,2025-02-01,21900.0,False,False,2025-01-27,-5.0,paid
INV-03076,B058,2024-12-18,2025-02-01,219900.0,False,False,2025-03-10,37.0,paid
INV-06177,B108,2024-12-18,2025-01-17,62100.0,False,False,2025-02-03,17.0,paid
INV-06178,B108,2024-12-18,2025-01-17,20700.0,False,False,2025-01-27,10.0,paid
INV-08976,B168,2024-12-18,2025-02-01,61400.0,False,True,2025-04-05,63.0,paid
INV-04166,B079,2024-12-18,2025-01-17,130600.0,False,False,2025-01-09,-8.0,paid
INV-06424,B115,2024-12-18,2025-02-01,36700.0,False,True,2025-02-28,27.0,paid
INV-01879,B035,2024-12-18,2025-02-01,53000.0,False,False,2025-02-20,19.0,paid
INV-03118,B059,2024-12-18,2025-02-01,8200.0,False,True,2025-03-12,39.0,paid
INV-08663,B162,2024-12-18,2025-01-17,21800.0,False,False,2025-02-10,24.0,paid
INV-03645,B069,2024-12-18,2025-01-17,57000.0,False,False,2025-02-15,29.0,paid
INV-02116,B039,2024-12-19,2025-02-02,13400.0,False,False,2025-02-08,6.0,paid
INV-01626,B029,2024-12-19,2025-02-02,25000.0,False,False,2025-02-20,18.0,paid
INV-11244,B203,2024-12-19,2025-01-18,25500.0,False,True,2025-03-11,52.0,paid
INV-10798,B195,2024-12-19,2025-01-18,12000.0,False,False,2025-02-17,30.0,paid
INV-04026,B076,2024-12-19,2025-02-02,64400.0,False,True,2025-03-10,36.0,paid
INV-00430,B008,2024-12-19,2025-02-02,37500.0,False,False,2025-05-14,101.0,paid
INV-04519,B086,2024-12-20,2025-02-03,342100.0,False,True,2025-03-02,27.0,paid
INV-08049,B148,2024-12-20,2025-01-19,7900.0,False,False,2025-02-22,34.0,paid
INV-04618,B087,2024-12-20,2025-02-03,45300.0,False,False,2025-01-29,-5.0,paid
INV-10490,B189,2024-12-20,2025-02-03,57600.0,False,False,2025-02-07,4.0,paid
INV-11436,B206,2024-12-20,2025-02-03,32800.0,False,False,2025-02-21,18.0,paid
INV-08050,B148,2024-12-20,2025-01-19,18500.0,False,True,2025-03-17,57.0,paid
INV-05599,B100,2024-12-20,2025-01-19,38800.0,False,False,2025-02-09,21.0,paid
INV-07314,B137,2024-12-20,2025-02-03,112500.0,False,False,2025-01-28,-6.0,paid
INV-03568,B068,2024-12-20,2025-01-19,33000.0,False,False,2025-01-15,-4.0,paid
INV-09693,B178,2024-12-20,2025-01-19,18900.0,False,False,2025-02-07,19.0,paid
INV-07543,B140,2024-12-20,2025-02-03,8400.0,False,False,2025-02-19,16.0,paid
INV-06425,B115,2024-12-20,2025-02-03,21200.0,False,False,2025-02-06,3.0,paid
INV-02881,B055,2024-12-20,2025-01-19,90000.0,False,False,2025-02-19,31.0,paid
INV-02882,B055,2024-12-20,2025-01-19,49900.0,False,False,2025-02-24,36.0,paid
INV-08873,B167,2024-12-20,2025-01-19,52100.0,False,False,2025-02-11,23.0,paid
INV-02117,B039,2024-12-20,2025-02-03,12800.0,False,False,2025-02-14,11.0,paid
INV-09389,B174,2024-12-21,2025-01-20,22500.0,False,False,2025-01-21,1.0,paid
INV-01627,B029,2024-12-21,2025-02-04,32200.0,False,False,2025-02-27,23.0,paid
INV-07315,B137,2024-12-21,2025-02-04,87300.0,False,False,2025-02-11,7.0,paid
INV-06044,B105,2024-12-21,2025-01-20,87000.0,False,False,2025-01-20,0.0,paid
INV-06289,B110,2024-12-21,2025-01-20,33400.0,False,True,2025-02-08,19.0,paid
INV-03719,B070,2024-12-21,2025-02-04,215500.0,False,False,2025-02-26,22.0,paid
INV-02883,B055,2024-12-21,2025-01-20,48600.0,False,False,2025-02-19,30.0,paid
INV-08440,B159,2024-12-21,2025-02-04,83500.0,False,True,2025-03-08,32.0,paid
INV-01781,B032,2024-12-21,2025-01-20,10400.0,False,False,2025-02-16,27.0,paid
INV-12187,B219,2024-12-22,2025-01-21,7300.0,False,False,2025-01-19,-2.0,paid
INV-09834,B181,2024-12-22,2025-02-05,47300.0,False,False,2025-02-19,14.0,paid
INV-05041,B093,2024-12-22,2025-02-05,38100.0,False,False,2025-02-11,6.0,paid
INV-04124,B078,2024-12-22,2025-01-21,13200.0,True,False,2025-03-02,40.0,paid
INV-00699,B014,2024-12-22,2025-01-21,120400.0,False,False,2025-03-01,39.0,paid
INV-01697,B030,2024-12-22,2025-01-21,107700.0,False,True,2025-02-04,14.0,paid
INV-07055,B132,2024-12-22,2025-02-05,114100.0,False,False,2025-02-05,0.0,paid
INV-08488,B160,2024-12-22,2025-01-21,845800.0,False,False,2025-02-09,19.0,paid
INV-05425,B098,2024-12-22,2025-01-21,14500.0,False,True,2025-01-18,-3.0,paid
INV-05922,B104,2024-12-22,2025-01-21,95700.0,False,True,2025-01-23,2.0,paid
INV-06914,B128,2024-12-22,2025-02-05,114200.0,False,False,2025-02-15,10.0,paid
INV-10254,B186,2024-12-22,2025-02-05,218500.0,False,False,2025-02-14,9.0,paid
INV-10361,B187,2024-12-22,2025-01-21,85200.0,False,False,2025-02-12,22.0,paid
INV-12113,B218,2024-12-22,2025-02-05,47400.0,False,False,2025-02-06,1.0,paid
INV-08561,B161,2024-12-22,2025-01-21,81200.0,False,False,2025-01-31,10.0,paid
INV-10948,B198,2024-12-23,2025-02-06,8900.0,False,False,2025-03-12,34.0,paid
INV-08441,B159,2024-12-23,2025-02-06,85900.0,False,False,2025-02-27,21.0,paid
INV-10095,B184,2024-12-23,2025-01-22,156900.0,False,False,2025-02-17,26.0,paid
INV-08351,B157,2024-12-23,2025-01-22,33300.0,False,False,2025-02-07,16.0,paid
INV-04886,B090,2024-12-23,2025-02-06,138800.0,True,False,2025-03-16,38.0,paid
INV-06658,B120,2024-12-23,2025-02-06,40600.0,False,False,2025-02-12,6.0,paid
INV-00503,B010,2024-12-23,2025-02-06,6900.0,False,False,2025-02-07,1.0,paid
INV-03439,B067,2024-12-23,2025-01-22,44100.0,True,False,2025-02-10,19.0,paid
INV-09501,B175,2024-12-23,2025-01-22,65500.0,False,False,2025-01-19,-3.0,paid
INV-08350,B157,2024-12-23,2025-01-22,42100.0,False,False,2025-02-23,32.0,paid
INV-03569,B068,2024-12-23,2025-01-22,26700.0,False,False,2025-01-12,-10.0,paid
INV-05923,B104,2024-12-23,2025-01-22,40300.0,False,False,2025-01-18,-4.0,paid
INV-11800,B212,2024-12-23,2025-02-06,48100.0,False,False,2025-02-04,-2.0,paid
INV-08721,B163,2024-12-23,2025-01-22,19100.0,False,False,2025-02-07,16.0,paid
INV-11999,B215,2024-12-24,2025-01-23,131300.0,False,False,2025-03-29,65.0,paid
INV-07008,B131,2024-12-24,2025-02-07,123700.0,False,False,2025-02-25,18.0,paid
INV-03287,B064,2024-12-24,2025-02-07,32600.0,False,True,2025-03-12,33.0,paid
INV-01209,B021,2024-12-24,2025-02-07,32100.0,False,False,2025-02-21,14.0,paid
INV-04368,B084,2024-12-24,2025-02-07,35600.0,False,True,2025-03-22,43.0,paid
INV-06179,B108,2024-12-24,2025-01-23,16100.0,False,False,2025-02-12,20.0,paid
INV-03077,B058,2024-12-24,2025-02-07,141100.0,True,False,2025-04-02,54.0,paid
INV-09108,B169,2024-12-24,2025-01-23,34900.0,False,False,2025-02-05,13.0,paid
INV-07316,B137,2024-12-24,2025-02-07,106300.0,False,False,2025-02-10,3.0,paid
INV-05426,B098,2024-12-24,2025-01-23,12700.0,False,False,2025-01-13,-10.0,paid
INV-11006,B199,2024-12-24,2025-02-07,21300.0,False,False,2025-01-30,-8.0,paid
INV-08664,B162,2024-12-24,2025-01-23,17200.0,False,False,2025-02-14,22.0,paid
INV-06659,B120,2024-12-24,2025-02-07,26000.0,False,False,2025-02-18,11.0,paid
INV-05328,B097,2024-12-25,2025-01-24,60100.0,False,False,2025-01-31,7.0,paid
INV-10150,B185,2024-12-25,2025-02-08,423900.0,False,False,2025-03-29,49.0,paid
INV-07807,B144,2024-12-25,2025-01-24,49200.0,False,False,2025-01-17,-7.0,paid
INV-12114,B218,2024-12-25,2025-02-08,72500.0,False,False,2025-03-03,23.0,paid
INV-02198,B040,2024-12-25,2025-01-24,22100.0,False,False,2025-01-17,-7.0,paid
INV-06573,B119,2024-12-25,2025-01-24,40900.0,False,False,2025-01-22,-2.0,paid
INV-01251,B022,2024-12-25,2025-01-24,3600.0,False,False,2025-02-14,21.0,paid
INV-00885,B017,2024-12-25,2025-01-24,20700.0,False,True,2025-01-14,-10.0,paid
INV-02632,B051,2024-12-25,2025-01-24,66400.0,False,False,2025-02-08,15.0,paid
INV-11437,B206,2024-12-25,2025-02-08,14300.0,True,False,2025-03-15,35.0,paid
INV-01055,B019,2024-12-25,2025-01-24,21700.0,False,False,2025-02-19,26.0,paid
INV-08442,B159,2024-12-26,2025-02-09,48000.0,False,False,2025-02-19,10.0,paid
INV-08874,B167,2024-12-26,2025-01-25,46900.0,False,False,2025-04-26,91.0,paid
INV-04301,B082,2024-12-26,2025-02-09,12300.0,False,False,2025-02-15,6.0,paid
INV-04716,B088,2024-12-26,2025-01-25,12500.0,False,True,2025-01-21,-4.0,paid
INV-04246,B081,2024-12-26,2025-01-25,22700.0,True,False,2025-03-05,39.0,paid
INV-02971,B056,2024-12-26,2025-02-09,148000.0,False,False,2025-03-10,29.0,paid
INV-00955,B018,2024-12-26,2025-01-25,19000.0,False,True,2025-03-02,36.0,paid
INV-08562,B161,2024-12-26,2025-01-25,121700.0,False,False,2025-02-14,20.0,paid
INV-06875,B126,2024-12-26,2025-02-09,197000.0,False,False,2025-02-13,4.0,paid
INV-00954,B018,2024-12-26,2025-01-25,25900.0,False,False,2025-03-14,48.0,paid
INV-00956,B018,2024-12-27,2025-01-26,33600.0,False,False,2025-02-28,33.0,paid
INV-00504,B010,2024-12-27,2025-02-10,22700.0,False,False,2025-02-19,9.0,paid
INV-12000,B215,2024-12-27,2025-01-26,71900.0,False,False,2025-03-18,51.0,paid
INV-11635,B210,2024-12-27,2025-01-26,134600.0,False,False,2025-02-19,24.0,paid
INV-11975,B214,2024-12-27,2025-02-10,117700.0,False,False,2025-03-27,45.0,paid
INV-11313,B204,2024-12-27,2025-01-26,493000.0,True,False,2025-03-27,60.0,paid
INV-06761,B122,2024-12-27,2025-02-10,62300.0,False,False,2025-02-08,-2.0,paid
INV-02403,B046,2024-12-27,2025-02-10,20300.0,False,False,2025-02-14,4.0,paid
INV-11089,B200,2024-12-27,2025-01-26,35200.0,True,False,2025-03-22,55.0,paid
INV-08777,B164,2024-12-27,2025-02-10,18600.0,False,False,2025-02-21,11.0,paid
INV-06660,B120,2024-12-27,2025-02-10,49900.0,False,False,2025-02-15,5.0,paid
INV-00103,B002,2024-12-27,2025-01-26,84600.0,False,False,2025-01-22,-4.0,paid
INV-07676,B143,2024-12-27,2025-02-10,12600.0,False,False,2025-01-31,-10.0,paid
INV-03646,B069,2024-12-27,2025-01-26,52900.0,True,False,2025-06-16,141.0,paid
INV-10857,B196,2024-12-28,2025-01-27,19000.0,False,False,2025-02-23,27.0,paid
INV-10256,B186,2024-12-28,2025-02-11,84700.0,False,False,2025-02-14,3.0,paid
INV-03868,B073,2024-12-28,2025-02-11,67800.0,False,False,2025-03-16,33.0,paid
INV-01915,B036,2024-12-28,2025-02-11,80300.0,False,False,2025-03-02,19.0,paid
INV-01782,B032,2024-12-28,2025-01-27,37100.0,True,False,2025-04-12,75.0,paid
INV-08352,B157,2024-12-28,2025-01-27,28500.0,False,False,2025-02-20,24.0,paid
INV-10255,B186,2024-12-28,2025-02-11,109700.0,False,False,2025-02-17,6.0,paid
INV-06661,B120,2024-12-28,2025-02-11,121300.0,True,False,2025-03-22,39.0,paid
INV-02813,B054,2024-12-28,2025-01-27,21100.0,False,False,2025-01-17,-10.0,paid
INV-00104,B002,2024-12-29,2025-01-28,255200.0,False,False,2025-01-31,3.0,paid
INV-00957,B018,2024-12-29,2025-01-28,19400.0,False,False,2025-03-08,39.0,paid
INV-04027,B076,2024-12-29,2025-02-12,66400.0,False,True,2025-03-23,39.0,paid
INV-10257,B186,2024-12-29,2025-02-12,114600.0,False,False,2025-02-13,1.0,paid
INV-01130,B020,2024-12-29,2025-01-28,84400.0,False,True,2025-02-28,31.0,paid
INV-02118,B039,2024-12-29,2025-02-12,12600.0,False,False,2025-02-23,11.0,paid
INV-02972,B056,2024-12-29,2025-02-12,85500.0,False,False,2025-03-05,21.0,paid
INV-05427,B098,2024-12-29,2025-01-28,15100.0,False,False,2025-01-18,-10.0,paid
INV-10258,B186,2024-12-30,2025-02-13,111900.0,False,False,2025-03-04,19.0,paid
INV-08136,B150,2024-12-30,2025-02-13,90500.0,False,False,2025-03-14,29.0,paid
INV-07317,B137,2024-12-30,2025-02-13,43700.0,False,False,2025-02-10,-3.0,paid
INV-04369,B084,2024-12-30,2025-02-13,15700.0,False,False,2025-03-11,26.0,paid
INV-01538,B027,2024-12-30,2025-01-29,95600.0,False,False,2025-02-03,5.0,paid
INV-04125,B078,2024-12-30,2025-01-29,19400.0,True,False,2025-03-02,32.0,paid
INV-01511,B026,2024-12-30,2025-02-13,36600.0,False,False,2025-02-26,13.0,paid
INV-10362,B187,2024-12-30,2025-01-29,71400.0,False,False,2025-02-08,10.0,paid
INV-04520,B086,2024-12-30,2025-02-13,339300.0,False,True,2025-02-25,12.0,paid
INV-01698,B030,2024-12-30,2025-01-29,121600.0,False,False,2025-01-19,-10.0,paid
INV-08977,B168,2024-12-30,2025-02-13,48200.0,False,False,2025-04-02,48.0,paid
INV-01131,B020,2024-12-30,2025-01-29,47000.0,False,False,2025-02-25,27.0,paid
INV-10553,B190,2024-12-30,2025-02-13,44400.0,False,False,2025-03-15,30.0,paid
INV-03915,B074,2024-12-30,2025-01-29,7600.0,False,False,2025-02-13,15.0,paid
INV-01056,B019,2024-12-30,2025-01-29,33700.0,False,True,2025-03-10,40.0,paid
INV-06079,B106,2024-12-30,2025-02-13,47900.0,False,False,2025-03-05,20.0,paid
INV-01308,B023,2024-12-30,2025-02-13,40000.0,False,False,2025-07-17,154.0,paid
INV-08300,B156,2024-12-30,2025-01-29,5500.0,False,False,2025-02-11,13.0,paid
INV-02119,B039,2024-12-31,2025-02-14,28800.0,False,True,2025-03-15,29.0,paid
INV-10491,B189,2024-12-31,2025-02-14,29700.0,False,False,2025-02-12,-2.0,paid
INV-02633,B051,2024-12-31,2025-01-30,49100.0,False,False,2025-02-04,5.0,paid
INV-04370,B084,2024-12-31,2025-02-14,31400.0,False,False,2025-03-19,33.0,paid
INV-07808,B144,2024-12-31,2025-01-30,43800.0,True,False,2025-02-09,10.0,paid
INV-07158,B134,2024-12-31,2025-02-14,31600.0,False,False,2025-03-09,23.0,paid
INV-06290,B110,2025-01-01,2025-01-31,21000.0,False,False,2025-02-12,12.0,paid
INV-04247,B081,2025-01-01,2025-01-31,8000.0,False,False,2025-02-26,26.0,paid
INV-05924,B104,2025-01-01,2025-01-31,119200.0,True,False,2025-03-05,33.0,paid
INV-07112,B133,2025-01-01,2025-01-31,34400.0,False,False,2025-02-03,3.0,paid
INV-09755,B179,2025-01-01,2025-01-31,31400.0,False,False,2025-02-26,26.0,paid
INV-11636,B210,2025-01-01,2025-01-31,260300.0,False,False,2025-02-14,14.0,paid
INV-09694,B178,2025-01-01,2025-01-31,23400.0,False,False,2025-02-14,14.0,paid
INV-00473,B009,2025-01-01,2025-02-15,58700.0,False,True,2025-03-23,36.0,paid
INV-00505,B010,2025-01-01,2025-02-15,4700.0,False,False,2025-02-06,-9.0,paid
INV-07677,B143,2025-01-01,2025-02-15,41700.0,False,True,2025-03-03,16.0,paid
INV-10799,B195,2025-01-02,2025-02-01,25300.0,False,False,2025-03-08,35.0,paid
INV-07913,B145,2025-01-02,2025-02-16,8800.0,False,False,2025-02-08,-8.0,paid
INV-07462,B139,2025-01-02,2025-02-01,41200.0,False,False,2025-02-16,15.0,paid
INV-09502,B175,2025-01-02,2025-02-01,72800.0,False,False,2025-01-27,-5.0,paid
INV-11007,B199,2025-01-02,2025-02-16,14100.0,False,False,2025-02-11,-5.0,paid
INV-01460,B025,2025-01-02,2025-02-16,21700.0,False,False,2025-03-12,24.0,paid
INV-10002,B183,2025-01-02,2025-02-16,86500.0,False,False,2025-03-23,35.0,paid
INV-08665,B162,2025-01-02,2025-02-01,49600.0,False,False,2025-02-23,22.0,paid
INV-10640,B192,2025-01-02,2025-02-16,25800.0,False,False,2025-02-06,-10.0,paid
INV-12115,B218,2025-01-02,2025-02-16,29000.0,False,False,2025-02-26,10.0,paid
INV-09172,B170,2025-01-02,2025-02-16,14200.0,False,False,2025-03-12,24.0,paid
INV-10434,B188,2025-01-02,2025-02-01,24400.0,False,False,2025-02-09,8.0,paid
INV-07809,B144,2025-01-02,2025-02-01,72500.0,False,False,2025-01-28,-4.0,paid
INV-09390,B174,2025-01-02,2025-02-01,24900.0,False,False,2025-01-24,-8.0,paid
INV-05600,B100,2025-01-02,2025-02-01,30000.0,False,False,2025-02-22,21.0,paid
INV-01309,B023,2025-01-02,2025-02-16,37600.0,False,False,2025-03-06,18.0,paid
INV-04717,B088,2025-01-02,2025-02-01,37200.0,False,False,2025-01-27,-5.0,paid
INV-06525,B118,2025-01-03,2025-02-02,11000.0,False,False,2025-02-26,24.0,paid
INV-05222,B096,2025-01-03,2025-02-17,98900.0,False,False,2025-03-22,33.0,paid
INV-02120,B039,2025-01-03,2025-02-17,7300.0,False,False,2025-02-20,3.0,paid
INV-04834,B089,2025-01-03,2025-02-02,41000.0,False,False,2025-02-04,2.0,paid
INV-07318,B137,2025-01-03,2025-02-17,151600.0,False,True,2025-02-27,10.0,paid
INV-00474,B009,2025-01-03,2025-02-17,80000.0,False,False,2025-04-11,53.0,paid
INV-08666,B162,2025-01-03,2025-02-02,39300.0,False,False,2025-02-24,22.0,paid
INV-10641,B192,2025-01-03,2025-02-17,19100.0,False,False,2025-02-07,-10.0,paid
INV-12116,B218,2025-01-03,2025-02-17,91100.0,False,False,2025-02-22,5.0,paid
INV-00700,B014,2025-01-03,2025-02-02,102200.0,False,False,2025-03-04,30.0,paid
INV-04329,B083,2025-01-03,2025-02-17,27900.0,False,False,2025-03-16,27.0,paid
INV-05602,B100,2025-01-03,2025-02-02,33900.0,False,True,2025-02-28,26.0,paid
INV-05601,B100,2025-01-03,2025-02-02,34400.0,False,False,2025-02-14,12.0,paid
INV-01699,B030,2025-01-03,2025-02-02,65500.0,False,False,2025-01-23,-10.0,paid
INV-05329,B097,2025-01-03,2025-02-02,61000.0,False,False,2025-02-01,-1.0,paid
INV-01461,B025,2025-01-03,2025-02-17,8200.0,False,False,2025-03-03,14.0,paid
INV-00475,B009,2025-01-04,2025-02-18,70500.0,False,False,2025-03-30,40.0,paid
INV-02884,B055,2025-01-04,2025-02-03,22000.0,False,False,2025-02-13,10.0,paid
INV-08808,B165,2025-01-04,2025-02-03,13500.0,False,True,2025-02-14,11.0,paid
INV-04718,B088,2025-01-04,2025-02-03,29300.0,False,False,2025-01-24,-10.0,paid
INV-03440,B067,2025-01-04,2025-02-03,93200.0,False,False,2025-01-27,-7.0,paid
INV-03441,B067,2025-01-04,2025-02-03,60700.0,False,False,2025-01-28,-6.0,paid
INV-06980,B130,2025-01-04,2025-02-03,12600.0,False,False,2025-01-24,-10.0,paid
INV-09212,B171,2025-01-04,2025-02-03,498300.0,False,False,2025-02-20,17.0,paid
INV-00701,B014,2025-01-04,2025-02-03,62300.0,False,False,2025-03-03,28.0,paid
INV-07056,B132,2025-01-05,2025-02-19,103100.0,False,True,2025-07-30,161.0,paid
INV-07678,B143,2025-01-05,2025-02-19,23200.0,False,False,2025-02-23,4.0,paid
INV-01512,B026,2025-01-05,2025-02-19,35000.0,False,False,2025-03-07,16.0,paid
INV-03189,B061,2025-01-05,2025-02-04,36900.0,False,False,2025-01-25,-10.0,paid
INV-10003,B183,2025-01-05,2025-02-19,249600.0,True,False,2025-03-28,37.0,paid
INV-07319,B137,2025-01-05,2025-02-19,109400.0,False,False,2025-02-16,-3.0,paid
INV-10907,B197,2025-01-05,2025-02-19,25300.0,False,False,2025-03-09,18.0,paid
INV-00377,B007,2025-01-05,2025-02-04,170800.0,False,False,2025-02-20,16.0,paid
INV-06462,B116,2025-01-05,2025-02-19,190600.0,False,False,2025-03-01,10.0,paid
INV-00191,B003,2025-01-06,2025-02-05,13100.0,False,False,2025-02-24,19.0,paid
INV-02301,B043,2025-01-06,2025-02-20,45400.0,False,False,2025-03-31,39.0,paid
INV-02302,B043,2025-01-06,2025-02-20,17500.0,False,False,2025-03-13,21.0,paid
INV-04719,B088,2025-01-06,2025-02-05,33600.0,False,False,2025-01-29,-7.0,paid
INV-06574,B119,2025-01-06,2025-02-05,45600.0,False,False,2025-01-26,-10.0,paid
INV-12035,B216,2025-01-06,2025-02-20,14700.0,False,True,2025-03-27,35.0,paid
INV-04191,B080,2025-01-06,2025-02-05,253000.0,False,False,2025-02-18,13.0,paid
INV-01569,B028,2025-01-06,2025-02-20,10200.0,False,False,2025-03-25,33.0,paid
INV-06804,B123,2025-01-06,2025-02-20,153800.0,False,False,2025-04-07,46.0,paid
INV-07009,B131,2025-01-07,2025-02-21,22400.0,False,False,2025-03-04,11.0,paid
INV-08875,B167,2025-01-07,2025-02-06,88200.0,False,False,2025-03-07,29.0,paid
INV-06102,B107,2025-01-07,2025-02-21,77000.0,False,True,2025-03-05,12.0,paid
INV-11801,B212,2025-01-07,2025-02-21,41100.0,False,False,2025-02-20,-1.0,paid
INV-06180,B108,2025-01-07,2025-02-06,16100.0,False,False,2025-06-26,140.0,paid
INV-06254,B109,2025-01-07,2025-02-06,89500.0,False,False,2025-03-02,24.0,paid
INV-10004,B183,2025-01-07,2025-02-21,176200.0,False,False,2025-03-27,34.0,paid
INV-03216,B062,2025-01-07,2025-02-21,13600.0,False,False,2025-04-06,44.0,paid
INV-00648,B013,2025-01-07,2025-02-21,23800.0,False,False,2025-05-30,98.0,paid
INV-07915,B145,2025-01-08,2025-02-22,4400.0,False,False,2025-02-14,-8.0,paid
INV-02973,B056,2025-01-08,2025-02-22,130700.0,False,False,2025-08-04,163.0,paid
INV-05735,B101,2025-01-08,2025-02-22,108400.0,False,False,2025-04-02,39.0,paid
INV-04835,B089,2025-01-08,2025-02-07,33100.0,False,True,2025-03-01,22.0,paid
INV-07914,B145,2025-01-08,2025-02-22,4800.0,False,False,2025-02-16,-6.0,paid
INV-04521,B086,2025-01-08,2025-02-22,144100.0,False,True,2025-02-16,-6.0,paid
INV-07113,B133,2025-01-08,2025-02-07,43200.0,False,False,2025-02-18,11.0,paid
INV-01377,B024,2025-01-08,2025-02-07,310200.0,False,False,2025-02-04,-3.0,paid
INV-00431,B008,2025-01-08,2025-02-22,12300.0,False,False,2025-02-26,4.0,paid
INV-10259,B186,2025-01-08,2025-02-22,151500.0,False,True,2025-03-19,25.0,paid
INV-05042,B093,2025-01-09,2025-02-23,18800.0,False,False,2025-03-08,13.0,paid
INV-10706,B193,2025-01-09,2025-02-23,59800.0,False,False,2025-03-15,20.0,paid
INV-04330,B083,2025-01-09,2025-02-23,74700.0,False,False,2025-03-28,33.0,paid
INV-02974,B056,2025-01-09,2025-02-23,52500.0,False,False,2025-03-06,11.0,paid
INV-01839,B034,2025-01-09,2025-02-23,125700.0,False,False,2025-03-13,18.0,paid
INV-08722,B163,2025-01-09,2025-02-08,43300.0,True,False,2025-04-14,65.0,paid
INV-07916,B145,2025-01-09,2025-02-23,20600.0,False,False,2025-02-17,-6.0,paid
INV-07215,B135,2025-01-09,2025-02-23,43400.0,False,False,2025-03-24,29.0,paid
INV-07463,B139,2025-01-09,2025-02-08,29200.0,False,False,2025-02-04,-4.0,paid
INV-00841,B016,2025-01-09,2025-02-23,41000.0,False,False,2025-03-04,9.0,paid
INV-06526,B118,2025-01-09,2025-02-08,7200.0,False,False,2025-03-03,23.0,paid
INV-05925,B104,2025-01-09,2025-02-08,90600.0,False,False,2025-02-09,1.0,paid
INV-00842,B016,2025-01-09,2025-02-23,27900.0,False,False,2025-03-01,6.0,paid
INV-05330,B097,2025-01-10,2025-02-09,42200.0,False,False,2025-02-08,-1.0,paid
INV-05043,B093,2025-01-10,2025-02-24,53000.0,False,False,2025-02-26,2.0,paid
INV-01806,B033,2025-01-10,2025-02-24,15300.0,False,False,2025-04-05,40.0,paid
INV-01132,B020,2025-01-10,2025-02-09,90400.0,False,False,2025-03-04,23.0,paid
INV-07320,B137,2025-01-10,2025-02-24,230700.0,False,False,2025-03-07,11.0,paid
INV-12117,B218,2025-01-10,2025-02-24,103000.0,False,False,2025-02-28,4.0,paid
INV-09896,B182,2025-01-10,2025-02-09,52500.0,False,False,2025-02-09,0.0,paid
INV-04887,B090,2025-01-10,2025-02-24,233500.0,False,False,2025-03-17,21.0,paid
INV-05107,B094,2025-01-10,2025-02-24,27400.0,False,False,2025-02-14,-10.0,paid
INV-08051,B148,2025-01-10,2025-02-09,26300.0,False,False,2025-04-08,58.0,paid
INV-09588,B176,2025-01-10,2025-02-24,22800.0,False,True,2025-06-15,111.0,paid
INV-06181,B108,2025-01-10,2025-02-09,10700.0,False,False,2025-02-16,7.0,paid
INV-04428,B085,2025-01-10,2025-02-09,118600.0,False,False,2025-02-28,19.0,paid
INV-11090,B200,2025-01-11,2025-02-10,38200.0,False,False,2025-03-07,25.0,paid
INV-09589,B176,2025-01-11,2025-02-25,11700.0,False,True,2025-03-30,33.0,paid
INV-09695,B178,2025-01-11,2025-02-10,10100.0,False,False,2025-03-03,21.0,paid
INV-08052,B148,2025-01-11,2025-02-10,10200.0,False,True,2025-04-16,65.0,paid
INV-03119,B059,2025-01-11,2025-02-25,5700.0,False,False,2025-03-21,24.0,paid
INV-02267,B042,2025-01-11,2025-02-10,91800.0,False,False,2025-02-23,13.0,paid
INV-10151,B185,2025-01-11,2025-02-25,108400.0,False,False,2025-03-30,33.0,paid
INV-01252,B022,2025-01-11,2025-02-10,8600.0,False,False,2025-03-14,32.0,paid
INV-11314,B204,2025-01-11,2025-02-10,116300.0,False,False,2025-03-03,21.0,paid
INV-05926,B104,2025-01-11,2025-02-10,106100.0,False,False,2025-02-05,-5.0,paid
INV-04888,B090,2025-01-11,2025-02-25,84400.0,False,True,2025-03-13,16.0,paid
INV-08563,B161,2025-01-11,2025-02-10,94900.0,False,False,2025-02-07,-3.0,paid
INV-09897,B182,2025-01-11,2025-02-10,77000.0,False,False,2025-01-31,-10.0,paid
INV-08220,B154,2025-01-12,2025-02-26,79000.0,False,False,2025-03-19,21.0,paid
INV-03442,B067,2025-01-12,2025-02-11,176000.0,False,False,2025-02-08,-3.0,paid
INV-09503,B175,2025-01-12,2025-02-11,130900.0,False,False,2025-02-07,-4.0,paid
INV-00958,B018,2025-01-12,2025-02-11,17500.0,False,False,2025-04-05,53.0,paid
INV-01968,B037,2025-01-12,2025-02-26,283100.0,False,False,2025-03-17,19.0,paid
INV-00778,B015,2025-01-12,2025-02-11,86800.0,False,False,2025-02-02,-9.0,paid
INV-03328,B065,2025-01-12,2025-02-11,121500.0,False,False,2025-02-16,5.0,paid
INV-04522,B086,2025-01-12,2025-02-26,265100.0,False,False,2025-03-07,9.0,paid
INV-10642,B192,2025-01-12,2025-02-26,26900.0,False,True,2025-02-20,-6.0,paid
INV-03217,B062,2025-01-12,2025-02-26,10500.0,True,False,2025-05-03,66.0,paid
INV-03647,B069,2025-01-12,2025-02-11,78100.0,False,False,2025-03-04,21.0,paid
INV-02303,B043,2025-01-12,2025-02-26,32600.0,False,False,2025-03-24,26.0,paid
INV-07216,B135,2025-01-13,2025-02-27,59000.0,False,False,2025-03-20,21.0,paid
INV-04093,B077,2025-01-13,2025-02-27,27700.0,False,False,2025-03-05,6.0,paid
INV-01378,B024,2025-01-13,2025-02-12,194400.0,False,False,2025-02-02,-10.0,paid
INV-06527,B118,2025-01-13,2025-02-12,16100.0,False,False,2025-03-13,29.0,paid
INV-10800,B195,2025-01-13,2025-02-12,56900.0,False,True,2025-03-26,42.0,paid
INV-04720,B088,2025-01-13,2025-02-12,35800.0,False,False,2025-02-05,-7.0,paid
INV-04192,B080,2025-01-13,2025-02-12,80500.0,False,False,2025-02-19,7.0,paid
INV-07917,B145,2025-01-13,2025-02-27,14800.0,False,False,2025-02-25,-2.0,paid
INV-00105,B002,2025-01-13,2025-02-12,195800.0,False,True,2025-03-05,21.0,paid
INV-06045,B105,2025-01-13,2025-02-12,45600.0,False,False,2025-02-15,3.0,paid
INV-06426,B115,2025-01-13,2025-02-27,32600.0,False,False,2025-03-15,16.0,paid
INV-11438,B206,2025-01-13,2025-02-27,32000.0,False,False,2025-03-13,14.0,paid
INV-06662,B120,2025-01-14,2025-02-28,35400.0,True,True,2025-03-30,30.0,paid
INV-01133,B020,2025-01-14,2025-02-13,102100.0,False,True,2025-03-12,27.0,paid
INV-08395,B158,2025-01-14,2025-02-28,11800.0,False,False,2025-04-17,48.0,paid
INV-07464,B139,2025-01-14,2025-02-13,62600.0,False,False,2025-02-18,5.0,paid
INV-11315,B204,2025-01-14,2025-02-13,145700.0,False,False,2025-03-06,21.0,paid
INV-09696,B178,2025-01-14,2025-02-13,21500.0,False,False,2025-03-06,21.0,paid
INV-12188,B219,2025-01-14,2025-02-13,4500.0,False,False,2025-02-03,-10.0,paid
INV-04721,B088,2025-01-14,2025-02-13,15100.0,False,False,2025-02-03,-10.0,paid
INV-08667,B162,2025-01-15,2025-02-14,11700.0,False,False,2025-03-05,19.0,paid
INV-04722,B088,2025-01-15,2025-02-14,30700.0,False,False,2025-02-12,-2.0,paid
INV-09308,B173,2025-01-15,2025-03-01,143900.0,False,False,2025-03-17,16.0,paid
INV-01134,B020,2025-01-15,2025-02-14,92300.0,False,False,2025-03-12,26.0,paid
INV-04028,B076,2025-01-15,2025-03-01,94700.0,False,False,2025-03-19,18.0,paid
INV-02450,B047,2025-01-15,2025-02-14,81400.0,False,False,2025-02-08,-6.0,paid
INV-10950,B198,2025-01-15,2025-03-01,9700.0,False,False,2025-04-06,36.0,paid
INV-09697,B178,2025-01-15,2025-02-14,29400.0,False,False,2025-03-10,24.0,paid
INV-01700,B030,2025-01-15,2025-02-14,63600.0,False,False,2025-02-04,-10.0,paid
INV-10949,B198,2025-01-15,2025-03-01,7600.0,False,False,2025-03-26,25.0,paid
INV-04523,B086,2025-01-16,2025-03-02,243100.0,False,True,2025-03-09,7.0,paid
INV-00192,B003,2025-01-16,2025-02-15,11500.0,False,False,2025-03-10,23.0,paid
INV-06080,B106,2025-01-16,2025-03-02,254300.0,True,False,2025-03-31,29.0,paid
INV-08564,B161,2025-01-16,2025-02-15,55600.0,False,False,2025-02-26,11.0,paid
INV-07057,B132,2025-01-16,2025-03-02,46100.0,False,False,2025-03-01,-1.0,paid
INV-10260,B186,2025-01-16,2025-03-02,53900.0,False,False,2025-02-26,-4.0,paid
INV-03288,B064,2025-01-16,2025-03-02,59900.0,False,True,2025-03-24,22.0,paid
INV-02032,B038,2025-01-16,2025-02-15,36800.0,False,False,2025-03-03,16.0,paid
INV-01840,B034,2025-01-16,2025-03-02,108000.0,False,True,2025-03-25,23.0,paid
INV-09698,B178,2025-01-16,2025-02-15,21600.0,True,False,2025-03-30,43.0,paid
INV-07465,B139,2025-01-16,2025-02-15,30500.0,False,False,2025-03-02,15.0,paid
INV-00328,B006,2025-01-16,2025-03-02,161900.0,False,False,2025-03-19,17.0,paid
INV-08489,B160,2025-01-16,2025-02-15,543200.0,False,False,2025-02-27,12.0,paid
INV-11671,B211,2025-01-16,2025-03-02,223500.0,False,False,2025-04-04,33.0,paid
INV-07217,B135,2025-01-16,2025-03-02,63500.0,False,False,2025-03-19,17.0,paid
INV-03443,B067,2025-01-16,2025-02-15,66200.0,False,False,2025-02-10,-5.0,paid
INV-05927,B104,2025-01-17,2025-02-16,86200.0,True,False,2025-03-06,18.0,paid
INV-02634,B051,2025-01-17,2025-02-16,43400.0,False,False,2025-02-27,11.0,paid
INV-08171,B151,2025-01-17,2025-03-03,83500.0,False,False,2025-03-12,9.0,paid
INV-06427,B115,2025-01-17,2025-03-03,67300.0,False,False,2025-03-08,5.0,paid
INV-10005,B183,2025-01-17,2025-03-03,94300.0,False,False,2025-03-19,16.0,paid
INV-04723,B088,2025-01-17,2025-02-16,36300.0,False,False,2025-02-19,3.0,paid
INV-11316,B204,2025-01-17,2025-02-16,148100.0,False,False,2025-03-06,18.0,paid
INV-01807,B033,2025-01-17,2025-03-03,15500.0,False,True,2025-03-30,27.0,paid
INV-10096,B184,2025-01-18,2025-02-17,47000.0,False,False,2025-02-24,7.0,paid
INV-00193,B003,2025-01-18,2025-02-17,23000.0,False,False,2025-03-08,19.0,paid
INV-02814,B054,2025-01-18,2025-02-17,15700.0,False,True,2025-02-18,1.0,paid
INV-07321,B137,2025-01-18,2025-03-04,44700.0,False,False,2025-02-22,-10.0,paid
INV-10554,B190,2025-01-18,2025-03-04,52100.0,False,True,2025-04-04,31.0,paid
INV-07679,B143,2025-01-18,2025-03-04,15300.0,False,False,2025-02-22,-10.0,paid
INV-03806,B072,2025-01-18,2025-02-17,13000.0,False,True,2025-03-03,14.0,paid
INV-10555,B190,2025-01-19,2025-03-05,156900.0,False,False,2025-04-02,28.0,paid
INV-03916,B074,2025-01-19,2025-02-18,13200.0,True,True,2025-04-02,43.0,paid
INV-04029,B076,2025-01-19,2025-03-05,93200.0,False,False,2025-03-19,14.0,paid
INV-11802,B212,2025-01-19,2025-03-05,97000.0,False,False,2025-03-01,-4.0,paid
INV-10908,B197,2025-01-19,2025-03-05,67800.0,False,False,2025-04-06,32.0,paid
INV-01310,B023,2025-01-19,2025-03-05,23100.0,False,False,2025-03-24,19.0,paid
INV-03570,B068,2025-01-19,2025-02-18,70800.0,True,False,2025-03-07,17.0,paid
INV-10556,B190,2025-01-19,2025-03-05,293100.0,False,True,2025-04-22,48.0,paid
INV-02885,B055,2025-01-19,2025-02-18,40900.0,True,False,2025-04-30,71.0,paid
INV-09262,B172,2025-01-20,2025-03-06,106900.0,False,False,2025-03-14,8.0,paid
INV-08978,B168,2025-01-20,2025-03-06,66800.0,False,False,2025-04-04,29.0,paid
INV-04724,B088,2025-01-20,2025-02-19,30700.0,False,False,2025-02-23,4.0,paid
INV-01752,B031,2025-01-20,2025-02-19,25300.0,True,False,2025-04-06,46.0,paid
INV-00702,B014,2025-01-20,2025-02-19,41800.0,False,False,2025-03-28,37.0,paid
INV-05928,B104,2025-01-20,2025-02-19,83000.0,False,False,2025-02-12,-7.0,paid
INV-09756,B179,2025-01-20,2025-02-19,33100.0,False,False,2025-03-25,34.0,paid
INV-00959,B018,2025-01-20,2025-02-19,58400.0,False,False,2025-07-11,142.0,paid
INV-08443,B159,2025-01-20,2025-03-06,195000.0,False,True,2025-03-28,22.0,paid
INV-11803,B212,2025-01-20,2025-03-06,101000.0,False,True,2025-03-15,9.0,paid
INV-08565,B161,2025-01-20,2025-02-19,60000.0,False,False,2025-03-12,21.0,paid
INV-04725,B088,2025-01-20,2025-02-19,52300.0,False,False,2025-03-03,12.0,paid
INV-07680,B143,2025-01-21,2025-03-07,13600.0,True,False,2025-04-14,38.0,paid
INV-11381,B205,2025-01-21,2025-03-07,224500.0,False,False,2025-06-01,86.0,paid
INV-05736,B101,2025-01-21,2025-03-07,70600.0,False,False,2025-04-01,25.0,paid
INV-04030,B076,2025-01-21,2025-03-07,122000.0,False,False,2025-03-21,14.0,paid
INV-05331,B097,2025-01-21,2025-02-20,111300.0,False,True,2025-03-07,15.0,paid
INV-10951,B198,2025-01-21,2025-03-07,44700.0,False,False,2025-04-21,45.0,paid
INV-00329,B006,2025-01-21,2025-03-07,214500.0,False,False,2025-03-27,20.0,paid
INV-10152,B185,2025-01-21,2025-03-07,315600.0,False,False,2025-04-13,37.0,paid
INV-05332,B097,2025-01-21,2025-02-20,64100.0,False,True,2025-03-09,17.0,paid
INV-09263,B172,2025-01-21,2025-03-07,78000.0,False,False,2025-03-05,-2.0,paid
INV-11637,B210,2025-01-21,2025-02-20,181400.0,False,False,2025-03-22,30.0,paid
INV-03807,B072,2025-01-21,2025-02-20,29000.0,False,True,2025-03-18,26.0,paid
INV-04248,B081,2025-01-21,2025-02-20,14300.0,False,False,2025-03-14,22.0,paid
INV-04946,B091,2025-01-21,2025-02-20,17200.0,False,False,2025-03-15,23.0,paid
INV-03371,B066,2025-01-21,2025-03-07,68700.0,False,False,2025-03-10,3.0,paid
INV-03444,B067,2025-01-21,2025-02-20,70900.0,False,False,2025-02-20,0.0,paid
INV-06463,B116,2025-01-21,2025-03-07,115200.0,False,False,2025-08-06,152.0,paid
INV-02815,B054,2025-01-21,2025-02-20,14000.0,False,False,2025-02-10,-10.0,paid
INV-06464,B116,2025-01-22,2025-03-08,129300.0,False,False,2025-03-20,12.0,paid
INV-10707,B193,2025-01-22,2025-03-08,34700.0,False,False,2025-03-25,17.0,paid
INV-00432,B008,2025-01-22,2025-03-08,34700.0,False,False,2025-03-13,5.0,paid
INV-00843,B016,2025-01-22,2025-03-08,106800.0,False,False,2025-03-25,17.0,paid
INV-00844,B016,2025-01-22,2025-03-08,37100.0,False,False,2025-05-21,74.0,paid
INV-11586,B209,2025-01-22,2025-03-08,58400.0,True,False,2025-04-06,29.0,paid
INV-11169,B201,2025-01-22,2025-03-08,13200.0,False,False,2025-04-09,32.0,paid
INV-01916,B036,2025-01-23,2025-03-09,43600.0,False,False,2025-03-16,7.0,paid
INV-02451,B047,2025-01-23,2025-02-22,63000.0,False,False,2025-02-19,-3.0,paid
INV-08723,B163,2025-01-23,2025-02-22,36900.0,False,False,2025-03-08,14.0,paid
INV-11091,B200,2025-01-23,2025-02-22,20300.0,False,False,2025-03-08,14.0,paid
INV-07918,B145,2025-01-23,2025-03-09,23200.0,False,False,2025-03-05,-4.0,paid
INV-01969,B037,2025-01-23,2025-03-09,345500.0,False,False,2025-03-15,6.0,paid
INV-05737,B101,2025-01-24,2025-03-10,55300.0,False,False,2025-03-21,11.0,paid
INV-07544,B140,2025-01-24,2025-03-10,10900.0,False,False,2025-05-28,79.0,paid
INV-01628,B029,2025-01-24,2025-03-10,13200.0,False,False,2025-03-30,20.0,paid
INV-06182,B108,2025-01-24,2025-02-23,17400.0,False,False,2025-03-08,13.0,paid
INV-09391,B174,2025-01-24,2025-02-23,17400.0,False,False,2025-02-16,-7.0,paid
INV-08566,B161,2025-01-24,2025-02-23,175600.0,False,False,2025-03-13,18.0,paid
INV-04889,B090,2025-01-24,2025-03-10,95500.0,False,False,2025-03-04,-6.0,paid
INV-10858,B196,2025-01-24,2025-02-23,51600.0,False,False,2025-04-07,43.0,paid
INV-10006,B183,2025-01-24,2025-03-10,32100.0,False,False,2025-03-24,14.0,paid
INV-10492,B189,2025-01-24,2025-03-10,82600.0,False,False,2025-03-14,4.0,paid
INV-02635,B051,2025-01-24,2025-02-23,56800.0,False,False,2025-03-18,23.0,paid
INV-07322,B137,2025-01-24,2025-03-10,74500.0,False,False,2025-02-28,-10.0,paid
INV-06428,B115,2025-01-24,2025-03-10,66900.0,False,False,2025-02-28,-10.0,paid
INV-11092,B200,2025-01-24,2025-02-23,42800.0,False,False,2025-03-11,16.0,paid
INV-10909,B197,2025-01-25,2025-03-11,73000.0,False,False,2025-04-05,25.0,paid
INV-02452,B047,2025-01-25,2025-02-24,54200.0,False,False,2025-02-14,-10.0,paid
INV-03808,B072,2025-01-25,2025-02-24,8600.0,False,False,2025-02-26,2.0,paid
INV-02404,B046,2025-01-25,2025-03-11,26600.0,False,False,2025-03-09,-2.0,paid
INV-06359,B113,2025-01-25,2025-03-11,64300.0,False,True,2025-04-15,35.0,paid
INV-06358,B113,2025-01-25,2025-03-11,183800.0,False,False,2025-04-16,36.0,paid
INV-10557,B190,2025-01-25,2025-03-11,158200.0,False,False,2025-04-14,34.0,paid
INV-10801,B195,2025-01-25,2025-02-24,19600.0,False,False,2025-03-13,17.0,paid
INV-04619,B087,2025-01-25,2025-03-11,11000.0,False,False,2025-03-01,-10.0,paid
INV-06663,B120,2025-01-25,2025-03-11,91000.0,False,False,2025-03-14,3.0,paid
INV-05333,B097,2025-01-25,2025-02-24,37700.0,False,False,2025-02-21,-3.0,paid
INV-11439,B206,2025-01-25,2025-03-11,19500.0,True,False,2025-04-16,36.0,paid
INV-00194,B003,2025-01-25,2025-02-24,22300.0,True,False,2025-04-23,58.0,paid
INV-09109,B169,2025-01-25,2025-02-24,28700.0,False,True,2025-03-15,19.0,paid
INV-07323,B137,2025-01-25,2025-03-11,47700.0,False,False,2025-03-02,-9.0,paid
INV-08353,B157,2025-01-25,2025-02-24,49700.0,False,False,2025-03-14,18.0,paid
INV-02886,B055,2025-01-25,2025-02-24,55700.0,False,False,2025-03-26,30.0,paid
INV-04524,B086,2025-01-25,2025-03-11,304600.0,False,False,2025-03-11,0.0,paid
INV-01753,B031,2025-01-26,2025-02-25,10900.0,False,False,2025-03-16,19.0,paid
INV-09110,B169,2025-01-26,2025-02-25,74900.0,False,True,2025-03-30,33.0,paid
INV-04371,B084,2025-01-26,2025-03-12,16200.0,False,True,2025-04-24,43.0,paid
INV-01570,B028,2025-01-26,2025-03-12,10700.0,False,False,2025-04-16,35.0,paid
INV-01783,B032,2025-01-26,2025-02-25,13600.0,False,False,2025-03-25,28.0,paid
INV-00271,B005,2025-01-26,2025-02-25,66000.0,False,False,2025-02-27,2.0,paid
INV-03261,B063,2025-01-26,2025-02-25,18900.0,False,False,2025-03-09,12.0,paid
INV-04031,B076,2025-01-26,2025-03-12,41700.0,False,False,2025-03-19,7.0,paid
INV-09264,B172,2025-01-26,2025-03-12,68200.0,False,False,2025-03-14,2.0,paid
INV-09757,B179,2025-01-26,2025-02-25,37700.0,False,False,2025-03-23,26.0,paid
INV-06291,B110,2025-01-27,2025-02-26,17600.0,False,False,2025-02-28,2.0,paid
INV-10643,B192,2025-01-27,2025-03-13,10800.0,False,True,2025-03-03,-10.0,paid
INV-07681,B143,2025-01-27,2025-03-13,22700.0,False,False,2025-03-06,-7.0,paid
INV-04620,B087,2025-01-27,2025-03-13,23100.0,False,False,2025-03-12,-1.0,paid
INV-07919,B145,2025-01-27,2025-03-13,11300.0,False,True,2025-03-14,1.0,paid
INV-06805,B123,2025-01-27,2025-03-13,116200.0,False,False,2025-04-15,33.0,paid
INV-08567,B161,2025-01-27,2025-02-26,131000.0,False,False,2025-03-24,26.0,paid
INV-09265,B172,2025-01-27,2025-03-13,33600.0,False,False,2025-03-22,9.0,paid
INV-04726,B088,2025-01-27,2025-02-26,26100.0,False,False,2025-02-16,-10.0,paid
INV-02268,B042,2025-01-27,2025-02-26,187800.0,False,False,2025-03-10,12.0,paid
INV-04429,B085,2025-01-27,2025-02-26,87700.0,False,False,2025-03-13,15.0,paid
INV-08568,B161,2025-01-28,2025-02-27,63000.0,False,False,2025-03-12,13.0,paid
INV-04372,B084,2025-01-28,2025-03-14,8400.0,False,False,2025-04-01,18.0,paid
INV-05603,B100,2025-01-28,2025-02-27,28700.0,False,False,2025-03-20,21.0,paid
INV-06528,B118,2025-01-28,2025-02-27,7700.0,False,False,2025-03-27,28.0,paid
INV-10747,B194,2025-01-28,2025-03-14,103700.0,False,False,2025-03-13,-1.0,paid
INV-11805,B212,2025-01-28,2025-03-14,41800.0,False,True,2025-03-14,0.0,paid
INV-11804,B212,2025-01-28,2025-03-14,119700.0,False,True,2025-03-15,1.0,paid
INV-08809,B165,2025-01-28,2025-02-27,19500.0,False,True,2025-03-07,8.0,paid
INV-04032,B076,2025-01-29,2025-03-15,23000.0,False,False,2025-03-21,6.0,paid
INV-05805,B102,2025-01-29,2025-03-15,61400.0,False,False,2025-03-05,-10.0,paid
INV-10435,B188,2025-01-29,2025-02-28,11200.0,False,False,2025-03-16,16.0,paid
INV-10261,B186,2025-01-29,2025-03-15,78400.0,False,False,2025-04-01,17.0,paid
INV-03869,B073,2025-01-29,2025-03-15,76700.0,False,False,2025-04-04,20.0,paid
INV-08979,B168,2025-01-29,2025-03-15,61600.0,False,False,2025-04-25,41.0,paid
INV-12036,B216,2025-01-29,2025-03-15,27100.0,False,False,2025-04-08,24.0,paid
INV-07271,B136,2025-01-29,2025-02-28,80200.0,False,False,2025-02-28,0.0,paid
INV-08444,B159,2025-01-30,2025-03-16,68300.0,False,False,2025-03-23,7.0,paid
INV-00021,B000,2025-01-30,2025-03-16,7600.0,True,True,2025-05-05,50.0,paid
INV-03809,B072,2025-01-30,2025-03-01,22700.0,False,False,2025-03-01,0.0,paid
INV-07010,B131,2025-01-30,2025-03-16,57900.0,False,False,2025-04-02,17.0,paid
INV-06292,B110,2025-01-30,2025-03-01,10200.0,False,False,2025-03-06,5.0,paid
INV-00571,B011,2025-01-30,2025-03-16,28300.0,False,True,2025-04-03,18.0,paid
INV-11317,B204,2025-01-30,2025-03-01,127200.0,False,True,2025-03-17,16.0,paid
INV-11008,B199,2025-01-30,2025-03-16,6900.0,False,False,2025-03-06,-10.0,paid
INV-03648,B069,2025-01-30,2025-03-01,45300.0,False,False,2025-03-23,22.0,paid
INV-06575,B119,2025-01-30,2025-03-01,36000.0,False,False,2025-02-19,-10.0,paid
INV-04947,B091,2025-01-30,2025-03-01,37300.0,False,False,2025-03-23,22.0,paid
INV-08980,B168,2025-01-30,2025-03-16,21900.0,False,False,2025-04-15,30.0,paid
INV-08569,B161,2025-01-30,2025-03-01,96900.0,False,False,2025-03-07,6.0,paid
INV-06387,B114,2025-01-30,2025-03-16,64000.0,False,False,2025-04-09,24.0,paid
INV-09392,B174,2025-01-31,2025-03-02,75500.0,False,False,2025-03-04,2.0,paid
INV-11672,B211,2025-01-31,2025-03-17,154100.0,False,True,2025-05-03,47.0,paid
INV-11440,B206,2025-01-31,2025-03-17,21100.0,False,False,2025-03-25,8.0,paid
INV-10262,B186,2025-01-31,2025-03-17,127300.0,False,False,2025-04-01,15.0,paid
INV-09309,B173,2025-01-31,2025-03-17,98400.0,False,False,2025-03-30,13.0,paid
INV-04622,B087,2025-01-31,2025-03-17,58300.0,False,False,2025-03-15,-2.0,paid
INV-04621,B087,2025-01-31,2025-03-17,41200.0,False,False,2025-03-07,-10.0,paid
INV-02304,B043,2025-01-31,2025-03-17,33900.0,False,True,2025-04-09,23.0,paid
INV-01701,B030,2025-01-31,2025-03-02,54100.0,False,False,2025-02-20,-10.0,paid
INV-02366,B045,2025-01-31,2025-03-17,9000.0,False,True,2025-04-05,19.0,paid
INV-00106,B002,2025-01-31,2025-03-02,125100.0,False,False,2025-03-03,1.0,paid
INV-08112,B149,2025-01-31,2025-03-02,43700.0,False,False,2025-03-28,26.0,paid
INV-00062,B001,2025-01-31,2025-03-17,29800.0,False,False,2025-03-22,5.0,paid
INV-06876,B126,2025-01-31,2025-03-17,126800.0,False,False,2025-03-13,-4.0,paid
INV-01754,B031,2025-01-31,2025-03-02,61400.0,False,False,2025-03-20,18.0,paid
INV-00330,B006,2025-01-31,2025-03-17,97900.0,False,False,2025-03-30,13.0,paid
INV-06360,B113,2025-01-31,2025-03-17,231100.0,False,False,2025-05-02,46.0,paid
INV-01630,B029,2025-02-01,2025-03-18,29000.0,False,False,2025-04-03,16.0,paid
INV-10263,B186,2025-02-01,2025-03-18,68000.0,False,False,2025-03-23,5.0,paid
INV-01629,B029,2025-02-01,2025-03-18,7500.0,False,False,2025-03-18,0.0,paid
INV-06183,B108,2025-02-01,2025-03-03,10500.0,False,False,2025-02-25,-6.0,paid
INV-01135,B020,2025-02-01,2025-03-03,57700.0,False,False,2025-03-12,9.0,paid
INV-00022,B000,2025-02-01,2025-03-18,8400.0,False,False,2025-03-19,1.0,paid
INV-05108,B094,2025-02-01,2025-03-18,52100.0,False,True,2025-03-28,10.0,paid
INV-08054,B148,2025-02-01,2025-03-03,11300.0,False,False,2025-04-27,55.0,paid
INV-08053,B148,2025-02-01,2025-03-03,5600.0,False,False,2025-07-02,121.0,paid
INV-09635,B177,2025-02-01,2025-03-18,28200.0,False,False,2025-03-29,11.0,paid
INV-02636,B051,2025-02-01,2025-03-03,116000.0,False,False,2025-03-08,5.0,paid
INV-08668,B162,2025-02-01,2025-03-03,11100.0,False,True,2025-04-21,49.0,paid
INV-11806,B212,2025-02-01,2025-03-18,234000.0,False,False,2025-03-19,1.0,paid
INV-10264,B186,2025-02-01,2025-03-18,65700.0,False,False,2025-03-21,3.0,paid
INV-02305,B043,2025-02-02,2025-03-19,56300.0,False,False,2025-04-15,27.0,paid
INV-02975,B056,2025-02-02,2025-03-19,135300.0,False,False,2025-04-02,14.0,paid
INV-05929,B104,2025-02-02,2025-03-04,82200.0,False,True,2025-03-05,1.0,paid
INV-09504,B175,2025-02-02,2025-03-04,98000.0,False,False,2025-03-05,1.0,paid
INV-07218,B135,2025-02-02,2025-03-19,28800.0,False,False,2025-03-26,7.0,paid
INV-01253,B022,2025-02-02,2025-03-04,5900.0,False,True,2025-04-13,40.0,paid
INV-00960,B018,2025-02-02,2025-03-04,54700.0,False,False,2025-04-05,32.0,paid
INV-05223,B096,2025-02-02,2025-03-19,43900.0,False,False,2025-03-31,12.0,paid
INV-08570,B161,2025-02-02,2025-03-04,52600.0,False,False,2025-03-16,12.0,paid
INV-07466,B139,2025-02-02,2025-03-04,89400.0,False,False,2025-03-11,7.0,paid
INV-01881,B035,2025-02-02,2025-03-19,29600.0,False,False,2025-03-09,-10.0,paid
INV-12037,B216,2025-02-02,2025-03-19,22600.0,True,False,2025-05-30,72.0,paid
INV-01880,B035,2025-02-02,2025-03-19,47800.0,False,False,2025-03-17,-2.0,paid
INV-07682,B143,2025-02-02,2025-03-19,45800.0,False,True,2025-03-24,5.0,paid
INV-08301,B156,2025-02-02,2025-03-04,30700.0,False,False,2025-03-18,14.0,paid
INV-03963,B075,2025-02-02,2025-03-19,51600.0,False,False,2025-03-29,10.0,paid
INV-07985,B147,2025-02-03,2025-03-05,12500.0,False,False,2025-03-10,5.0,paid
INV-04094,B077,2025-02-03,2025-03-20,42900.0,False,False,2025-03-10,-10.0,paid
INV-06103,B107,2025-02-03,2025-03-20,71800.0,False,False,2025-03-23,3.0,paid
INV-09636,B177,2025-02-03,2025-03-20,178900.0,False,False,2025-04-07,18.0,paid
INV-07942,B146,2025-02-03,2025-03-05,53100.0,False,False,2025-02-25,-8.0,paid
INV-05738,B101,2025-02-03,2025-03-20,91000.0,False,False,2025-04-11,22.0,paid
INV-08571,B161,2025-02-03,2025-03-05,22900.0,False,False,2025-03-01,-4.0,paid
INV-06184,B108,2025-02-03,2025-03-05,23200.0,False,False,2025-03-08,3.0,paid
INV-11587,B209,2025-02-03,2025-03-20,136500.0,True,False,2025-04-20,31.0,paid
INV-11673,B211,2025-02-03,2025-03-20,354200.0,False,False,2025-05-05,46.0,paid
INV-00649,B013,2025-02-03,2025-03-20,5300.0,False,False,2025-03-25,5.0,paid
INV-09505,B175,2025-02-04,2025-03-06,94100.0,False,False,2025-02-25,-9.0,paid
INV-03571,B068,2025-02-04,2025-03-06,53800.0,False,False,2025-02-24,-10.0,paid
INV-06429,B115,2025-02-04,2025-03-21,62400.0,False,True,2025-03-25,4.0,paid
INV-11976,B214,2025-02-04,2025-03-21,67500.0,False,False,2025-04-24,34.0,paid
INV-09310,B173,2025-02-04,2025-03-21,57800.0,False,False,2025-03-16,-5.0,paid
INV-09699,B178,2025-02-04,2025-03-06,26600.0,False,False,2025-03-30,24.0,paid
INV-00378,B007,2025-02-05,2025-03-07,171100.0,False,True,2025-03-22,15.0,paid
INV-10558,B190,2025-02-05,2025-03-22,146400.0,False,True,2025-04-24,33.0,paid
INV-10363,B187,2025-02-05,2025-03-07,129400.0,True,True,2025-05-01,55.0,paid
INV-04430,B085,2025-02-05,2025-03-07,103800.0,False,False,2025-03-22,15.0,paid
INV-12118,B218,2025-02-05,2025-03-22,115900.0,False,False,2025-03-25,3.0,paid
INV-02976,B056,2025-02-06,2025-03-23,42600.0,False,False,2025-03-28,5.0,paid
INV-02307,B043,2025-02-06,2025-03-23,12700.0,False,False,2025-04-03,11.0,paid
INV-02453,B047,2025-02-06,2025-03-08,81300.0,False,False,2025-02-26,-10.0,paid
INV-03156,B060,2025-02-06,2025-03-23,24000.0,False,False,2025-03-16,-7.0,paid
INV-06293,B110,2025-02-06,2025-03-08,11700.0,False,False,2025-04-10,33.0,paid
INV-07159,B134,2025-02-06,2025-03-23,71800.0,False,False,2025-04-17,25.0,paid
INV-02306,B043,2025-02-06,2025-03-23,16700.0,False,False,2025-04-15,23.0,paid
INV-06942,B129,2025-02-06,2025-03-23,46700.0,False,True,2025-03-19,-4.0,paid
INV-06806,B123,2025-02-06,2025-03-23,108400.0,False,False,2025-04-25,33.0,paid
INV-05806,B102,2025-02-06,2025-03-23,13500.0,False,False,2025-03-13,-10.0,paid
INV-10708,B193,2025-02-06,2025-03-23,62100.0,False,False,2025-04-07,15.0,paid
INV-06431,B115,2025-02-06,2025-03-23,31700.0,False,False,2025-03-22,-1.0,paid
INV-06430,B115,2025-02-06,2025-03-23,40800.0,False,False,2025-04-01,9.0,paid
INV-03755,B071,2025-02-07,2025-03-09,37900.0,False,False,2025-03-05,-4.0,paid
INV-00779,B015,2025-02-07,2025-03-09,24300.0,False,False,2025-02-27,-10.0,paid
INV-10265,B186,2025-02-07,2025-03-24,88000.0,False,False,2025-03-24,0.0,paid
INV-01784,B032,2025-02-08,2025-03-10,12100.0,False,False,2025-03-20,10.0,paid
INV-10153,B185,2025-02-08,2025-03-25,171500.0,True,False,2025-06-06,73.0,paid
INV-03756,B071,2025-02-08,2025-03-10,46900.0,False,False,2025-03-11,1.0,paid
INV-10266,B186,2025-02-08,2025-03-25,76300.0,False,False,2025-04-02,8.0,paid
INV-07811,B144,2025-02-08,2025-03-10,26900.0,False,False,2025-04-07,28.0,paid
INV-09393,B174,2025-02-08,2025-03-10,35500.0,False,False,2025-03-05,-5.0,paid
INV-10267,B186,2025-02-08,2025-03-25,63300.0,False,False,2025-03-20,-5.0,paid
INV-05739,B101,2025-02-08,2025-03-25,81700.0,False,False,2025-04-14,20.0,paid
INV-00506,B010,2025-02-08,2025-03-25,6200.0,False,False,2025-03-15,-10.0,paid
INV-07810,B144,2025-02-08,2025-03-10,58000.0,False,False,2025-03-30,20.0,paid
INV-02033,B038,2025-02-08,2025-03-10,35100.0,False,False,2025-03-09,-1.0,paid
INV-05156,B095,2025-02-08,2025-03-25,22200.0,False,False,2025-03-25,0.0,paid
INV-07467,B139,2025-02-08,2025-03-10,24900.0,False,False,2025-03-14,4.0,paid
INV-12038,B216,2025-02-08,2025-03-25,7100.0,False,False,2025-03-21,-4.0,paid
INV-03329,B065,2025-02-09,2025-03-11,86900.0,False,True,2025-03-30,19.0,paid
INV-04302,B082,2025-02-09,2025-03-26,31200.0,False,False,2025-03-18,-8.0,paid
INV-01254,B022,2025-02-09,2025-03-11,1900.0,False,False,2025-04-13,33.0,paid
INV-02503,B048,2025-02-09,2025-03-26,91600.0,True,False,2025-05-18,53.0,paid
INV-12001,B215,2025-02-09,2025-03-11,133000.0,False,False,2025-04-25,45.0,paid
INV-02308,B043,2025-02-09,2025-03-26,26100.0,False,False,2025-08-12,139.0,paid
INV-00331,B006,2025-02-09,2025-03-26,197200.0,False,False,2025-04-21,26.0,paid
INV-11588,B209,2025-02-09,2025-03-26,58700.0,False,False,2025-03-27,1.0,paid
INV-08572,B161,2025-02-09,2025-03-11,74000.0,False,False,2025-03-21,10.0,paid
INV-09394,B174,2025-02-09,2025-03-11,15500.0,False,False,2025-03-01,-10.0,paid
INV-01136,B020,2025-02-09,2025-03-11,86600.0,False,True,2025-03-29,18.0,paid
INV-06465,B116,2025-02-10,2025-03-27,206000.0,False,False,2025-03-30,3.0,paid
INV-05605,B100,2025-02-10,2025-03-12,56600.0,False,True,2025-04-13,32.0,paid
INV-10709,B193,2025-02-10,2025-03-27,86400.0,False,False,2025-04-23,27.0,paid
INV-05044,B093,2025-02-10,2025-03-27,29800.0,False,False,2025-03-28,1.0,paid
INV-06576,B119,2025-02-10,2025-03-12,59500.0,False,False,2025-03-02,-10.0,paid
INV-09395,B174,2025-02-10,2025-03-12,40700.0,False,False,2025-03-16,4.0,paid
INV-05604,B100,2025-02-10,2025-03-12,33800.0,False,False,2025-03-19,7.0,paid
INV-11977,B214,2025-02-10,2025-03-27,186200.0,False,False,2025-05-02,36.0,paid
INV-03330,B065,2025-02-10,2025-03-12,23800.0,False,False,2025-03-03,-9.0,paid
INV-02121,B039,2025-02-10,2025-03-27,27000.0,False,False,2025-04-14,18.0,paid
INV-07683,B143,2025-02-10,2025-03-27,11700.0,False,False,2025-03-17,-10.0,paid
INV-06388,B114,2025-02-10,2025-03-27,5300.0,False,False,2025-04-05,9.0,paid
INV-05930,B104,2025-02-10,2025-03-12,64700.0,False,False,2025-03-02,-10.0,paid
INV-08778,B164,2025-02-10,2025-03-27,7600.0,False,False,2025-03-24,-3.0,paid
INV-11245,B203,2025-02-11,2025-03-13,6700.0,False,True,2025-04-17,35.0,paid
INV-05428,B098,2025-02-11,2025-03-13,10400.0,False,False,2025-03-03,-10.0,paid
INV-00780,B015,2025-02-11,2025-03-13,175100.0,False,True,2025-03-10,-3.0,paid
INV-03572,B068,2025-02-11,2025-03-13,64200.0,False,True,2025-03-03,-10.0,paid
INV-02977,B056,2025-02-11,2025-03-28,87500.0,False,False,2025-04-18,21.0,paid
INV-05847,B103,2025-02-11,2025-03-28,129200.0,False,False,2025-04-12,15.0,paid
INV-08396,B158,2025-02-11,2025-03-28,34200.0,False,False,2025-05-10,43.0,paid
INV-07388,B138,2025-02-11,2025-03-13,32600.0,False,False,2025-04-21,39.0,paid
INV-10007,B183,2025-02-11,2025-03-28,130200.0,False,True,2025-05-03,36.0,paid
INV-02245,B041,2025-02-12,2025-03-29,45900.0,False,False,2025-04-03,5.0,paid
INV-04095,B077,2025-02-12,2025-03-29,24000.0,False,False,2025-03-25,-4.0,paid
INV-04033,B076,2025-02-12,2025-03-29,81500.0,False,False,2025-04-06,8.0,paid
INV-00961,B018,2025-02-12,2025-03-14,10400.0,False,False,2025-04-14,31.0,paid
INV-04249,B081,2025-02-12,2025-03-14,13600.0,False,False,2025-04-02,19.0,paid
INV-12119,B218,2025-02-12,2025-03-29,68300.0,False,False,2025-03-31,2.0,paid
INV-01841,B034,2025-02-12,2025-03-29,95400.0,False,False,2025-03-21,-8.0,paid
INV-08221,B154,2025-02-12,2025-03-29,63000.0,False,True,2025-04-12,14.0,paid
INV-00845,B016,2025-02-12,2025-03-29,29900.0,False,True,2025-04-15,17.0,paid
INV-02637,B051,2025-02-12,2025-03-14,100900.0,False,True,2025-04-08,25.0,paid
INV-08302,B156,2025-02-12,2025-03-14,21400.0,False,False,2025-04-04,21.0,paid
INV-02122,B039,2025-02-12,2025-03-29,14800.0,False,False,2025-04-02,4.0,paid
INV-04948,B091,2025-02-12,2025-03-14,22000.0,False,True,2025-04-07,24.0,paid
INV-07058,B132,2025-02-12,2025-03-29,123900.0,False,True,2025-04-10,12.0,paid
INV-01882,B035,2025-02-12,2025-03-29,32800.0,False,True,2025-03-29,0.0,paid
INV-01571,B028,2025-02-12,2025-03-29,11100.0,False,False,2025-05-02,34.0,paid
INV-05429,B098,2025-02-12,2025-03-14,21800.0,False,False,2025-03-04,-10.0,paid
INV-01883,B035,2025-02-13,2025-03-30,74300.0,False,False,2025-03-31,1.0,paid
INV-02246,B041,2025-02-13,2025-03-30,21700.0,False,False,2025-03-30,0.0,paid
INV-11807,B212,2025-02-13,2025-03-30,89100.0,False,False,2025-06-13,75.0,paid
INV-03190,B061,2025-02-13,2025-03-15,14700.0,False,False,2025-03-05,-10.0,paid
INV-06046,B105,2025-02-13,2025-03-15,44600.0,False,False,2025-03-05,-10.0,paid
INV-02199,B040,2025-02-13,2025-03-15,71100.0,False,False,2025-06-21,98.0,paid
INV-04303,B082,2025-02-13,2025-03-30,16600.0,False,False,2025-03-28,-2.0,paid
INV-04126,B078,2025-02-13,2025-03-15,7900.0,False,False,2025-03-16,1.0,paid
INV-01311,B023,2025-02-13,2025-03-30,20800.0,False,True,2025-04-26,27.0,paid
INV-06361,B113,2025-02-13,2025-03-30,269400.0,False,False,2025-04-28,29.0,paid
INV-03262,B063,2025-02-13,2025-03-15,27300.0,False,False,2025-03-05,-10.0,paid
INV-02405,B046,2025-02-13,2025-03-30,18000.0,False,False,2025-04-02,3.0,paid
INV-04727,B088,2025-02-13,2025-03-15,37800.0,False,False,2025-03-05,-10.0,paid
INV-10802,B195,2025-02-13,2025-03-15,24800.0,False,False,2025-04-04,20.0,paid
INV-04193,B080,2025-02-13,2025-03-15,92300.0,False,False,2025-03-05,-10.0,paid
INV-03289,B064,2025-02-13,2025-03-30,108300.0,False,False,2025-04-09,10.0,paid
INV-09311,B173,2025-02-14,2025-03-31,79500.0,False,False,2025-04-09,9.0,paid
INV-10859,B196,2025-02-14,2025-03-16,58100.0,False,False,2025-04-16,31.0,paid
INV-06336,B112,2025-02-14,2025-03-31,13500.0,False,False,2025-03-21,-10.0,paid
INV-10710,B193,2025-02-14,2025-03-31,94600.0,False,False,2025-04-22,22.0,paid
INV-04949,B091,2025-02-14,2025-03-16,16700.0,False,False,2025-04-08,23.0,paid
INV-01572,B028,2025-02-14,2025-03-31,18100.0,False,False,2025-05-01,31.0,paid
INV-05496,B099,2025-02-14,2025-03-16,233800.0,False,False,2025-04-02,17.0,paid
INV-09637,B177,2025-02-14,2025-03-31,60300.0,False,False,2025-04-20,20.0,paid
INV-00781,B015,2025-02-14,2025-03-16,90400.0,False,False,2025-05-22,67.0,paid
INV-03573,B068,2025-02-15,2025-03-17,67800.0,False,False,2025-03-07,-10.0,paid
INV-04250,B081,2025-02-15,2025-03-17,26000.0,False,False,2025-04-08,22.0,paid
INV-07160,B134,2025-02-15,2025-04-01,38500.0,False,False,2025-04-10,9.0,paid
INV-09312,B173,2025-02-15,2025-04-01,116900.0,False,False,2025-04-22,21.0,paid
INV-02352,B044,2025-02-15,2025-03-17,63700.0,False,False,2025-03-22,5.0,paid
INV-05224,B096,2025-02-15,2025-04-01,25000.0,False,False,2025-04-18,17.0,paid
INV-00602,B012,2025-02-15,2025-04-01,34900.0,False,False,2025-04-25,24.0,paid
INV-05606,B100,2025-02-15,2025-03-17,27600.0,False,True,2025-04-11,25.0,paid
INV-06255,B109,2025-02-15,2025-03-17,38600.0,False,True,2025-04-19,33.0,paid
INV-07059,B132,2025-02-16,2025-04-02,42200.0,False,False,2025-04-08,6.0,paid
INV-07812,B144,2025-02-16,2025-03-18,54600.0,False,False,2025-04-03,16.0,paid
INV-12120,B218,2025-02-16,2025-04-02,105200.0,False,False,2025-04-23,21.0,paid
INV-03810,B072,2025-02-16,2025-03-18,20800.0,False,False,2025-03-15,-3.0,paid
INV-12121,B218,2025-02-16,2025-04-02,125700.0,False,False,2025-04-30,28.0,paid
INV-11318,B204,2025-02-16,2025-03-18,255200.0,True,False,2025-05-19,62.0,paid
INV-00023,B000,2025-02-16,2025-04-02,21100.0,False,True,2025-04-11,9.0,paid
INV-05225,B096,2025-02-16,2025-04-02,38500.0,False,False,2025-05-09,37.0,paid
INV-05157,B095,2025-02-16,2025-04-02,11400.0,False,False,2025-04-06,4.0,paid
INV-08222,B154,2025-02-16,2025-04-02,102400.0,False,False,2025-04-12,10.0,paid
INV-07219,B135,2025-02-16,2025-04-02,95200.0,False,False,2025-04-24,22.0,paid
INV-03331,B065,2025-02-16,2025-03-18,27100.0,False,True,2025-03-19,1.0,paid
INV-06915,B128,2025-02-16,2025-04-02,82900.0,False,False,2025-04-07,5.0,paid
INV-04728,B088,2025-02-16,2025-03-18,76300.0,False,False,2025-03-19,1.0,paid
INV-11246,B203,2025-02-16,2025-03-18,4300.0,False,False,2025-04-01,14.0,paid
INV-10436,B188,2025-02-17,2025-03-19,26600.0,False,False,2025-03-15,-4.0,paid
INV-05931,B104,2025-02-17,2025-03-19,97400.0,True,True,2025-05-02,44.0,paid
INV-02200,B040,2025-02-17,2025-03-19,194200.0,False,True,2025-03-25,6.0,paid
INV-07585,B141,2025-02-17,2025-03-19,92900.0,False,False,2025-03-18,-1.0,paid
INV-11589,B209,2025-02-17,2025-04-03,83500.0,True,False,2025-05-11,38.0,paid
INV-11247,B203,2025-02-17,2025-03-19,7700.0,False,False,2025-04-02,14.0,paid
INV-06664,B120,2025-02-17,2025-04-03,71100.0,True,False,2025-05-06,33.0,paid
INV-05807,B102,2025-02-17,2025-04-03,21600.0,False,False,2025-04-04,1.0,paid
INV-03290,B064,2025-02-17,2025-04-03,29600.0,False,False,2025-04-18,15.0,paid
INV-08354,B157,2025-02-17,2025-03-19,28300.0,False,False,2025-04-09,21.0,paid
INV-08445,B159,2025-02-18,2025-04-04,132600.0,False,False,2025-04-30,26.0,paid
INV-10493,B189,2025-02-18,2025-04-04,42900.0,False,False,2025-08-12,130.0,paid
INV-04729,B088,2025-02-18,2025-03-20,13900.0,False,True,2025-03-12,-8.0,paid
INV-08573,B161,2025-02-18,2025-03-20,33200.0,False,False,2025-03-17,-3.0,paid
INV-11560,B208,2025-02-18,2025-03-20,70900.0,False,False,2025-05-02,43.0,paid
INV-10952,B198,2025-02-18,2025-04-04,15100.0,False,True,2025-05-26,52.0,paid
INV-04096,B077,2025-02-18,2025-04-04,10800.0,False,False,2025-03-25,-10.0,paid
INV-02454,B047,2025-02-18,2025-03-20,55700.0,False,False,2025-03-10,-10.0,paid
INV-00332,B006,2025-02-18,2025-04-04,91200.0,False,False,2025-04-18,14.0,paid
INV-08981,B168,2025-02-18,2025-04-04,98000.0,False,False,2025-05-22,48.0,paid
INV-10559,B190,2025-02-18,2025-04-04,69700.0,False,False,2025-05-12,38.0,paid
INV-08355,B157,2025-02-19,2025-03-21,24000.0,False,False,2025-03-27,6.0,paid
INV-00703,B014,2025-02-19,2025-03-21,111900.0,False,False,2025-04-15,25.0,paid
INV-07468,B139,2025-02-19,2025-03-21,75700.0,False,False,2025-03-26,5.0,paid
INV-03574,B068,2025-02-19,2025-03-21,32700.0,False,False,2025-03-11,-10.0,paid
INV-10268,B186,2025-02-19,2025-04-05,74700.0,False,False,2025-04-12,7.0,paid
INV-05607,B100,2025-02-19,2025-03-21,55100.0,False,False,2025-04-11,21.0,paid
INV-04127,B078,2025-02-19,2025-03-21,39800.0,True,False,2025-05-13,53.0,paid
INV-02978,B056,2025-02-19,2025-04-05,122300.0,False,False,2025-04-27,22.0,paid
INV-11519,B207,2025-02-19,2025-03-21,9900.0,False,False,2025-03-11,-10.0,paid
INV-05740,B101,2025-02-19,2025-04-05,37600.0,False,False,2025-05-02,27.0,paid
INV-00603,B012,2025-02-19,2025-04-05,33100.0,False,False,2025-04-20,15.0,paid
INV-10269,B186,2025-02-19,2025-04-05,116700.0,False,False,2025-04-18,13.0,paid
INV-02638,B051,2025-02-19,2025-03-21,138200.0,False,False,2025-03-23,2.0,paid
INV-06981,B130,2025-02-20,2025-03-22,24300.0,False,False,2025-03-12,-10.0,paid
INV-00107,B002,2025-02-20,2025-03-22,169100.0,False,False,2025-04-04,13.0,paid
INV-02309,B043,2025-02-20,2025-04-06,32800.0,False,False,2025-05-08,32.0,paid
INV-06256,B109,2025-02-20,2025-03-22,80300.0,False,False,2025-04-17,26.0,paid
INV-11170,B201,2025-02-20,2025-04-06,16100.0,False,False,2025-05-16,40.0,paid
INV-01137,B020,2025-02-20,2025-03-22,61900.0,False,False,2025-04-09,18.0,paid
INV-00572,B011,2025-02-20,2025-04-06,30100.0,False,False,2025-04-29,23.0,paid
INV-11638,B210,2025-02-20,2025-03-22,136900.0,False,False,2025-03-26,4.0,paid
INV-08574,B161,2025-02-20,2025-03-22,35800.0,False,False,2025-03-17,-5.0,paid
INV-03575,B068,2025-02-20,2025-03-22,23900.0,False,False,2025-03-12,-10.0,paid
INV-12122,B218,2025-02-21,2025-04-07,52800.0,False,False,2025-04-12,5.0,paid
INV-07114,B133,2025-02-21,2025-03-23,18700.0,False,False,2025-03-18,-5.0,paid
INV-07612,B142,2025-02-21,2025-03-23,175900.0,False,False,2025-04-15,23.0,paid
INV-04194,B080,2025-02-21,2025-03-23,233300.0,False,False,2025-04-01,9.0,paid
INV-09396,B174,2025-02-21,2025-03-23,44000.0,False,True,2025-03-29,6.0,paid
INV-10437,B188,2025-02-21,2025-03-23,30100.0,False,False,2025-03-24,1.0,paid
INV-01210,B021,2025-02-21,2025-04-07,9300.0,False,False,2025-04-25,18.0,paid
INV-00650,B013,2025-02-21,2025-04-07,13800.0,False,False,2025-05-04,27.0,paid
INV-01631,B029,2025-02-22,2025-04-08,20800.0,False,False,2025-04-19,11.0,paid
INV-07324,B137,2025-02-22,2025-04-08,29500.0,False,True,2025-04-20,12.0,paid
INV-08303,B156,2025-02-22,2025-03-24,15000.0,False,False,2025-04-01,8.0,paid
INV-10364,B187,2025-02-22,2025-03-24,58400.0,False,False,2025-04-05,12.0,paid
INV-04890,B090,2025-02-22,2025-04-08,180000.0,False,False,2025-04-18,10.0,paid
INV-06762,B122,2025-02-22,2025-04-08,36200.0,False,False,2025-04-02,-6.0,paid
INV-01379,B024,2025-02-22,2025-03-24,251100.0,False,True,2025-03-26,2.0,paid
INV-09313,B173,2025-02-23,2025-04-09,60300.0,False,False,2025-04-23,14.0,paid
INV-09397,B174,2025-02-23,2025-03-25,30000.0,False,False,2025-03-15,-10.0,paid
INV-10494,B189,2025-02-23,2025-04-09,45800.0,False,False,2025-04-16,7.0,paid
INV-06047,B105,2025-02-23,2025-03-25,34700.0,True,False,2025-04-19,25.0,paid
INV-03811,B072,2025-02-23,2025-03-25,21000.0,False,False,2025-03-19,-6.0,paid
INV-06466,B116,2025-02-23,2025-04-09,116100.0,False,False,2025-04-20,11.0,paid
INV-00195,B003,2025-02-23,2025-03-25,19600.0,False,True,2025-04-20,26.0,paid
INV-05608,B100,2025-02-24,2025-03-26,41100.0,False,False,2025-04-16,21.0,paid
INV-06048,B105,2025-02-24,2025-03-26,95200.0,True,False,2025-05-04,39.0,paid
INV-09111,B169,2025-02-24,2025-03-26,15200.0,False,False,2025-04-12,17.0,paid
INV-11009,B199,2025-02-24,2025-04-10,48000.0,False,False,2025-04-07,-3.0,paid
INV-00272,B005,2025-02-24,2025-03-26,61900.0,False,False,2025-03-19,-7.0,paid
INV-06665,B120,2025-02-24,2025-04-10,21400.0,False,False,2025-04-16,6.0,paid
INV-10748,B194,2025-02-24,2025-04-10,49400.0,False,False,2025-04-19,9.0,paid
INV-06467,B116,2025-02-24,2025-04-10,70800.0,False,False,2025-04-08,-2.0,paid
INV-11808,B212,2025-02-24,2025-04-10,47400.0,False,False,2025-03-31,-10.0,paid
INV-05497,B099,2025-02-24,2025-03-26,108700.0,False,True,2025-04-08,13.0,paid
INV-08575,B161,2025-02-24,2025-03-26,75300.0,False,False,2025-04-01,6.0,paid
INV-06854,B125,2025-02-24,2025-04-10,14700.0,False,False,2025-04-17,7.0,paid
INV-10711,B193,2025-02-24,2025-04-10,117200.0,False,False,2025-05-09,29.0,paid
INV-09758,B179,2025-02-25,2025-03-27,51800.0,False,False,2025-04-28,32.0,paid
INV-06577,B119,2025-02-25,2025-03-27,72700.0,False,False,2025-03-20,-7.0,paid
INV-00024,B000,2025-02-25,2025-04-11,9500.0,False,False,2025-04-06,-5.0,paid
INV-01138,B020,2025-02-25,2025-03-27,70900.0,False,False,2025-03-27,0.0,paid
INV-03446,B067,2025-02-25,2025-03-27,178000.0,False,True,2025-03-20,-7.0,paid
INV-11809,B212,2025-02-25,2025-04-11,95000.0,False,False,2025-04-23,12.0,paid
INV-09506,B175,2025-02-25,2025-03-27,73100.0,False,False,2025-03-19,-8.0,paid
INV-03445,B067,2025-02-25,2025-03-27,33700.0,False,False,2025-03-19,-8.0,paid
INV-11520,B207,2025-02-25,2025-03-27,57000.0,False,False,2025-03-22,-5.0,paid
INV-01702,B030,2025-02-25,2025-03-27,64200.0,False,False,2025-03-17,-10.0,paid
INV-06666,B120,2025-02-26,2025-04-12,43500.0,True,True,2025-06-12,61.0,paid
INV-09700,B178,2025-02-26,2025-03-28,22400.0,False,False,2025-04-06,9.0,paid
INV-03964,B075,2025-02-26,2025-04-12,96100.0,False,False,2025-05-03,21.0,paid
INV-03218,B062,2025-02-26,2025-04-12,9400.0,True,False,2025-06-29,78.0,paid
INV-01785,B032,2025-02-26,2025-03-28,15200.0,False,False,2025-04-15,18.0,paid
INV-10860,B196,2025-02-26,2025-03-28,11500.0,False,False,2025-04-21,24.0,paid
INV-12123,B218,2025-02-26,2025-04-12,74500.0,False,False,2025-05-02,20.0,paid
INV-02201,B040,2025-02-26,2025-03-28,25300.0,False,False,2025-03-18,-10.0,paid
INV-05609,B100,2025-02-26,2025-03-28,90600.0,False,False,2025-04-24,27.0,paid
INV-11319,B204,2025-02-26,2025-03-28,58900.0,False,False,2025-04-16,19.0,paid
INV-04128,B078,2025-02-26,2025-03-28,16300.0,False,False,2025-03-29,1.0,paid
INV-11320,B204,2025-02-26,2025-03-28,269600.0,False,False,2025-04-12,15.0,paid
INV-00196,B003,2025-02-27,2025-03-29,20200.0,True,False,2025-05-14,46.0,paid
INV-08982,B168,2025-02-27,2025-04-13,53900.0,False,False,2025-06-09,57.0,paid
INV-03047,B057,2025-02-27,2025-03-29,53900.0,False,False,2025-03-19,-10.0,paid
INV-10008,B183,2025-02-27,2025-04-13,154100.0,False,True,2025-05-23,40.0,paid
INV-05498,B099,2025-02-27,2025-03-29,122200.0,False,True,2025-04-27,29.0,paid
INV-02639,B051,2025-02-27,2025-03-29,170200.0,False,False,2025-04-16,18.0,paid
INV-05741,B101,2025-02-27,2025-04-13,69800.0,False,False,2025-05-22,39.0,paid
INV-02979,B056,2025-02-27,2025-04-13,68300.0,False,False,2025-04-23,10.0,paid
INV-07011,B131,2025-02-27,2025-04-13,42200.0,False,False,2025-04-24,11.0,paid
INV-07813,B144,2025-02-27,2025-03-29,60600.0,False,False,2025-04-09,11.0,paid
INV-06855,B125,2025-02-27,2025-04-13,17200.0,False,False,2025-04-27,14.0,paid
INV-00063,B001,2025-02-28,2025-04-14,64000.0,False,True,2025-05-07,23.0,paid
INV-06185,B108,2025-02-28,2025-03-30,19800.0,False,False,2025-03-30,0.0,paid
INV-03447,B067,2025-02-28,2025-03-30,66500.0,False,False,2025-05-17,48.0,paid
INV-08397,B158,2025-02-28,2025-04-14,7400.0,False,True,2025-05-27,43.0,paid
INV-01255,B022,2025-02-28,2025-03-30,3100.0,True,False,2025-05-15,46.0,paid
INV-10644,B192,2025-02-28,2025-04-14,25300.0,True,False,2025-05-10,26.0,paid
INV-06578,B119,2025-02-28,2025-03-30,159000.0,False,False,2025-03-20,-10.0,paid
INV-08724,B163,2025-02-28,2025-03-30,40200.0,False,False,2025-04-13,14.0,paid
INV-11382,B205,2025-02-28,2025-04-14,50300.0,False,False,2025-04-21,7.0,paid
INV-10712,B193,2025-02-28,2025-04-14,88100.0,True,False,2025-06-02,49.0,paid
INV-10009,B183,2025-02-28,2025-04-14,156100.0,False,False,2025-05-19,35.0,paid
INV-10438,B188,2025-02-28,2025-03-30,21200.0,False,True,2025-04-17,18.0,paid
INV-06186,B108,2025-03-01,2025-03-31,37800.0,False,False,2025-04-08,8.0,paid
INV-05932,B104,2025-03-01,2025-03-31,77100.0,False,False,2025-03-21,-10.0,paid
INV-11810,B212,2025-03-01,2025-04-15,28600.0,False,False,2025-04-17,2.0,paid
INV-01211,B021,2025-03-01,2025-04-15,9500.0,False,False,2025-04-26,11.0,paid
INV-06049,B105,2025-03-01,2025-03-31,79600.0,False,False,2025-03-21,-10.0,paid
INV-01703,B030,2025-03-01,2025-03-31,68400.0,False,False,2025-03-21,-10.0,paid
INV-01256,B022,2025-03-01,2025-03-31,6600.0,False,False,2025-04-24,24.0,paid
INV-02034,B038,2025-03-01,2025-03-31,33600.0,False,False,2025-04-19,19.0,paid
INV-04836,B089,2025-03-01,2025-03-31,66900.0,False,False,2025-03-25,-6.0,paid
INV-04730,B088,2025-03-01,2025-03-31,40600.0,False,False,2025-03-21,-10.0,paid
INV-00333,B006,2025-03-01,2025-04-15,118800.0,False,False,2025-05-14,29.0,paid
INV-11978,B214,2025-03-01,2025-04-15,138500.0,False,False,2025-05-15,30.0,paid
INV-06856,B125,2025-03-01,2025-04-15,22500.0,False,False,2025-04-30,15.0,paid
INV-01755,B031,2025-03-02,2025-04-01,16400.0,False,False,2025-04-10,9.0,paid
INV-10010,B183,2025-03-02,2025-04-16,76000.0,False,False,2025-05-11,25.0,paid
INV-07684,B143,2025-03-02,2025-04-16,32500.0,False,False,2025-04-12,-4.0,paid
INV-02455,B047,2025-03-02,2025-04-01,64100.0,True,False,2025-04-22,21.0,paid
INV-09638,B177,2025-03-02,2025-04-16,72500.0,True,False,2025-06-19,64.0,paid
INV-06667,B120,2025-03-02,2025-04-16,27100.0,False,False,2025-04-23,7.0,paid
INV-06187,B108,2025-03-02,2025-04-01,22700.0,False,False,2025-04-16,15.0,paid
INV-08669,B162,2025-03-02,2025-04-01,15600.0,False,False,2025-06-02,62.0,paid
INV-10803,B195,2025-03-02,2025-04-01,21200.0,False,False,2025-05-01,30.0,paid
INV-06943,B129,2025-03-03,2025-04-17,70700.0,False,False,2025-04-09,-8.0,paid
INV-03720,B070,2025-03-03,2025-04-17,62800.0,False,False,2025-04-29,12.0,paid
INV-10953,B198,2025-03-03,2025-04-17,11400.0,False,False,2025-06-08,52.0,paid
INV-03120,B059,2025-03-03,2025-04-17,2700.0,False,False,2025-05-10,23.0,paid
INV-07469,B139,2025-03-03,2025-04-02,86200.0,False,True,2025-04-30,28.0,paid
INV-12124,B218,2025-03-03,2025-04-17,103200.0,False,False,2025-08-29,134.0,paid
INV-07986,B147,2025-03-03,2025-04-02,54700.0,False,False,2025-04-16,14.0,paid
INV-04195,B080,2025-03-03,2025-04-02,99300.0,False,False,2025-04-07,5.0,paid
INV-03448,B067,2025-03-03,2025-04-02,51500.0,False,False,2025-03-23,-10.0,paid
INV-08576,B161,2025-03-03,2025-04-02,21900.0,False,False,2025-04-01,-1.0,paid
INV-09759,B179,2025-03-03,2025-04-02,68800.0,False,False,2025-05-13,41.0,paid
INV-06668,B120,2025-03-03,2025-04-17,39600.0,False,False,2025-05-09,22.0,paid
INV-01057,B019,2025-03-03,2025-04-02,45800.0,False,False,2025-05-06,34.0,paid
INV-05933,B104,2025-03-03,2025-04-02,74000.0,False,True,2025-04-10,8.0,paid
INV-11171,B201,2025-03-04,2025-04-18,26400.0,False,False,2025-06-14,57.0,paid
INV-08983,B168,2025-03-04,2025-04-18,113300.0,False,False,2025-06-01,44.0,paid
INV-02406,B046,2025-03-04,2025-04-18,21500.0,False,False,2025-04-29,11.0,paid
INV-02202,B040,2025-03-04,2025-04-03,67400.0,False,False,2025-04-13,10.0,paid
INV-00273,B005,2025-03-04,2025-04-03,47500.0,False,False,2025-04-12,9.0,paid
INV-09112,B169,2025-03-04,2025-04-03,77800.0,False,True,2025-05-07,34.0,paid
INV-11521,B207,2025-03-04,2025-04-03,22800.0,False,False,2025-03-31,-3.0,paid
INV-02568,B050,2025-03-04,2025-04-03,81700.0,False,False,2025-05-02,29.0,paid
INV-04623,B087,2025-03-04,2025-04-18,25400.0,False,False,2025-04-11,-7.0,paid
INV-07060,B132,2025-03-04,2025-04-18,88100.0,True,False,2025-05-02,14.0,paid
INV-10954,B198,2025-03-04,2025-04-18,6500.0,False,False,2025-05-19,31.0,paid
INV-07814,B144,2025-03-04,2025-04-03,140700.0,True,False,2025-05-08,35.0,paid
INV-00064,B001,2025-03-04,2025-04-18,54700.0,False,False,2025-05-06,18.0,paid
INV-09898,B182,2025-03-04,2025-04-03,121200.0,False,False,2025-04-04,1.0,paid
INV-09113,B169,2025-03-05,2025-04-04,110700.0,False,False,2025-04-26,22.0,paid
INV-01058,B019,2025-03-05,2025-04-04,20500.0,False,False,2025-04-15,11.0,paid
INV-09899,B182,2025-03-05,2025-04-04,38300.0,False,False,2025-03-30,-5.0,paid
INV-06529,B118,2025-03-05,2025-04-04,3700.0,False,False,2025-05-02,28.0,paid
INV-11010,B199,2025-03-05,2025-04-19,20400.0,False,True,2025-04-25,6.0,paid
INV-08810,B165,2025-03-05,2025-04-04,11000.0,False,False,2025-04-14,10.0,paid
INV-05158,B095,2025-03-05,2025-04-19,50900.0,True,False,2025-06-14,56.0,paid
INV-04731,B088,2025-03-05,2025-04-04,34100.0,False,False,2025-03-28,-7.0,paid
INV-05109,B094,2025-03-05,2025-04-19,32700.0,False,False,2025-04-14,-5.0,paid
INV-01139,B020,2025-03-05,2025-04-04,36200.0,False,True,2025-05-14,40.0,paid
INV-03576,B068,2025-03-05,2025-04-04,65900.0,False,False,2025-03-25,-10.0,paid
INV-05808,B102,2025-03-05,2025-04-19,21000.0,False,True,2025-04-09,-10.0,paid
INV-09398,B174,2025-03-05,2025-04-04,33800.0,False,False,2025-04-04,0.0,paid
INV-01513,B026,2025-03-05,2025-04-19,60200.0,False,False,2025-04-27,8.0,paid
INV-09639,B177,2025-03-05,2025-04-19,15400.0,False,False,2025-05-03,14.0,paid
INV-10804,B195,2025-03-06,2025-04-05,21900.0,False,False,2025-04-25,20.0,paid
INV-03577,B068,2025-03-06,2025-04-05,43300.0,False,False,2025-03-26,-10.0,paid
INV-07815,B144,2025-03-06,2025-04-05,45800.0,False,False,2025-04-17,12.0,paid
INV-07470,B139,2025-03-06,2025-04-05,95500.0,False,False,2025-04-26,21.0,paid
INV-01917,B036,2025-03-06,2025-04-20,82900.0,False,False,2025-05-21,31.0,paid
INV-00782,B015,2025-03-06,2025-04-05,204400.0,False,False,2025-03-31,-5.0,paid
INV-07220,B135,2025-03-06,2025-04-20,133300.0,False,False,2025-05-18,28.0,paid
INV-03372,B066,2025-03-06,2025-04-20,72000.0,False,False,2025-05-03,13.0,paid
INV-01970,B037,2025-03-06,2025-04-20,254200.0,False,False,2025-04-21,1.0,paid
INV-12064,B217,2025-03-06,2025-04-20,76400.0,False,False,2025-05-11,21.0,paid
INV-07389,B138,2025-03-06,2025-04-05,14600.0,False,False,2025-04-21,16.0,paid
INV-05934,B104,2025-03-07,2025-04-06,75400.0,False,False,2025-04-03,-3.0,paid
INV-03332,B065,2025-03-07,2025-04-06,252900.0,False,False,2025-04-25,19.0,paid
INV-06982,B130,2025-03-07,2025-04-06,16900.0,False,True,2025-04-08,2.0,paid
INV-10270,B186,2025-03-07,2025-04-21,62700.0,False,False,2025-04-26,5.0,paid
INV-04732,B088,2025-03-07,2025-04-06,16400.0,False,True,2025-07-08,93.0,paid
INV-07221,B135,2025-03-07,2025-04-21,46400.0,True,False,2025-06-01,41.0,paid
INV-03157,B060,2025-03-07,2025-04-21,20000.0,False,False,2025-05-01,10.0,paid
INV-00704,B014,2025-03-07,2025-04-06,41700.0,False,False,2025-04-25,19.0,paid
INV-09266,B172,2025-03-07,2025-04-21,53500.0,False,False,2025-05-01,10.0,paid
INV-04624,B087,2025-03-07,2025-04-21,21100.0,False,False,2025-04-18,-3.0,paid
INV-08876,B167,2025-03-07,2025-04-06,73000.0,False,False,2025-04-22,16.0,paid
INV-03917,B074,2025-03-08,2025-04-07,5700.0,False,False,2025-04-01,-6.0,paid
INV-00507,B010,2025-03-08,2025-04-22,12700.0,False,False,2025-04-24,2.0,paid
INV-01786,B032,2025-03-08,2025-04-07,8500.0,False,False,2025-04-29,22.0,paid
INV-00065,B001,2025-03-08,2025-04-22,58600.0,False,False,2025-05-09,17.0,paid
INV-02980,B056,2025-03-08,2025-04-22,141100.0,False,False,2025-05-15,23.0,paid
INV-04097,B077,2025-03-08,2025-04-22,47000.0,False,False,2025-04-21,-1.0,paid
INV-00886,B017,2025-03-08,2025-04-07,23000.0,False,True,2025-03-28,-10.0,paid
INV-07586,B141,2025-03-08,2025-04-07,130500.0,False,False,2025-04-21,14.0,paid
INV-00334,B006,2025-03-08,2025-04-22,162000.0,False,True,2025-05-18,26.0,paid
INV-02203,B040,2025-03-08,2025-04-07,27800.0,False,False,2025-03-31,-7.0,paid
INV-04891,B090,2025-03-08,2025-04-22,45500.0,False,False,2025-04-15,-7.0,paid
INV-06764,B122,2025-03-08,2025-04-22,27200.0,False,True,2025-04-28,6.0,paid
INV-10713,B193,2025-03-08,2025-04-22,135500.0,False,False,2025-05-28,36.0,paid
INV-01462,B025,2025-03-08,2025-04-22,13000.0,False,False,2025-05-16,24.0,paid
INV-05159,B095,2025-03-08,2025-04-22,61500.0,True,False,2025-05-29,37.0,paid
INV-06763,B122,2025-03-08,2025-04-22,14000.0,False,True,2025-04-23,1.0,paid
INV-07272,B136,2025-03-08,2025-04-07,87000.0,False,False,2025-04-10,3.0,paid
INV-05110,B094,2025-03-08,2025-04-22,19600.0,False,False,2025-04-21,-1.0,paid
INV-05334,B097,2025-03-09,2025-04-08,37600.0,False,False,2025-04-07,-1.0,paid
INV-05610,B100,2025-03-09,2025-04-08,23000.0,False,False,2025-05-02,24.0,paid
INV-05430,B098,2025-03-09,2025-04-08,15300.0,False,False,2025-03-29,-10.0,paid
INV-11979,B214,2025-03-09,2025-04-23,22100.0,True,False,2025-06-23,61.0,paid
INV-03291,B064,2025-03-09,2025-04-23,92300.0,False,True,2025-05-21,28.0,paid
INV-10365,B187,2025-03-09,2025-04-08,51700.0,False,False,2025-04-26,18.0,paid
INV-05742,B101,2025-03-09,2025-04-23,51400.0,False,False,2025-05-16,23.0,paid
INV-11441,B206,2025-03-09,2025-04-23,58600.0,False,False,2025-05-03,10.0,paid
INV-08811,B165,2025-03-09,2025-04-08,23600.0,False,True,2025-07-10,93.0,paid
INV-02887,B055,2025-03-09,2025-04-08,29200.0,False,False,2025-04-26,18.0,paid
INV-01971,B037,2025-03-10,2025-04-24,146100.0,False,False,2025-04-26,2.0,paid
INV-01140,B020,2025-03-10,2025-04-09,131600.0,False,False,2025-05-05,26.0,paid
INV-10560,B190,2025-03-10,2025-04-24,51600.0,False,False,2025-05-07,13.0,paid
INV-06188,B108,2025-03-10,2025-04-09,20300.0,False,False,2025-04-23,14.0,paid
INV-11639,B210,2025-03-10,2025-04-09,116000.0,False,False,2025-04-25,16.0,paid
INV-04251,B081,2025-03-10,2025-04-09,14900.0,False,False,2025-05-02,23.0,paid
INV-11811,B212,2025-03-10,2025-04-24,45000.0,False,False,2025-04-18,-6.0,paid
INV-05160,B095,2025-03-10,2025-04-24,21500.0,False,False,2025-05-02,8.0,paid
INV-07222,B135,2025-03-10,2025-04-24,89100.0,False,False,2025-05-12,18.0,paid
INV-06835,B124,2025-03-10,2025-04-24,14400.0,False,False,2025-04-22,-2.0,paid
INV-08984,B168,2025-03-10,2025-04-24,82900.0,False,False,2025-06-09,46.0,paid
INV-09314,B173,2025-03-10,2025-04-24,75600.0,False,True,2025-05-12,18.0,paid
INV-04167,B079,2025-03-10,2025-04-09,117800.0,False,False,2025-04-07,-2.0,paid
INV-10011,B183,2025-03-11,2025-04-25,81400.0,False,False,2025-05-27,32.0,paid
INV-01059,B019,2025-03-11,2025-04-10,45800.0,False,False,2025-05-15,35.0,paid
INV-09835,B181,2025-03-11,2025-04-25,105200.0,False,False,2025-05-24,29.0,paid
INV-10012,B183,2025-03-11,2025-04-25,142600.0,True,False,2025-06-28,64.0,paid
INV-11590,B209,2025-03-11,2025-04-25,84100.0,False,False,2025-05-12,17.0,paid
INV-08985,B168,2025-03-11,2025-04-25,40400.0,False,False,2025-06-19,55.0,paid
INV-01918,B036,2025-03-11,2025-04-25,36500.0,False,False,2025-05-13,18.0,paid
INV-06189,B108,2025-03-11,2025-04-10,21700.0,False,False,2025-08-18,130.0,paid
INV-02640,B051,2025-03-12,2025-04-11,65900.0,False,False,2025-04-26,15.0,paid
INV-11202,B202,2025-03-12,2025-04-11,7900.0,False,False,2025-05-11,30.0,paid
INV-04525,B086,2025-03-12,2025-04-26,202800.0,False,False,2025-04-21,-5.0,paid
INV-10495,B189,2025-03-12,2025-04-26,48600.0,False,True,2025-05-20,24.0,paid
INV-06807,B123,2025-03-12,2025-04-26,95300.0,False,False,2025-06-09,44.0,paid
INV-04196,B080,2025-03-12,2025-04-11,68700.0,False,False,2025-04-11,0.0,paid
INV-05809,B102,2025-03-12,2025-04-26,40400.0,False,False,2025-04-20,-6.0,paid
INV-09213,B171,2025-03-12,2025-04-11,303900.0,False,False,2025-05-03,22.0,paid
INV-01212,B021,2025-03-12,2025-04-26,6800.0,False,False,2025-05-08,12.0,paid
INV-04733,B088,2025-03-12,2025-04-11,13200.0,False,False,2025-04-01,-10.0,paid
INV-11812,B212,2025-03-12,2025-04-26,57600.0,True,False,2025-05-28,32.0,paid
INV-06765,B122,2025-03-12,2025-04-26,14500.0,False,False,2025-04-20,-6.0,paid
INV-04034,B076,2025-03-12,2025-04-26,69700.0,False,False,2025-05-08,12.0,paid
INV-04168,B079,2025-03-13,2025-04-12,89900.0,False,False,2025-04-13,1.0,paid
INV-06499,B117,2025-03-13,2025-04-12,81800.0,False,False,2025-05-02,20.0,paid
INV-11172,B201,2025-03-13,2025-04-27,27900.0,False,False,2025-05-30,33.0,paid
INV-06808,B123,2025-03-13,2025-04-27,270600.0,False,False,2025-06-12,46.0,paid
INV-10013,B183,2025-03-13,2025-04-27,75300.0,False,False,2025-05-18,21.0,paid
INV-07471,B139,2025-03-13,2025-04-12,42300.0,False,False,2025-04-23,11.0,paid
INV-05935,B104,2025-03-13,2025-04-12,52400.0,False,False,2025-04-07,-5.0,paid
INV-11093,B200,2025-03-13,2025-04-12,49000.0,False,False,2025-04-30,18.0,paid
INV-11813,B212,2025-03-13,2025-04-27,114900.0,False,False,2025-05-05,8.0,paid
INV-11814,B212,2025-03-13,2025-04-27,62900.0,True,False,2025-05-21,24.0,paid
INV-06257,B109,2025-03-13,2025-04-12,91400.0,False,False,2025-05-12,30.0,paid
INV-03965,B075,2025-03-13,2025-04-27,117700.0,True,False,2025-06-12,46.0,paid
INV-11980,B214,2025-03-14,2025-04-28,92600.0,False,True,2025-06-27,60.0,paid
INV-11383,B205,2025-03-14,2025-04-28,63700.0,True,False,2025-05-12,14.0,paid
INV-02569,B050,2025-03-14,2025-04-13,51400.0,False,False,2025-05-28,45.0,paid
INV-04035,B076,2025-03-14,2025-04-28,44700.0,False,False,2025-05-27,29.0,paid
INV-04734,B088,2025-03-14,2025-04-13,23400.0,False,False,2025-04-07,-6.0,paid
INV-10561,B190,2025-03-14,2025-04-28,101900.0,False,False,2025-06-03,36.0,paid
INV-00783,B015,2025-03-14,2025-04-13,122100.0,False,False,2025-04-15,2.0,paid
INV-01257,B022,2025-03-14,2025-04-13,13900.0,False,False,2025-05-07,24.0,paid
INV-09507,B175,2025-03-14,2025-04-13,86700.0,False,False,2025-04-20,7.0,paid
INV-08356,B157,2025-03-14,2025-04-13,40100.0,False,False,2025-04-28,15.0,paid
INV-06389,B114,2025-03-14,2025-04-28,16700.0,False,False,2025-05-14,16.0,paid
INV-12039,B216,2025-03-14,2025-04-28,12600.0,False,False,2025-05-20,22.0,paid
INV-11011,B199,2025-03-15,2025-04-29,20300.0,False,False,2025-04-19,-10.0,paid
INV-09114,B169,2025-03-15,2025-04-14,59000.0,False,False,2025-05-01,17.0,paid
INV-11248,B203,2025-03-15,2025-04-14,5300.0,False,False,2025-06-01,48.0,paid
INV-01380,B024,2025-03-15,2025-04-14,216500.0,False,False,2025-04-09,-5.0,paid
INV-03870,B073,2025-03-15,2025-04-29,36000.0,False,False,2025-05-15,16.0,paid
INV-04526,B086,2025-03-15,2025-04-29,480300.0,False,False,2025-04-25,-4.0,paid
INV-04735,B088,2025-03-15,2025-04-14,19700.0,False,False,2025-04-10,-4.0,paid
INV-08812,B165,2025-03-15,2025-04-14,11100.0,False,False,2025-04-11,-3.0,paid
INV-10366,B187,2025-03-16,2025-04-15,58000.0,True,True,2025-05-26,41.0,paid
INV-04892,B090,2025-03-16,2025-04-30,121800.0,False,False,2025-05-11,11.0,paid
INV-01141,B020,2025-03-16,2025-04-15,61400.0,False,False,2025-05-11,26.0,paid
INV-08986,B168,2025-03-16,2025-04-30,75800.0,False,False,2025-06-19,50.0,paid
INV-07472,B139,2025-03-16,2025-04-15,81400.0,False,False,2025-04-30,15.0,paid
INV-09798,B180,2025-03-16,2025-04-15,8500.0,False,False,2025-05-09,24.0,paid
INV-04736,B088,2025-03-16,2025-04-15,30600.0,False,False,2025-04-07,-8.0,paid
INV-11522,B207,2025-03-16,2025-04-15,39000.0,False,False,2025-04-17,2.0,paid
INV-02123,B039,2025-03-16,2025-04-30,12200.0,False,False,2025-05-06,6.0,paid
INV-11815,B212,2025-03-16,2025-04-30,98500.0,False,False,2025-05-02,2.0,paid
INV-10563,B190,2025-03-16,2025-04-30,78000.0,False,False,2025-06-01,32.0,paid
INV-10562,B190,2025-03-16,2025-04-30,234200.0,False,False,2025-06-05,36.0,paid
INV-00066,B001,2025-03-17,2025-05-01,32600.0,False,False,2025-05-03,2.0,paid
INV-07920,B145,2025-03-17,2025-05-01,7700.0,False,False,2025-04-25,-6.0,paid
INV-01142,B020,2025-03-17,2025-04-16,95900.0,False,False,2025-05-11,25.0,paid
INV-08877,B167,2025-03-17,2025-04-16,83900.0,True,False,2025-06-11,56.0,paid
INV-02310,B043,2025-03-17,2025-05-01,32900.0,False,False,2025-05-24,23.0,paid
INV-06944,B129,2025-03-17,2025-05-01,65000.0,True,False,2025-06-08,38.0,paid
INV-11384,B205,2025-03-17,2025-05-01,110700.0,False,False,2025-05-06,5.0,paid
INV-08577,B161,2025-03-17,2025-04-16,66500.0,False,False,2025-04-28,12.0,paid
INV-07325,B137,2025-03-17,2025-05-01,14600.0,False,False,2025-04-21,-10.0,paid
INV-05611,B100,2025-03-17,2025-04-16,40600.0,False,False,2025-05-09,23.0,paid
INV-08256,B155,2025-03-18,2025-05-02,14200.0,False,False,2025-04-22,-10.0,paid
INV-09900,B182,2025-03-18,2025-04-17,95300.0,False,False,2025-04-26,9.0,paid
INV-00025,B000,2025-03-18,2025-05-02,19500.0,False,True,2025-05-18,16.0,paid
INV-10861,B196,2025-03-18,2025-04-17,18800.0,False,False,2025-05-10,23.0,paid
INV-11816,B212,2025-03-18,2025-05-02,123700.0,False,False,2025-05-06,4.0,paid
INV-09399,B174,2025-03-18,2025-04-17,30700.0,False,True,2025-04-29,12.0,paid
INV-01632,B029,2025-03-18,2025-05-02,96800.0,False,False,2025-05-22,20.0,paid
INV-02035,B038,2025-03-18,2025-04-17,49400.0,False,False,2025-08-16,121.0,paid
INV-10271,B186,2025-03-18,2025-05-02,76500.0,False,False,2025-05-03,1.0,paid
INV-06190,B108,2025-03-19,2025-04-18,16800.0,False,False,2025-05-12,24.0,paid
INV-02124,B039,2025-03-19,2025-05-03,20500.0,False,False,2025-05-19,16.0,paid
INV-09901,B182,2025-03-19,2025-04-18,115100.0,False,False,2025-04-18,0.0,paid
INV-10272,B186,2025-03-19,2025-05-03,87300.0,False,True,2025-05-09,6.0,paid
INV-11591,B209,2025-03-19,2025-05-03,104000.0,False,True,2025-05-20,17.0,paid
INV-10367,B187,2025-03-19,2025-04-18,90800.0,False,False,2025-05-18,30.0,paid
INV-08878,B167,2025-03-19,2025-04-18,51700.0,False,False,2025-05-22,34.0,paid
INV-02125,B039,2025-03-20,2025-05-04,16100.0,False,True,2025-05-27,23.0,paid
INV-01884,B035,2025-03-20,2025-05-04,32300.0,False,False,2025-04-28,-6.0,paid
INV-10273,B186,2025-03-20,2025-05-04,175400.0,False,False,2025-05-15,11.0,paid
INV-00476,B009,2025-03-20,2025-05-04,106200.0,False,False,2025-05-05,1.0,paid
INV-02353,B044,2025-03-20,2025-04-19,50300.0,False,False,2025-05-08,19.0,paid
INV-06945,B129,2025-03-20,2025-05-04,209700.0,False,True,2025-05-17,13.0,paid
INV-03918,B074,2025-03-20,2025-04-19,13300.0,False,False,2025-05-04,15.0,paid
INV-09902,B182,2025-03-20,2025-04-19,155600.0,False,False,2025-05-06,17.0,paid
INV-04837,B089,2025-03-20,2025-04-19,54300.0,False,False,2025-04-29,10.0,paid
INV-03333,B065,2025-03-20,2025-04-19,172200.0,False,False,2025-05-02,13.0,paid
INV-01258,B022,2025-03-21,2025-04-20,5100.0,True,False,2025-05-30,40.0,paid
INV-06104,B107,2025-03-21,2025-05-05,127300.0,False,False,2025-05-10,5.0,paid
INV-04984,B092,2025-03-21,2025-05-05,9400.0,False,False,2025-04-30,-5.0,paid
INV-01143,B020,2025-03-21,2025-04-20,100300.0,False,False,2025-05-11,21.0,paid
INV-09903,B182,2025-03-21,2025-04-20,52500.0,False,False,2025-04-12,-8.0,paid
INV-02981,B056,2025-03-21,2025-05-05,140400.0,False,True,2025-06-02,28.0,paid
INV-00335,B006,2025-03-21,2025-05-05,90400.0,False,False,2025-05-19,14.0,paid
INV-12125,B218,2025-03-21,2025-05-05,203300.0,False,False,2025-05-21,16.0,paid
INV-05810,B102,2025-03-21,2025-05-05,38000.0,False,False,2025-04-25,-10.0,paid
INV-02982,B056,2025-03-22,2025-05-06,125800.0,False,False,2025-05-31,25.0,paid
INV-07223,B135,2025-03-22,2025-05-06,37500.0,False,True,2025-06-05,30.0,paid
INV-06836,B124,2025-03-22,2025-05-06,8000.0,False,False,2025-05-15,9.0,paid
INV-03649,B069,2025-03-22,2025-04-21,24400.0,True,False,2025-06-12,52.0,paid
INV-09590,B176,2025-03-22,2025-05-06,8100.0,False,False,2025-06-05,30.0,paid
INV-05937,B104,2025-03-22,2025-04-21,30100.0,False,False,2025-04-14,-7.0,paid
INV-00508,B010,2025-03-22,2025-05-06,3900.0,False,False,2025-05-02,-4.0,paid
INV-00067,B001,2025-03-22,2025-05-06,38200.0,False,True,2025-06-02,27.0,paid
INV-05936,B104,2025-03-22,2025-04-21,112000.0,False,False,2025-04-22,1.0,paid
INV-04527,B086,2025-03-22,2025-05-06,148700.0,False,False,2025-08-25,111.0,paid
INV-07161,B134,2025-03-22,2025-05-06,41300.0,False,False,2025-06-15,40.0,paid
INV-05045,B093,2025-03-22,2025-05-06,52100.0,True,False,2025-06-10,35.0,paid
INV-09115,B169,2025-03-23,2025-04-22,30700.0,False,True,2025-05-15,23.0,paid
INV-06390,B114,2025-03-23,2025-05-07,6700.0,False,False,2025-05-23,16.0,paid
INV-02641,B051,2025-03-23,2025-04-22,87300.0,False,False,2025-05-11,19.0,paid
INV-10274,B186,2025-03-23,2025-05-07,105500.0,False,False,2025-05-10,3.0,paid
INV-09640,B177,2025-03-23,2025-05-07,45300.0,False,False,2025-06-02,26.0,paid
INV-00274,B005,2025-03-23,2025-04-22,52400.0,False,False,2025-04-16,-6.0,paid
INV-05161,B095,2025-03-23,2025-05-07,32300.0,False,False,2025-05-24,17.0,paid
INV-04373,B084,2025-03-23,2025-05-07,22900.0,False,False,2025-06-04,28.0,paid
INV-10645,B192,2025-03-23,2025-05-07,16600.0,False,True,2025-04-29,-8.0,paid
INV-03812,B072,2025-03-23,2025-04-22,35300.0,False,False,2025-05-09,17.0,paid
INV-06579,B119,2025-03-24,2025-04-23,255900.0,False,False,2025-04-29,6.0,paid
INV-08879,B167,2025-03-24,2025-04-23,86400.0,False,False,2025-05-14,21.0,paid
INV-08304,B156,2025-03-24,2025-04-23,8200.0,False,False,2025-05-15,22.0,paid
INV-00197,B003,2025-03-24,2025-04-23,17500.0,False,False,2025-10-07,167.0,paid
INV-01972,B037,2025-03-25,2025-05-09,164500.0,False,True,2025-05-28,19.0,paid
INV-08446,B159,2025-03-25,2025-05-09,146300.0,False,False,2025-05-31,22.0,paid
INV-10014,B183,2025-03-25,2025-05-09,85100.0,False,False,2025-05-30,21.0,paid
INV-08305,B156,2025-03-25,2025-04-24,21300.0,True,True,2025-07-09,76.0,paid
INV-02204,B040,2025-03-25,2025-04-24,67200.0,False,False,2025-04-17,-7.0,paid
INV-08880,B167,2025-03-25,2025-04-24,34800.0,False,True,2025-05-25,31.0,paid
INV-00887,B017,2025-03-25,2025-04-24,43300.0,False,False,2025-04-14,-10.0,paid
INV-07987,B147,2025-03-25,2025-04-24,55500.0,True,False,2025-06-04,41.0,paid
INV-09508,B175,2025-03-25,2025-04-24,78700.0,False,False,2025-04-14,-10.0,paid
INV-07474,B139,2025-03-25,2025-04-24,19500.0,True,False,2025-06-23,60.0,paid
INV-06580,B119,2025-03-25,2025-04-24,69700.0,False,False,2025-05-01,7.0,paid
INV-00433,B008,2025-03-25,2025-05-09,24600.0,False,False,2025-05-28,19.0,paid
INV-07473,B139,2025-03-25,2025-04-24,49400.0,False,False,2025-05-11,17.0,paid
INV-08813,B165,2025-03-26,2025-04-25,7600.0,False,True,2025-05-06,11.0,paid
INV-06191,B108,2025-03-26,2025-04-25,19100.0,False,False,2025-05-03,8.0,paid
INV-11640,B210,2025-03-26,2025-04-25,72400.0,False,True,2025-05-12,17.0,paid
INV-01973,B037,2025-03-26,2025-05-10,238400.0,False,False,2025-05-13,3.0,paid
INV-05046,B093,2025-03-26,2025-05-10,33700.0,False,False,2025-05-06,-4.0,paid
INV-01144,B020,2025-03-26,2025-04-25,62900.0,False,False,2025-05-12,17.0,paid
INV-01312,B023,2025-03-26,2025-05-10,19500.0,False,False,2025-06-04,25.0,paid
INV-07326,B137,2025-03-26,2025-05-10,56700.0,False,False,2025-05-08,-2.0,paid
INV-03334,B065,2025-03-26,2025-04-25,73900.0,False,False,2025-05-15,20.0,paid
INV-10646,B192,2025-03-26,2025-05-10,35100.0,False,False,2025-05-01,-9.0,paid
INV-04625,B087,2025-03-27,2025-05-11,18500.0,False,False,2025-05-09,-2.0,paid
INV-10154,B185,2025-03-27,2025-05-11,111000.0,False,False,2025-06-19,39.0,paid
INV-08172,B151,2025-03-27,2025-05-11,69100.0,False,False,2025-05-22,11.0,paid
INV-07390,B138,2025-03-27,2025-04-26,79100.0,False,False,2025-05-31,35.0,paid
INV-05226,B096,2025-03-27,2025-05-11,38400.0,False,False,2025-06-22,42.0,paid
INV-00108,B002,2025-03-27,2025-04-26,124100.0,False,False,2025-04-26,0.0,paid
INV-11592,B209,2025-03-27,2025-05-11,22200.0,False,True,2025-05-29,18.0,paid
INV-05938,B104,2025-03-27,2025-04-26,142800.0,False,False,2025-04-30,4.0,paid
INV-09904,B182,2025-03-28,2025-04-27,108900.0,True,False,2025-06-18,52.0,paid
INV-01974,B037,2025-03-28,2025-05-12,157900.0,False,False,2025-05-29,17.0,paid
INV-09116,B169,2025-03-28,2025-04-27,32200.0,False,True,2025-05-21,24.0,paid
INV-00962,B018,2025-03-28,2025-04-27,12600.0,False,False,2025-06-09,43.0,paid
INV-06946,B129,2025-03-28,2025-05-12,40700.0,False,False,2025-05-04,-8.0,paid
INV-12126,B218,2025-03-28,2025-05-12,58100.0,False,False,2025-05-25,13.0,paid
INV-00068,B001,2025-03-28,2025-05-12,16500.0,False,True,2025-06-10,29.0,paid
INV-07475,B139,2025-03-28,2025-04-27,37500.0,False,False,2025-05-04,7.0,paid
INV-10564,B190,2025-03-28,2025-05-12,67900.0,False,False,2025-06-12,31.0,paid
INV-04626,B087,2025-03-28,2025-05-12,36700.0,False,False,2025-05-05,-7.0,paid
INV-01704,B030,2025-03-28,2025-04-27,175000.0,False,True,2025-05-06,9.0,paid
INV-01381,B024,2025-03-28,2025-04-27,87100.0,False,False,2025-07-27,91.0,paid
INV-08578,B161,2025-03-28,2025-04-27,66300.0,False,False,2025-05-14,17.0,paid
INV-05939,B104,2025-03-28,2025-04-27,68800.0,True,False,2025-05-18,21.0,paid
INV-09214,B171,2025-03-29,2025-04-28,227600.0,False,False,2025-05-10,12.0,paid
INV-00109,B002,2025-03-29,2025-04-28,85800.0,False,False,2025-05-10,12.0,paid
INV-00198,B003,2025-03-29,2025-04-28,36200.0,False,False,2025-05-25,27.0,paid
INV-07816,B144,2025-03-29,2025-04-28,72800.0,False,True,2025-06-04,37.0,paid
INV-09905,B182,2025-03-29,2025-04-28,45600.0,False,False,2025-04-30,2.0,paid
INV-06294,B110,2025-03-29,2025-04-28,22300.0,False,False,2025-06-17,50.0,paid
INV-01313,B023,2025-03-29,2025-05-13,57200.0,False,False,2025-06-03,21.0,paid
INV-02205,B040,2025-03-29,2025-04-28,108100.0,False,False,2025-05-05,7.0,paid
INV-04950,B091,2025-03-30,2025-04-29,30300.0,False,False,2025-06-01,33.0,paid
INV-05940,B104,2025-03-30,2025-04-29,31200.0,False,False,2025-04-19,-10.0,paid
INV-01259,B022,2025-03-30,2025-04-29,13700.0,False,True,2025-06-21,53.0,paid
INV-11817,B212,2025-03-30,2025-05-14,143000.0,False,False,2025-05-17,3.0,paid
INV-01145,B020,2025-03-30,2025-04-29,113700.0,False,False,2025-05-17,18.0,paid
INV-02206,B040,2025-03-30,2025-04-29,20600.0,True,False,2025-05-16,17.0,paid
INV-06192,B108,2025-03-31,2025-04-30,25400.0,False,False,2025-05-19,19.0,paid
INV-01975,B037,2025-03-31,2025-05-15,213300.0,False,False,2025-05-19,4.0,paid
INV-05047,B093,2025-03-31,2025-05-15,29700.0,False,False,2025-05-05,-10.0,paid
INV-07988,B147,2025-03-31,2025-04-30,22100.0,False,False,2025-05-13,13.0,paid
INV-06258,B109,2025-03-31,2025-04-30,64600.0,False,True,2025-05-28,28.0,paid
INV-02642,B051,2025-03-31,2025-04-30,40800.0,False,False,2025-05-05,5.0,paid
INV-04331,B083,2025-03-31,2025-05-15,15800.0,False,False,2025-06-04,20.0,paid
INV-08357,B157,2025-03-31,2025-04-30,39600.0,False,False,2025-05-26,26.0,paid
INV-03966,B075,2025-03-31,2025-05-15,119700.0,False,False,2025-06-09,25.0,paid
INV-04374,B084,2025-03-31,2025-05-15,12800.0,False,False,2025-06-25,41.0,paid
INV-05499,B099,2025-03-31,2025-04-30,254800.0,False,False,2025-05-20,20.0,paid
INV-10368,B187,2025-03-31,2025-04-30,66400.0,False,False,2025-05-23,23.0,paid
INV-04431,B085,2025-03-31,2025-04-30,77300.0,False,False,2025-05-13,13.0,paid
INV-08447,B159,2025-03-31,2025-05-15,81900.0,False,False,2025-05-31,16.0,paid
INV-02718,B052,2025-03-31,2025-04-30,60400.0,False,False,2025-06-20,51.0,paid
INV-06530,B118,2025-04-01,2025-05-01,6000.0,True,False,2025-07-07,67.0,paid
INV-02570,B050,2025-04-01,2025-05-01,27600.0,False,False,2025-05-27,26.0,paid
INV-00651,B013,2025-04-01,2025-05-16,14700.0,False,False,2025-06-17,32.0,paid
INV-02036,B038,2025-04-01,2025-05-01,51500.0,False,True,2025-06-15,45.0,paid
INV-02536,B049,2025-04-01,2025-05-16,75200.0,False,True,2025-05-21,5.0,paid
INV-04375,B084,2025-04-01,2025-05-16,13100.0,False,False,2025-06-12,27.0,paid
INV-08579,B161,2025-04-01,2025-05-01,80400.0,False,False,2025-05-12,11.0,paid
INV-02753,B053,2025-04-01,2025-05-01,73400.0,False,False,2025-05-08,7.0,paid
INV-01060,B019,2025-04-01,2025-05-01,73100.0,False,True,2025-06-02,32.0,paid
INV-07921,B145,2025-04-02,2025-05-17,10700.0,False,False,2025-05-18,1.0,paid
INV-05500,B099,2025-04-02,2025-05-02,322900.0,False,False,2025-05-21,19.0,paid
INV-08113,B149,2025-04-02,2025-05-02,137000.0,False,False,2025-06-06,35.0,paid
INV-04036,B076,2025-04-02,2025-05-17,73600.0,False,False,2025-06-03,17.0,paid
INV-08580,B161,2025-04-02,2025-05-02,76000.0,False,False,2025-05-16,14.0,paid
INV-10862,B196,2025-04-02,2025-05-02,38600.0,False,False,2025-05-28,26.0,paid
INV-01705,B030,2025-04-02,2025-05-02,88200.0,False,False,2025-05-01,-1.0,paid
INV-00336,B006,2025-04-02,2025-05-17,230300.0,False,False,2025-05-27,10.0,paid
INV-08173,B151,2025-04-02,2025-05-17,216600.0,False,False,2025-06-09,23.0,paid
INV-05227,B096,2025-04-02,2025-05-17,36700.0,False,False,2025-06-11,25.0,paid
INV-11094,B200,2025-04-02,2025-05-02,16900.0,False,False,2025-05-07,5.0,paid
INV-03449,B067,2025-04-02,2025-05-02,72600.0,False,False,2025-04-22,-10.0,paid
INV-04037,B076,2025-04-02,2025-05-17,132600.0,False,True,2025-06-13,27.0,paid
INV-04129,B078,2025-04-03,2025-05-03,12800.0,False,False,2025-05-15,12.0,paid
INV-04130,B078,2025-04-03,2025-05-03,18900.0,False,False,2025-05-14,11.0,paid
INV-06766,B122,2025-04-03,2025-05-18,46100.0,True,False,2025-06-07,20.0,paid
INV-04131,B078,2025-04-03,2025-05-03,13900.0,False,False,2025-05-12,9.0,paid
INV-04038,B076,2025-04-03,2025-05-18,112400.0,False,False,2025-06-14,27.0,paid
INV-08114,B149,2025-04-03,2025-05-03,152800.0,True,False,2025-07-05,63.0,paid
INV-02643,B051,2025-04-03,2025-05-03,92700.0,False,False,2025-05-17,14.0,paid
INV-06259,B109,2025-04-03,2025-05-03,109400.0,False,False,2025-05-24,21.0,paid
INV-11173,B201,2025-04-03,2025-05-18,10700.0,False,False,2025-06-21,34.0,paid
INV-09799,B180,2025-04-03,2025-05-03,31200.0,False,False,2025-05-27,24.0,paid
INV-09173,B170,2025-04-03,2025-05-18,16900.0,False,False,2025-06-23,36.0,paid
INV-05501,B099,2025-04-03,2025-05-03,115100.0,False,False,2025-05-27,24.0,paid
INV-09906,B182,2025-04-03,2025-05-03,104600.0,True,False,2025-05-12,9.0,paid
INV-10015,B183,2025-04-03,2025-05-18,179200.0,False,False,2025-06-20,33.0,paid
INV-08987,B168,2025-04-03,2025-05-18,132200.0,False,False,2025-07-16,59.0,paid
INV-06837,B124,2025-04-04,2025-05-19,43000.0,False,False,2025-06-01,13.0,paid
INV-09400,B174,2025-04-04,2025-05-04,16300.0,False,False,2025-05-06,2.0,paid
INV-08137,B150,2025-04-04,2025-05-19,50600.0,False,False,2025-05-28,9.0,paid
INV-07476,B139,2025-04-04,2025-05-04,87400.0,False,False,2025-05-20,16.0,paid
INV-09641,B177,2025-04-04,2025-05-19,152400.0,False,False,2025-06-15,27.0,paid
INV-03871,B073,2025-04-04,2025-05-19,115200.0,False,False,2025-06-17,29.0,paid
INV-08398,B158,2025-04-04,2025-05-19,7200.0,False,False,2025-07-27,69.0,paid
INV-05612,B100,2025-04-04,2025-05-04,39100.0,False,False,2025-05-21,17.0,paid
INV-05743,B101,2025-04-04,2025-05-19,72200.0,False,False,2025-06-11,23.0,paid
INV-03121,B059,2025-04-04,2025-05-19,15100.0,False,False,2025-06-16,28.0,paid
INV-01976,B037,2025-04-04,2025-05-19,48000.0,False,False,2025-05-20,1.0,paid
INV-03078,B058,2025-04-05,2025-05-20,125200.0,False,False,2025-07-04,45.0,paid
INV-02207,B040,2025-04-05,2025-05-05,65100.0,False,False,2025-05-05,0.0,paid
INV-06050,B105,2025-04-05,2025-05-05,54100.0,True,False,2025-05-18,13.0,paid
INV-09509,B175,2025-04-05,2025-05-05,102400.0,False,False,2025-05-01,-4.0,paid
INV-06193,B108,2025-04-05,2025-05-05,16900.0,False,False,2025-10-01,149.0,paid
INV-00509,B010,2025-04-05,2025-05-20,4300.0,False,False,2025-05-10,-10.0,paid
INV-07685,B143,2025-04-06,2025-05-21,7600.0,False,False,2025-05-13,-8.0,paid
INV-01706,B030,2025-04-06,2025-05-06,118900.0,False,False,2025-05-03,-3.0,paid
INV-03292,B064,2025-04-06,2025-05-21,149600.0,False,False,2025-06-17,27.0,paid
INV-04737,B088,2025-04-06,2025-05-06,90500.0,False,False,2025-05-08,2.0,paid
INV-03450,B067,2025-04-06,2025-05-06,103700.0,False,False,2025-04-28,-8.0,paid
INV-01977,B037,2025-04-06,2025-05-21,210600.0,False,False,2025-06-05,15.0,paid
INV-02888,B055,2025-04-06,2025-05-06,23600.0,False,False,2025-05-29,23.0,paid
INV-08055,B148,2025-04-06,2025-05-06,8400.0,False,False,2025-05-24,18.0,paid
INV-09907,B182,2025-04-06,2025-05-06,45500.0,False,False,2025-05-07,1.0,paid
INV-02247,B041,2025-04-06,2025-05-21,16200.0,False,False,2025-05-16,-5.0,paid
INV-01061,B019,2025-04-06,2025-05-06,75600.0,False,False,2025-05-31,25.0,paid
INV-00652,B013,2025-04-06,2025-05-21,18900.0,False,False,2025-06-18,28.0,paid
INV-02407,B046,2025-04-06,2025-05-21,20000.0,False,False,2025-05-28,7.0,paid
INV-07817,B144,2025-04-07,2025-05-07,86700.0,False,False,2025-06-18,42.0,paid
INV-00199,B003,2025-04-07,2025-05-07,14100.0,False,False,2025-08-18,103.0,paid
INV-09401,B174,2025-04-07,2025-05-07,17300.0,False,False,2025-05-08,1.0,paid
INV-05941,B104,2025-04-07,2025-05-07,86800.0,False,False,2025-04-27,-10.0,paid
INV-07162,B134,2025-04-08,2025-05-23,60000.0,False,False,2025-06-07,15.0,paid
INV-05942,B104,2025-04-08,2025-05-08,61500.0,False,False,2025-04-28,-10.0,paid
INV-10439,B188,2025-04-08,2025-05-08,11800.0,False,False,2025-05-16,8.0,paid
INV-02311,B043,2025-04-08,2025-05-23,37100.0,False,False,2025-07-03,41.0,paid
INV-01707,B030,2025-04-08,2025-05-08,85300.0,False,False,2025-04-28,-10.0,paid
INV-02889,B055,2025-04-08,2025-05-08,32600.0,False,True,2025-06-02,25.0,paid
INV-08189,B152,2025-04-08,2025-05-23,62300.0,False,False,2025-05-31,8.0,paid
INV-07477,B139,2025-04-08,2025-05-08,87400.0,False,False,2025-05-27,19.0,paid
INV-00653,B013,2025-04-08,2025-05-23,11800.0,False,False,2025-06-25,33.0,paid
INV-08988,B168,2025-04-08,2025-05-23,47900.0,False,False,2025-07-02,40.0,paid
INV-05111,B094,2025-04-08,2025-05-23,75300.0,True,False,2025-07-01,39.0,paid
INV-10017,B183,2025-04-09,2025-05-24,70500.0,False,False,2025-06-17,24.0,paid
INV-08448,B159,2025-04-09,2025-05-24,55800.0,False,False,2025-06-12,19.0,paid
INV-05048,B093,2025-04-09,2025-05-24,62200.0,False,False,2025-06-05,12.0,paid
INV-11249,B203,2025-04-09,2025-05-09,9300.0,False,False,2025-07-09,61.0,paid
INV-11674,B211,2025-04-09,2025-05-24,127000.0,False,True,2025-07-20,57.0,paid
INV-10016,B183,2025-04-09,2025-05-24,82700.0,False,False,2025-06-30,37.0,paid
INV-00229,B004,2025-04-09,2025-05-24,26900.0,False,False,2025-06-12,19.0,paid
INV-05162,B095,2025-04-09,2025-05-24,35000.0,False,False,2025-05-30,6.0,paid
INV-04951,B091,2025-04-09,2025-05-09,45300.0,False,True,2025-06-10,32.0,paid
INV-08306,B156,2025-04-09,2025-05-09,18700.0,False,True,2025-10-15,159.0,paid
INV-02644,B051,2025-04-09,2025-05-09,153400.0,False,False,2025-05-31,22.0,paid
INV-00510,B010,2025-04-09,2025-05-24,11200.0,False,False,2025-05-22,-2.0,paid
INV-02571,B050,2025-04-09,2025-05-09,68500.0,False,False,2025-05-27,18.0,paid
INV-01885,B035,2025-04-09,2025-05-24,34600.0,False,False,2025-06-04,11.0,paid
INV-11095,B200,2025-04-10,2025-05-10,17200.0,False,False,2025-05-28,18.0,paid
INV-06051,B105,2025-04-10,2025-05-10,89200.0,False,False,2025-05-13,3.0,paid
INV-04738,B088,2025-04-10,2025-05-10,26300.0,False,True,2025-05-24,14.0,paid
INV-00573,B011,2025-04-10,2025-05-25,70300.0,False,False,2025-06-23,29.0,paid
INV-10496,B189,2025-04-10,2025-05-25,19800.0,False,False,2025-05-31,6.0,paid
INV-09315,B173,2025-04-10,2025-05-25,89800.0,True,False,2025-07-15,51.0,paid
INV-08056,B148,2025-04-10,2025-05-10,12100.0,True,False,2025-06-28,49.0,paid
INV-12127,B218,2025-04-10,2025-05-25,111100.0,False,False,2025-06-08,14.0,paid
INV-00511,B010,2025-04-10,2025-05-25,4800.0,False,False,2025-05-27,2.0,paid
INV-00275,B005,2025-04-10,2025-05-10,26100.0,False,False,2025-05-02,-8.0,paid
INV-00705,B014,2025-04-10,2025-05-10,46000.0,False,False,2025-06-16,37.0,paid
INV-06669,B120,2025-04-10,2025-05-25,34900.0,True,True,2025-07-15,51.0,paid
INV-04197,B080,2025-04-10,2025-05-10,190200.0,False,False,2025-05-30,20.0,paid
INV-00963,B018,2025-04-10,2025-05-10,17700.0,False,False,2025-06-06,27.0,paid
INV-03919,B074,2025-04-10,2025-05-10,46800.0,False,False,2025-05-29,19.0,paid
INV-08725,B163,2025-04-10,2025-05-10,28600.0,True,False,2025-06-18,39.0,paid
INV-02719,B052,2025-04-10,2025-05-10,189900.0,False,False,2025-07-12,63.0,paid
INV-07163,B134,2025-04-10,2025-05-25,41500.0,True,False,2025-07-20,56.0,paid
INV-03219,B062,2025-04-11,2025-05-26,14100.0,False,False,2025-07-03,38.0,paid
INV-00379,B007,2025-04-11,2025-05-11,145100.0,False,False,2025-06-02,22.0,paid
INV-03578,B068,2025-04-11,2025-05-11,36600.0,False,False,2025-05-01,-10.0,paid
INV-05163,B095,2025-04-11,2025-05-26,41100.0,False,False,2025-06-03,8.0,paid
INV-01213,B021,2025-04-11,2025-05-26,8600.0,True,False,2025-06-25,30.0,paid
INV-06916,B128,2025-04-11,2025-05-26,130100.0,False,False,2025-06-02,7.0,paid
INV-04627,B087,2025-04-11,2025-05-26,17900.0,False,False,2025-05-23,-3.0,paid
INV-05049,B093,2025-04-11,2025-05-26,31100.0,False,False,2025-05-29,3.0,paid
INV-11818,B212,2025-04-11,2025-05-26,44500.0,False,False,2025-05-16,-10.0,paid
INV-06105,B107,2025-04-11,2025-05-26,113400.0,False,False,2025-06-05,10.0,paid
INV-02504,B048,2025-04-12,2025-05-27,69800.0,False,False,2025-06-21,25.0,paid
INV-09174,B170,2025-04-12,2025-05-27,16400.0,False,True,2025-07-03,37.0,paid
INV-06391,B114,2025-04-12,2025-05-27,2800.0,False,False,2025-06-02,6.0,paid
INV-09510,B175,2025-04-12,2025-05-12,71100.0,False,False,2025-05-07,-5.0,paid
INV-03220,B062,2025-04-12,2025-05-27,18600.0,False,False,2025-07-01,35.0,paid
INV-03579,B068,2025-04-12,2025-05-12,62600.0,False,False,2025-05-02,-10.0,paid
INV-01808,B033,2025-04-12,2025-05-27,20300.0,True,False,2025-08-10,75.0,paid
INV-00276,B005,2025-04-12,2025-05-12,47800.0,False,False,2025-05-17,5.0,paid
INV-01573,B028,2025-04-12,2025-05-27,18600.0,False,False,2025-06-21,25.0,paid
INV-06767,B122,2025-04-12,2025-05-27,17500.0,False,False,2025-05-25,-2.0,paid
INV-04528,B086,2025-04-12,2025-05-27,323600.0,False,False,2025-05-28,1.0,paid
INV-10749,B194,2025-04-12,2025-05-27,33400.0,True,False,2025-07-12,46.0,paid
INV-05613,B100,2025-04-12,2025-05-12,51300.0,False,False,2025-06-07,26.0,paid
INV-06052,B105,2025-04-12,2025-05-12,64900.0,False,False,2025-05-10,-2.0,paid
INV-03451,B067,2025-04-12,2025-05-12,30100.0,False,False,2025-05-02,-10.0,paid
INV-02983,B056,2025-04-13,2025-05-28,57200.0,False,False,2025-06-02,5.0,paid
INV-04628,B087,2025-04-13,2025-05-28,23300.0,False,False,2025-05-22,-6.0,paid
INV-08358,B157,2025-04-13,2025-05-13,25800.0,True,False,2025-07-13,61.0,paid
INV-01382,B024,2025-04-13,2025-05-13,132200.0,False,False,2025-05-03,-10.0,paid
INV-07478,B139,2025-04-13,2025-05-13,55200.0,False,False,2025-06-04,22.0,paid
INV-07686,B143,2025-04-13,2025-05-28,13700.0,False,False,2025-06-05,8.0,paid
INV-12128,B218,2025-04-14,2025-05-29,136900.0,False,False,2025-06-23,25.0,paid
INV-11981,B214,2025-04-14,2025-05-29,176200.0,False,False,2025-07-02,34.0,paid
INV-01383,B024,2025-04-14,2025-05-14,87500.0,False,False,2025-05-04,-10.0,paid
INV-01978,B037,2025-04-14,2025-05-29,71100.0,False,False,2025-05-31,2.0,paid
INV-01463,B025,2025-04-14,2025-05-29,11900.0,False,False,2025-06-22,24.0,paid
INV-00654,B013,2025-04-14,2025-05-29,17500.0,False,False,2025-06-20,22.0,paid
INV-05050,B093,2025-04-14,2025-05-29,52500.0,False,False,2025-06-06,8.0,paid
INV-07479,B139,2025-04-14,2025-05-14,42300.0,False,False,2025-05-26,12.0,paid
INV-02408,B046,2025-04-14,2025-05-29,16500.0,False,False,2025-06-05,7.0,paid
INV-04739,B088,2025-04-14,2025-05-14,26500.0,False,True,2025-05-21,7.0,paid
INV-10565,B190,2025-04-14,2025-05-29,56200.0,False,False,2025-06-25,27.0,paid
INV-09760,B179,2025-04-14,2025-05-14,19200.0,False,False,2025-06-10,27.0,paid
INV-08989,B168,2025-04-14,2025-05-29,57600.0,False,False,2025-08-01,64.0,paid
INV-03920,B074,2025-04-14,2025-05-14,20400.0,False,False,2025-05-27,13.0,paid
INV-00477,B009,2025-04-14,2025-05-29,81400.0,False,False,2025-06-11,13.0,paid
INV-11096,B200,2025-04-14,2025-05-14,28300.0,True,False,2025-07-09,56.0,paid
INV-01756,B031,2025-04-15,2025-05-15,21600.0,False,True,2025-06-09,25.0,paid
INV-08670,B162,2025-04-15,2025-05-15,83100.0,False,False,2025-07-13,59.0,paid
INV-11819,B212,2025-04-15,2025-05-30,187300.0,False,False,2025-06-21,22.0,paid
INV-08990,B168,2025-04-15,2025-05-30,58400.0,False,False,2025-06-30,31.0,paid
INV-06194,B108,2025-04-15,2025-05-15,21000.0,False,False,2025-05-30,15.0,paid
INV-01919,B036,2025-04-15,2025-05-30,18700.0,False,False,2025-09-24,117.0,paid
INV-00512,B010,2025-04-15,2025-05-30,9900.0,False,True,2025-06-14,15.0,paid
INV-05811,B102,2025-04-16,2025-05-31,25400.0,False,False,2025-05-21,-10.0,paid
INV-05228,B096,2025-04-16,2025-05-31,108100.0,False,False,2025-07-12,42.0,paid
INV-00277,B005,2025-04-16,2025-05-16,63100.0,False,False,2025-05-21,5.0,paid
INV-01464,B025,2025-04-16,2025-05-31,7900.0,False,False,2025-06-20,20.0,paid
INV-01979,B037,2025-04-16,2025-05-31,563700.0,False,True,2025-06-17,17.0,paid
INV-09800,B180,2025-04-16,2025-05-16,24400.0,False,False,2025-06-25,40.0,paid
INV-11820,B212,2025-04-16,2025-05-31,95100.0,False,False,2025-06-03,3.0,paid
INV-02505,B048,2025-04-16,2025-05-31,52600.0,False,False,2025-07-05,35.0,paid
INV-10275,B186,2025-04-16,2025-05-31,53500.0,False,False,2025-06-09,9.0,paid
INV-01384,B024,2025-04-16,2025-05-16,206400.0,False,False,2025-05-06,-10.0,paid
INV-09267,B172,2025-04-17,2025-06-01,24500.0,False,False,2025-06-08,7.0,paid
INV-07164,B134,2025-04-17,2025-06-01,58000.0,False,False,2025-06-24,23.0,paid
INV-05164,B095,2025-04-17,2025-06-01,25000.0,False,False,2025-06-01,0.0,paid
INV-05335,B097,2025-04-17,2025-05-17,68600.0,False,False,2025-05-18,1.0,paid
INV-04838,B089,2025-04-17,2025-05-17,52600.0,False,False,2025-05-21,4.0,paid
INV-03293,B064,2025-04-18,2025-06-02,59000.0,False,False,2025-06-27,25.0,paid
INV-04985,B092,2025-04-18,2025-06-02,27900.0,True,False,2025-07-13,41.0,paid
INV-09908,B182,2025-04-18,2025-05-18,158600.0,False,False,2025-05-12,-6.0,paid
INV-01385,B024,2025-04-18,2025-05-18,137000.0,False,False,2025-05-12,-6.0,paid
INV-08115,B149,2025-04-18,2025-05-18,194400.0,False,True,2025-07-02,45.0,paid
INV-02126,B039,2025-04-18,2025-06-02,21400.0,False,False,2025-06-24,22.0,paid
INV-10440,B188,2025-04-18,2025-05-18,15600.0,True,False,2025-06-03,16.0,paid
INV-02572,B050,2025-04-18,2025-05-18,138600.0,False,False,2025-06-19,32.0,paid
INV-01465,B025,2025-04-18,2025-06-02,9700.0,False,False,2025-06-26,24.0,paid
INV-07687,B143,2025-04-18,2025-06-02,25700.0,False,False,2025-06-08,6.0,paid
INV-02208,B040,2025-04-18,2025-05-18,83300.0,False,False,2025-05-18,0.0,paid
INV-06768,B122,2025-04-18,2025-06-02,94100.0,False,False,2025-05-23,-10.0,paid
INV-10497,B189,2025-04-18,2025-06-02,22300.0,False,False,2025-06-06,4.0,paid
INV-11821,B212,2025-04-18,2025-06-02,37500.0,False,False,2025-05-23,-10.0,paid
INV-03158,B060,2025-04-19,2025-06-03,16300.0,False,True,2025-06-14,11.0,paid
INV-08581,B161,2025-04-19,2025-05-19,80100.0,False,False,2025-06-04,16.0,paid
INV-10805,B195,2025-04-19,2025-05-19,9500.0,False,False,2025-06-14,26.0,paid
INV-05229,B096,2025-04-19,2025-06-03,19400.0,False,False,2025-07-02,29.0,paid
INV-06053,B105,2025-04-19,2025-05-19,28300.0,False,False,2025-05-10,-9.0,paid
INV-02312,B043,2025-04-19,2025-06-03,23200.0,False,False,2025-07-09,36.0,paid
INV-06769,B122,2025-04-19,2025-06-03,64300.0,True,True,2025-07-25,52.0,paid
INV-04740,B088,2025-04-20,2025-05-20,11300.0,False,False,2025-05-10,-10.0,paid
INV-06315,B111,2025-04-20,2025-06-04,26700.0,False,True,2025-06-30,26.0,paid
INV-05943,B104,2025-04-20,2025-05-20,73600.0,True,False,2025-06-05,16.0,paid
INV-11675,B211,2025-04-20,2025-06-04,187600.0,False,False,2025-07-15,41.0,paid
INV-10955,B198,2025-04-20,2025-06-04,33100.0,False,False,2025-08-02,59.0,paid
INV-03159,B060,2025-04-20,2025-06-04,37700.0,False,True,2025-06-11,7.0,paid
INV-08991,B168,2025-04-20,2025-06-04,57400.0,False,False,2025-07-12,38.0,paid
INV-07165,B134,2025-04-20,2025-06-04,29500.0,False,False,2025-06-18,14.0,paid
INV-05336,B097,2025-04-20,2025-05-20,56200.0,False,False,2025-05-25,5.0,paid
INV-01633,B029,2025-04-20,2025-06-04,49000.0,False,False,2025-06-26,22.0,paid
INV-00655,B013,2025-04-20,2025-06-04,12400.0,False,False,2025-06-19,15.0,paid
INV-08449,B159,2025-04-20,2025-06-04,82300.0,False,False,2025-07-05,31.0,paid
INV-10566,B190,2025-04-20,2025-06-04,76400.0,False,False,2025-07-06,32.0,paid
INV-09591,B176,2025-04-20,2025-06-04,5800.0,False,False,2025-06-15,11.0,paid
INV-02037,B038,2025-04-21,2025-05-21,78200.0,False,False,2025-06-17,27.0,paid
INV-11822,B212,2025-04-21,2025-06-05,127700.0,False,False,2025-06-14,9.0,paid
INV-02720,B052,2025-04-21,2025-05-21,87900.0,False,False,2025-07-19,59.0,paid
INV-11823,B212,2025-04-21,2025-06-05,44300.0,False,False,2025-06-05,0.0,paid
INV-00513,B010,2025-04-21,2025-06-05,8000.0,False,False,2025-08-14,70.0,paid
INV-10750,B194,2025-04-21,2025-06-05,101400.0,False,False,2025-06-09,4.0,paid
INV-00514,B010,2025-04-21,2025-06-05,2500.0,False,False,2025-06-17,12.0,paid
INV-10097,B184,2025-04-21,2025-05-21,55700.0,False,False,2025-06-09,19.0,paid
INV-02645,B051,2025-04-21,2025-05-21,76600.0,False,False,2025-06-03,13.0,paid
INV-04132,B078,2025-04-21,2025-05-21,7500.0,False,False,2025-05-24,3.0,paid
INV-01214,B021,2025-04-21,2025-06-05,9900.0,False,False,2025-06-04,-1.0,paid
INV-10863,B196,2025-04-21,2025-05-21,17800.0,False,False,2025-06-19,29.0,paid
INV-11250,B203,2025-04-21,2025-05-21,13900.0,False,False,2025-07-26,66.0,paid
INV-00110,B002,2025-04-21,2025-05-21,160100.0,False,False,2025-05-26,5.0,paid
INV-00964,B018,2025-04-21,2025-05-21,73100.0,False,False,2025-07-07,47.0,paid
INV-07061,B132,2025-04-21,2025-06-05,52000.0,False,False,2025-06-07,2.0,paid
INV-09117,B169,2025-04-21,2025-05-21,49200.0,False,False,2025-05-21,0.0,paid
INV-08307,B156,2025-04-22,2025-05-22,6600.0,False,False,2025-06-09,18.0,paid
INV-04529,B086,2025-04-22,2025-06-06,93500.0,False,False,2025-05-30,-7.0,paid
INV-08308,B156,2025-04-22,2025-05-22,11200.0,False,False,2025-06-13,22.0,paid
INV-01146,B020,2025-04-22,2025-05-22,78700.0,False,True,2025-06-20,29.0,paid
INV-09761,B179,2025-04-22,2025-05-22,49800.0,False,False,2025-06-21,30.0,paid
INV-09511,B175,2025-04-22,2025-05-22,77200.0,False,False,2025-05-14,-8.0,paid
INV-01634,B029,2025-04-22,2025-06-06,74600.0,False,False,2025-06-27,21.0,paid
INV-03335,B065,2025-04-23,2025-05-23,181100.0,False,False,2025-06-02,10.0,paid
INV-01842,B034,2025-04-23,2025-06-07,59800.0,False,False,2025-06-19,12.0,paid
INV-06392,B114,2025-04-23,2025-06-07,14300.0,False,False,2025-06-18,11.0,paid
INV-08992,B168,2025-04-23,2025-06-07,46300.0,False,False,2025-07-15,38.0,paid
INV-08726,B163,2025-04-23,2025-05-23,51500.0,False,False,2025-06-18,26.0,paid
INV-00111,B002,2025-04-23,2025-05-23,52700.0,False,True,2025-06-17,25.0,paid
INV-07818,B144,2025-04-23,2025-05-23,53100.0,False,False,2025-06-11,19.0,paid
INV-12129,B218,2025-04-23,2025-06-07,93300.0,False,False,2025-06-23,16.0,paid
INV-07062,B132,2025-04-23,2025-06-07,44400.0,False,False,2025-06-15,8.0,paid
INV-06195,B108,2025-04-23,2025-05-23,10400.0,False,False,2025-05-24,1.0,paid
INV-00706,B014,2025-04-23,2025-05-23,95800.0,False,False,2025-06-20,28.0,paid
INV-02890,B055,2025-04-23,2025-05-23,70200.0,False,False,2025-06-20,28.0,paid
INV-05431,B098,2025-04-24,2025-05-24,6400.0,False,False,2025-05-14,-10.0,paid
INV-01843,B034,2025-04-24,2025-06-08,151600.0,False,True,2025-07-05,27.0,paid
INV-00200,B003,2025-04-24,2025-05-24,19600.0,False,False,2025-06-10,17.0,paid
INV-10276,B186,2025-04-24,2025-06-08,45700.0,False,False,2025-06-01,-7.0,paid
INV-03813,B072,2025-04-24,2025-05-24,21500.0,False,False,2025-06-05,12.0,paid
INV-03814,B072,2025-04-24,2025-05-24,19500.0,False,False,2025-06-09,16.0,paid
INV-11824,B212,2025-04-24,2025-06-08,142100.0,False,False,2025-06-27,19.0,paid
INV-07688,B143,2025-04-24,2025-06-08,34100.0,False,False,2025-06-16,8.0,paid
INV-01314,B023,2025-04-24,2025-06-08,45400.0,False,False,2025-07-03,25.0,paid
INV-07064,B132,2025-04-24,2025-06-08,76800.0,False,True,2025-07-11,33.0,paid
INV-07063,B132,2025-04-24,2025-06-08,61300.0,False,False,2025-06-09,1.0,paid
INV-10498,B189,2025-04-24,2025-06-08,31500.0,False,False,2025-06-10,2.0,paid
INV-06196,B108,2025-04-25,2025-05-25,16700.0,True,False,2025-07-09,45.0,paid
INV-10018,B183,2025-04-25,2025-06-09,66000.0,False,False,2025-07-13,34.0,paid
INV-11321,B204,2025-04-25,2025-05-25,117600.0,True,False,2025-07-26,62.0,paid
INV-10567,B190,2025-04-25,2025-06-09,43200.0,False,False,2025-07-10,31.0,paid
INV-04629,B087,2025-04-25,2025-06-09,19800.0,False,False,2025-06-15,6.0,paid
INV-06500,B117,2025-04-25,2025-05-25,30500.0,False,True,2025-06-18,24.0,paid
INV-08204,B153,2025-04-26,2025-05-26,76200.0,False,False,2025-06-11,16.0,paid
INV-11251,B203,2025-04-26,2025-05-26,7200.0,False,False,2025-08-04,70.0,paid
INV-03079,B058,2025-04-26,2025-06-10,73800.0,False,False,2025-07-10,30.0,paid
INV-00515,B010,2025-04-26,2025-06-10,4900.0,False,False,2025-06-12,2.0,paid
INV-10864,B196,2025-04-26,2025-05-26,26500.0,False,False,2025-06-18,23.0,paid
INV-07480,B139,2025-04-26,2025-05-26,16400.0,False,False,2025-05-23,-3.0,paid
INV-03872,B073,2025-04-26,2025-06-10,46000.0,False,False,2025-07-09,29.0,paid
INV-08450,B159,2025-04-26,2025-06-10,135300.0,False,False,2025-07-03,23.0,paid
INV-10277,B186,2025-04-26,2025-06-10,129300.0,False,False,2025-06-24,14.0,paid
INV-00888,B017,2025-04-26,2025-05-26,40200.0,True,False,2025-06-14,19.0,paid
INV-09268,B172,2025-04-26,2025-06-10,48500.0,False,False,2025-06-21,11.0,paid
INV-05944,B104,2025-04-26,2025-05-26,67500.0,True,True,2025-07-06,41.0,paid
INV-04630,B087,2025-04-27,2025-06-11,23000.0,False,False,2025-06-08,-3.0,paid
INV-04252,B081,2025-04-27,2025-05-27,18900.0,False,False,2025-06-17,21.0,paid
INV-03160,B060,2025-04-27,2025-06-11,20500.0,False,False,2025-06-12,1.0,paid
INV-11676,B211,2025-04-27,2025-06-11,146800.0,False,False,2025-08-07,57.0,paid
INV-01635,B029,2025-04-27,2025-06-11,26200.0,True,False,2025-07-12,31.0,paid
INV-07819,B144,2025-04-27,2025-05-27,70800.0,False,False,2025-06-16,20.0,paid
INV-08223,B154,2025-04-27,2025-06-11,68700.0,False,False,2025-08-19,69.0,paid
INV-07989,B147,2025-04-27,2025-05-27,17000.0,False,False,2025-06-18,22.0,paid
INV-04253,B081,2025-04-27,2025-05-27,26900.0,False,False,2025-06-25,29.0,paid
INV-07481,B139,2025-04-27,2025-05-27,40900.0,True,False,2025-07-22,56.0,paid
INV-07545,B140,2025-04-27,2025-06-11,8700.0,False,False,2025-06-22,11.0,paid
INV-09118,B169,2025-04-27,2025-05-27,35100.0,False,False,2025-06-13,17.0,paid
INV-03580,B068,2025-04-28,2025-05-28,110800.0,False,False,2025-05-18,-10.0,paid
INV-04432,B085,2025-04-28,2025-05-28,84600.0,False,True,2025-06-27,30.0,paid
INV-07482,B139,2025-04-28,2025-05-28,74600.0,False,False,2025-06-07,10.0,paid
INV-09909,B182,2025-04-28,2025-05-28,28500.0,False,False,2025-05-18,-10.0,paid
INV-07587,B141,2025-04-29,2025-05-29,95800.0,False,False,2025-06-14,16.0,paid
INV-10910,B197,2025-04-29,2025-06-13,68300.0,False,False,2025-07-29,46.0,paid
INV-11825,B212,2025-04-29,2025-06-13,34600.0,False,True,2025-06-28,15.0,paid
INV-06877,B126,2025-04-29,2025-06-13,144900.0,False,False,2025-06-17,4.0,paid
INV-12065,B217,2025-04-29,2025-06-13,87000.0,False,False,2025-07-06,23.0,paid
INV-05945,B104,2025-04-29,2025-05-29,124600.0,False,False,2025-05-29,0.0,paid
INV-03650,B069,2025-04-29,2025-05-29,123300.0,False,False,2025-07-03,35.0,paid
INV-01315,B023,2025-04-29,2025-06-13,24900.0,False,False,2025-07-02,19.0,paid
INV-10911,B197,2025-04-29,2025-06-13,28200.0,False,False,2025-07-05,22.0,paid
INV-04133,B078,2025-04-29,2025-05-29,10900.0,False,False,2025-06-13,15.0,paid
INV-10751,B194,2025-04-29,2025-06-13,222400.0,False,False,2025-06-26,13.0,paid
INV-07820,B144,2025-04-30,2025-05-30,52800.0,False,False,2025-06-25,26.0,paid
INV-00707,B014,2025-04-30,2025-05-30,62100.0,False,False,2025-05-25,-5.0,paid
INV-02816,B054,2025-04-30,2025-05-30,30600.0,True,False,2025-07-09,40.0,paid
INV-02038,B038,2025-04-30,2025-05-30,38400.0,False,False,2025-06-16,17.0,paid
INV-03122,B059,2025-04-30,2025-06-14,9400.0,False,False,2025-07-11,27.0,paid
INV-08138,B150,2025-04-30,2025-06-14,83300.0,False,False,2025-07-11,27.0,paid
INV-06295,B110,2025-05-01,2025-05-31,26500.0,False,False,2025-07-22,52.0,paid
INV-00112,B002,2025-05-01,2025-05-31,265200.0,False,True,2025-06-11,11.0,paid
INV-07689,B143,2025-05-01,2025-06-15,13500.0,False,False,2025-06-13,-2.0,paid
INV-04098,B077,2025-05-01,2025-06-15,104900.0,False,False,2025-07-03,18.0,paid
INV-09512,B175,2025-05-01,2025-05-31,45400.0,False,False,2025-05-22,-9.0,paid
INV-07065,B132,2025-05-01,2025-06-15,39800.0,False,True,2025-06-25,10.0,paid
INV-05337,B097,2025-05-01,2025-05-31,31600.0,False,False,2025-05-24,-7.0,paid
INV-03921,B074,2025-05-01,2025-05-31,9500.0,False,False,2025-06-16,16.0,paid
INV-03452,B067,2025-05-01,2025-05-31,48700.0,False,False,2025-05-28,-3.0,paid
INV-02646,B051,2025-05-01,2025-05-31,87800.0,False,False,2025-06-24,24.0,paid
INV-10155,B185,2025-05-01,2025-06-15,83400.0,False,True,2025-07-23,38.0,paid
INV-05946,B104,2025-05-01,2025-05-31,24800.0,True,False,2025-06-11,11.0,paid
INV-07483,B139,2025-05-02,2025-06-01,40300.0,False,False,2025-06-21,20.0,paid
INV-01981,B037,2025-05-02,2025-06-16,219200.0,False,False,2025-06-27,11.0,paid
INV-00113,B002,2025-05-02,2025-06-01,189600.0,False,False,2025-06-07,6.0,paid
INV-01316,B023,2025-05-02,2025-06-16,56500.0,False,False,2025-07-09,23.0,paid
INV-01980,B037,2025-05-02,2025-06-16,137600.0,False,False,2025-06-21,5.0,paid
INV-11252,B203,2025-05-02,2025-06-01,4500.0,False,False,2025-08-04,64.0,paid
INV-12130,B218,2025-05-02,2025-06-16,64100.0,False,False,2025-07-07,21.0,paid
INV-07613,B142,2025-05-02,2025-06-01,34800.0,False,False,2025-07-02,31.0,paid
INV-05744,B101,2025-05-02,2025-06-16,61700.0,False,False,2025-07-18,32.0,paid
INV-05338,B097,2025-05-02,2025-06-01,67700.0,False,False,2025-06-19,18.0,paid
INV-01809,B033,2025-05-03,2025-06-17,19800.0,False,False,2025-07-21,34.0,paid
INV-03123,B059,2025-05-03,2025-06-17,4400.0,False,True,2025-07-27,40.0,paid
INV-02456,B047,2025-05-03,2025-06-02,32400.0,False,False,2025-05-23,-10.0,paid
INV-03161,B060,2025-05-03,2025-06-17,34500.0,False,False,2025-06-20,3.0,paid
INV-05432,B098,2025-05-03,2025-06-02,11800.0,False,False,2025-05-23,-10.0,paid
INV-10956,B198,2025-05-03,2025-06-17,17400.0,False,False,2025-08-06,50.0,paid
INV-05614,B100,2025-05-03,2025-06-02,84900.0,False,False,2025-06-25,23.0,paid
INV-01466,B025,2025-05-03,2025-06-17,14200.0,False,False,2025-07-18,31.0,paid
INV-00846,B016,2025-05-03,2025-06-17,14400.0,False,False,2025-06-27,10.0,paid
INV-05948,B104,2025-05-03,2025-06-02,206700.0,False,False,2025-06-13,11.0,paid
INV-05947,B104,2025-05-03,2025-06-02,58500.0,False,False,2025-06-07,5.0,paid
INV-09513,B175,2025-05-03,2025-06-02,22500.0,False,False,2025-06-04,2.0,paid
INV-02367,B045,2025-05-03,2025-06-17,30200.0,False,False,2025-07-15,28.0,paid
INV-01708,B030,2025-05-03,2025-06-02,277200.0,False,False,2025-06-06,4.0,paid
INV-09215,B171,2025-05-03,2025-06-02,314200.0,False,False,2025-06-20,18.0,paid
INV-10278,B186,2025-05-04,2025-06-18,148000.0,False,False,2025-07-05,17.0,paid
INV-03453,B067,2025-05-04,2025-06-03,21700.0,False,False,2025-05-24,-10.0,paid
INV-10912,B197,2025-05-04,2025-06-18,107500.0,False,False,2025-08-02,45.0,paid
INV-00784,B015,2025-05-04,2025-06-03,166500.0,False,True,2025-06-19,16.0,paid
INV-10647,B192,2025-05-04,2025-06-18,7400.0,False,False,2025-06-08,-10.0,paid
INV-04893,B090,2025-05-04,2025-06-18,209400.0,False,False,2025-07-04,16.0,paid
INV-11385,B205,2025-05-04,2025-06-18,37600.0,False,False,2025-06-25,7.0,paid
INV-11826,B212,2025-05-05,2025-06-19,51200.0,False,False,2025-06-11,-8.0,paid
INV-09910,B182,2025-05-05,2025-06-04,103900.0,False,True,2025-06-07,3.0,paid
INV-04134,B078,2025-05-05,2025-06-04,14300.0,False,False,2025-06-19,15.0,paid
INV-02647,B051,2025-05-05,2025-06-04,60300.0,False,True,2025-07-11,37.0,paid
INV-05339,B097,2025-05-05,2025-06-04,88700.0,False,False,2025-06-14,10.0,paid
INV-11982,B214,2025-05-05,2025-06-19,117500.0,False,False,2025-08-05,47.0,paid
INV-01215,B021,2025-05-05,2025-06-19,7400.0,False,False,2025-07-06,17.0,paid
INV-09402,B174,2025-05-05,2025-06-04,17100.0,False,False,2025-06-01,-3.0,paid
INV-02039,B038,2025-05-05,2025-06-04,38800.0,False,False,2025-06-23,19.0,paid
INV-07392,B138,2025-05-05,2025-06-04,61900.0,False,False,2025-07-13,39.0,paid
INV-03454,B067,2025-05-05,2025-06-04,40800.0,False,True,2025-09-20,108.0,paid
INV-07391,B138,2025-05-05,2025-06-04,64300.0,False,False,2025-07-17,43.0,paid
INV-00434,B008,2025-05-06,2025-06-20,37700.0,False,False,2025-07-04,14.0,paid
INV-04135,B078,2025-05-06,2025-06-05,6400.0,False,False,2025-06-02,-3.0,paid
INV-01886,B035,2025-05-06,2025-06-20,36400.0,True,False,2025-07-27,37.0,paid
INV-07690,B143,2025-05-06,2025-06-20,14200.0,False,False,2025-07-01,11.0,paid
INV-11253,B203,2025-05-06,2025-06-05,10100.0,False,False,2025-08-20,76.0,paid
INV-08399,B158,2025-05-06,2025-06-20,35200.0,False,True,2025-09-16,88.0,paid
INV-03336,B065,2025-05-06,2025-06-05,56400.0,False,False,2025-06-30,25.0,paid
INV-09836,B181,2025-05-06,2025-06-20,60100.0,False,False,2025-07-02,12.0,paid
INV-06393,B114,2025-05-06,2025-06-20,6400.0,False,False,2025-07-06,16.0,paid
INV-08451,B159,2025-05-06,2025-06-20,122300.0,False,False,2025-07-16,26.0,paid
INV-03651,B069,2025-05-06,2025-06-05,49300.0,False,False,2025-06-20,15.0,paid
INV-01810,B033,2025-05-06,2025-06-20,20600.0,True,False,2025-09-03,75.0,paid
INV-10369,B187,2025-05-06,2025-06-05,105400.0,False,False,2025-06-22,17.0,paid
INV-04952,B091,2025-05-07,2025-06-06,7200.0,False,False,2025-06-28,22.0,paid
INV-08814,B165,2025-05-07,2025-06-06,10900.0,False,False,2025-06-05,-1.0,paid
INV-11677,B211,2025-05-07,2025-06-21,253500.0,False,False,2025-08-06,46.0,paid
INV-08671,B162,2025-05-07,2025-06-06,9000.0,False,False,2025-07-16,40.0,paid
INV-08672,B162,2025-05-07,2025-06-06,14700.0,False,False,2025-07-21,45.0,paid
INV-05051,B093,2025-05-07,2025-06-21,125300.0,True,False,2025-08-06,46.0,paid
INV-11386,B205,2025-05-07,2025-06-21,78200.0,False,False,2025-06-29,8.0,paid
INV-12131,B218,2025-05-07,2025-06-21,50600.0,False,False,2025-07-12,21.0,paid
INV-04894,B090,2025-05-07,2025-06-21,121600.0,False,False,2025-07-08,17.0,paid
INV-05052,B093,2025-05-07,2025-06-21,36000.0,False,False,2025-06-28,7.0,paid
INV-03652,B069,2025-05-07,2025-06-06,42100.0,False,False,2025-07-09,33.0,paid
INV-10019,B183,2025-05-07,2025-06-21,70200.0,False,False,2025-07-29,38.0,paid
INV-05615,B100,2025-05-07,2025-06-06,26700.0,False,False,2025-07-06,30.0,paid
INV-01709,B030,2025-05-07,2025-06-06,103400.0,False,False,2025-08-09,64.0,paid
INV-07273,B136,2025-05-07,2025-06-06,71200.0,False,False,2025-06-17,11.0,paid
INV-04136,B078,2025-05-07,2025-06-06,21500.0,False,False,2025-06-13,7.0,paid
INV-11012,B199,2025-05-07,2025-06-21,5900.0,False,False,2025-06-11,-10.0,paid
INV-11097,B200,2025-05-08,2025-06-07,43300.0,False,True,2025-07-07,30.0,paid
INV-00965,B018,2025-05-08,2025-06-07,19900.0,False,False,2025-07-16,39.0,paid
INV-05616,B100,2025-05-08,2025-06-07,101000.0,False,False,2025-07-08,31.0,paid
INV-10370,B187,2025-05-08,2025-06-07,60600.0,False,False,2025-06-21,14.0,paid
INV-09175,B170,2025-05-08,2025-06-22,21200.0,False,False,2025-08-26,65.0,paid
INV-04376,B084,2025-05-08,2025-06-22,11000.0,False,False,2025-07-25,33.0,paid
INV-10806,B195,2025-05-08,2025-06-07,13600.0,False,False,2025-07-17,40.0,paid
INV-00278,B005,2025-05-08,2025-06-07,26800.0,False,False,2025-06-03,-4.0,paid
INV-07484,B139,2025-05-08,2025-06-07,54700.0,False,False,2025-10-05,120.0,paid
INV-11254,B203,2025-05-08,2025-06-07,3800.0,False,False,2025-07-28,51.0,paid
INV-00574,B011,2025-05-08,2025-06-22,24300.0,False,False,2025-07-04,12.0,paid
INV-06670,B120,2025-05-09,2025-06-23,21400.0,False,False,2025-07-03,10.0,paid
INV-05949,B104,2025-05-09,2025-06-08,193300.0,False,False,2025-08-21,74.0,paid
INV-08582,B161,2025-05-09,2025-06-08,73600.0,False,False,2025-06-26,18.0,paid
INV-09642,B177,2025-05-09,2025-06-23,56500.0,True,False,2025-08-08,46.0,paid
INV-07485,B139,2025-05-09,2025-06-08,43600.0,False,False,2025-06-16,8.0,paid
INV-09801,B180,2025-05-09,2025-06-08,5100.0,False,False,2025-06-27,19.0,paid
INV-10807,B195,2025-05-09,2025-06-08,14200.0,False,False,2025-07-10,32.0,paid
INV-09514,B175,2025-05-09,2025-06-08,108900.0,False,False,2025-06-07,-1.0,paid
INV-05745,B101,2025-05-09,2025-06-23,41500.0,False,False,2025-07-19,26.0,paid
INV-05746,B101,2025-05-09,2025-06-23,40400.0,False,False,2025-07-20,27.0,paid
INV-06671,B120,2025-05-10,2025-06-24,16100.0,False,False,2025-07-04,10.0,paid
INV-09592,B176,2025-05-10,2025-06-24,12600.0,False,False,2025-07-15,21.0,paid
INV-00785,B015,2025-05-10,2025-06-09,83000.0,False,False,2025-06-08,-1.0,paid
INV-03373,B066,2025-05-10,2025-06-24,127000.0,False,True,2025-07-24,30.0,paid
INV-08993,B168,2025-05-10,2025-06-24,45800.0,False,False,2025-07-09,15.0,paid
INV-06947,B129,2025-05-10,2025-06-24,79800.0,False,False,2025-07-06,12.0,paid
INV-04039,B076,2025-05-10,2025-06-24,115400.0,False,False,2025-07-31,37.0,paid
INV-03967,B075,2025-05-10,2025-06-24,57700.0,False,False,2025-07-15,21.0,paid
INV-11013,B199,2025-05-10,2025-06-24,27600.0,False,False,2025-06-15,-9.0,paid
INV-09119,B169,2025-05-10,2025-06-09,51500.0,False,False,2025-07-03,24.0,paid
INV-04377,B084,2025-05-10,2025-06-24,14400.0,False,False,2025-08-07,44.0,paid
INV-03721,B070,2025-05-10,2025-06-24,46900.0,False,False,2025-07-16,22.0,paid
INV-01260,B022,2025-05-10,2025-06-09,11100.0,False,False,2025-07-25,46.0,paid
INV-07486,B139,2025-05-10,2025-06-09,112500.0,False,False,2025-07-05,26.0,paid
INV-05950,B104,2025-05-10,2025-06-09,65300.0,True,False,2025-07-05,26.0,paid
INV-05053,B093,2025-05-10,2025-06-24,42900.0,False,False,2025-07-09,15.0,paid
INV-08583,B161,2025-05-11,2025-06-10,82900.0,False,False,2025-06-19,9.0,paid
INV-10020,B183,2025-05-11,2025-06-25,128800.0,False,False,2025-08-03,39.0,paid
INV-03455,B067,2025-05-11,2025-06-10,140800.0,False,False,2025-06-11,1.0,paid
INV-08057,B148,2025-05-11,2025-06-10,14400.0,False,False,2025-06-23,13.0,paid
INV-01710,B030,2025-05-11,2025-06-10,98200.0,False,True,2025-06-20,10.0,paid
INV-04741,B088,2025-05-11,2025-06-10,21600.0,False,False,2025-06-10,0.0,paid
INV-04433,B085,2025-05-11,2025-06-10,59100.0,False,False,2025-06-25,15.0,paid
INV-08994,B168,2025-05-11,2025-06-25,31500.0,False,False,2025-07-14,19.0,paid
INV-03191,B061,2025-05-11,2025-06-10,32300.0,False,False,2025-05-31,-10.0,paid
INV-10568,B190,2025-05-11,2025-06-25,87600.0,False,False,2025-08-03,39.0,paid
INV-05340,B097,2025-05-11,2025-06-10,53000.0,False,False,2025-06-14,4.0,paid
INV-04099,B077,2025-05-11,2025-06-25,65300.0,False,False,2025-06-29,4.0,paid
INV-05951,B104,2025-05-11,2025-06-10,65100.0,False,False,2025-05-31,-10.0,paid
INV-08190,B152,2025-05-11,2025-06-25,52900.0,False,False,2025-07-13,18.0,paid
INV-10441,B188,2025-05-11,2025-06-10,13300.0,False,False,2025-06-24,14.0,paid
INV-07546,B140,2025-05-11,2025-06-25,4800.0,False,False,2025-06-19,-6.0,paid
INV-02457,B047,2025-05-12,2025-06-11,121700.0,False,False,2025-06-17,6.0,paid
INV-12066,B217,2025-05-12,2025-06-26,33200.0,False,True,2025-07-13,17.0,paid
INV-02755,B053,2025-05-12,2025-06-11,32500.0,False,False,2025-06-10,-1.0,paid
INV-02754,B053,2025-05-12,2025-06-11,93800.0,False,False,2025-06-22,11.0,paid
INV-11387,B205,2025-05-12,2025-06-26,85200.0,False,False,2025-07-12,16.0,paid
INV-09269,B172,2025-05-12,2025-06-26,45900.0,False,False,2025-07-02,6.0,paid
INV-03815,B072,2025-05-12,2025-06-11,20600.0,False,False,2025-06-27,16.0,paid
INV-03816,B072,2025-05-12,2025-06-11,82100.0,True,False,2025-07-16,35.0,paid
INV-02648,B051,2025-05-13,2025-06-12,36800.0,False,False,2025-06-26,14.0,paid
INV-00967,B018,2025-05-13,2025-06-12,51500.0,False,False,2025-07-19,37.0,paid
INV-07588,B141,2025-05-13,2025-06-12,100700.0,False,False,2025-07-09,27.0,paid
INV-04100,B077,2025-05-13,2025-06-27,37400.0,False,False,2025-06-25,-2.0,paid
INV-07487,B139,2025-05-13,2025-06-12,58800.0,False,False,2025-07-02,20.0,paid
INV-00966,B018,2025-05-13,2025-06-12,29900.0,False,False,2025-07-24,42.0,paid
INV-00604,B012,2025-05-13,2025-06-27,40900.0,False,False,2025-07-23,26.0,paid
INV-03968,B075,2025-05-13,2025-06-27,207800.0,True,False,2025-08-02,36.0,paid
INV-07327,B137,2025-05-14,2025-06-28,77800.0,False,False,2025-06-27,-1.0,paid
INV-12132,B218,2025-05-14,2025-06-28,139300.0,False,False,2025-07-28,30.0,paid
INV-04742,B088,2025-05-14,2025-06-13,20500.0,False,True,2025-06-18,5.0,paid
INV-07066,B132,2025-05-14,2025-06-28,108900.0,False,False,2025-06-26,-2.0,paid
INV-04434,B085,2025-05-14,2025-06-13,90000.0,False,False,2025-06-29,16.0,paid
INV-09911,B182,2025-05-14,2025-06-13,16500.0,False,False,2025-06-03,-10.0,paid
INV-04530,B086,2025-05-14,2025-06-28,311000.0,False,False,2025-07-01,3.0,paid
INV-00847,B016,2025-05-14,2025-06-28,41600.0,False,False,2025-07-10,12.0,paid
INV-07224,B135,2025-05-14,2025-06-28,38400.0,False,False,2025-08-01,34.0,paid
INV-08058,B148,2025-05-14,2025-06-13,5900.0,False,False,2025-06-19,6.0,paid
INV-00435,B008,2025-05-14,2025-06-28,32200.0,False,False,2025-07-08,10.0,paid
INV-04378,B084,2025-05-14,2025-06-28,11500.0,False,False,2025-07-30,32.0,paid
INV-11255,B203,2025-05-14,2025-06-13,4600.0,False,True,2025-08-15,63.0,paid
INV-09216,B171,2025-05-15,2025-06-14,434700.0,False,True,2025-07-31,47.0,paid
INV-11593,B209,2025-05-15,2025-06-29,74500.0,True,False,2025-08-24,56.0,paid
INV-00968,B018,2025-05-15,2025-06-14,26200.0,False,False,2025-07-28,44.0,paid
INV-10599,B191,2025-05-15,2025-06-14,39700.0,False,False,2025-07-08,24.0,paid
INV-08059,B148,2025-05-15,2025-06-14,29900.0,False,True,2025-07-08,24.0,paid
INV-05433,B098,2025-05-15,2025-06-14,27000.0,False,False,2025-06-04,-10.0,paid
INV-04040,B076,2025-05-15,2025-06-29,59700.0,False,False,2025-07-29,30.0,paid
INV-07922,B145,2025-05-15,2025-06-29,8100.0,False,False,2025-06-24,-5.0,paid
INV-12189,B219,2025-05-15,2025-06-14,5500.0,False,False,2025-06-11,-3.0,paid
INV-03653,B069,2025-05-15,2025-06-14,78800.0,False,False,2025-07-14,30.0,paid
INV-07012,B131,2025-05-16,2025-06-30,67900.0,False,True,2025-07-21,21.0,paid
INV-01711,B030,2025-05-16,2025-06-15,69700.0,False,True,2025-06-18,3.0,paid
INV-11442,B206,2025-05-16,2025-06-30,23300.0,False,False,2025-07-04,4.0,paid
INV-07488,B139,2025-05-16,2025-06-15,84800.0,False,False,2025-07-11,26.0,paid
INV-07990,B147,2025-05-16,2025-06-15,35500.0,True,False,2025-08-10,56.0,paid
INV-05617,B100,2025-05-16,2025-06-15,50400.0,False,False,2025-07-23,38.0,paid
INV-01636,B029,2025-05-16,2025-06-30,36800.0,False,False,2025-07-17,17.0,paid
INV-04379,B084,2025-05-16,2025-06-30,46600.0,False,False,2025-08-08,39.0,paid
INV-03192,B061,2025-05-16,2025-06-15,24900.0,False,False,2025-06-09,-6.0,paid
INV-05341,B097,2025-05-16,2025-06-15,114100.0,False,False,2025-07-06,21.0,paid
INV-02127,B039,2025-05-16,2025-06-30,12700.0,False,False,2025-07-20,20.0,paid
INV-06260,B109,2025-05-17,2025-06-16,58200.0,False,False,2025-07-16,30.0,paid
INV-00114,B002,2025-05-17,2025-06-16,101500.0,False,False,2025-06-12,-4.0,paid
INV-04743,B088,2025-05-17,2025-06-16,48300.0,False,False,2025-06-20,4.0,paid
INV-06432,B115,2025-05-17,2025-07-01,53700.0,False,False,2025-07-10,9.0,paid
INV-00786,B015,2025-05-17,2025-06-16,94200.0,False,False,2025-06-19,3.0,paid
INV-05342,B097,2025-05-18,2025-06-17,31800.0,False,False,2025-06-19,2.0,paid
INV-03817,B072,2025-05-18,2025-06-17,14800.0,False,False,2025-06-20,3.0,paid
INV-11641,B210,2025-05-18,2025-06-17,85300.0,False,False,2025-06-24,7.0,paid
INV-11256,B203,2025-05-18,2025-06-17,6600.0,False,False,2025-08-22,66.0,paid
INV-10279,B186,2025-05-18,2025-07-02,72500.0,False,False,2025-07-06,4.0,paid
INV-00279,B005,2025-05-18,2025-06-17,29100.0,False,False,2025-06-19,2.0,paid
INV-10371,B187,2025-05-18,2025-06-17,57100.0,False,False,2025-07-13,26.0,paid
INV-09316,B173,2025-05-18,2025-07-02,84900.0,False,False,2025-07-11,9.0,paid
INV-09701,B178,2025-05-18,2025-06-17,42800.0,False,False,2025-10-27,132.0,paid
INV-06394,B114,2025-05-19,2025-07-03,9500.0,False,False,2025-07-16,13.0,paid
INV-04839,B089,2025-05-19,2025-06-18,24300.0,False,False,2025-06-17,-1.0,paid
INV-02573,B050,2025-05-19,2025-06-18,69600.0,False,False,2025-08-11,54.0,paid
INV-06809,B123,2025-05-19,2025-07-03,178600.0,False,False,2025-08-20,48.0,paid
INV-01147,B020,2025-05-19,2025-06-18,69500.0,False,True,2025-07-09,21.0,paid
INV-11828,B212,2025-05-19,2025-07-03,60800.0,False,False,2025-07-10,7.0,paid
INV-11827,B212,2025-05-19,2025-07-03,167600.0,False,False,2025-07-13,10.0,paid
INV-05230,B096,2025-05-19,2025-07-03,96300.0,True,False,2025-09-23,82.0,paid
INV-05343,B097,2025-05-19,2025-06-18,37500.0,False,False,2025-06-18,0.0,paid
INV-08727,B163,2025-05-19,2025-06-18,34500.0,True,False,2025-08-08,51.0,paid
INV-04531,B086,2025-05-19,2025-07-03,250900.0,True,False,2025-08-10,38.0,paid
INV-03654,B069,2025-05-19,2025-06-18,15000.0,False,False,2025-07-08,20.0,paid
INV-05054,B093,2025-05-20,2025-07-04,39400.0,False,False,2025-07-12,8.0,paid
INV-07328,B137,2025-05-20,2025-07-04,58800.0,False,False,2025-06-27,-7.0,paid
INV-02984,B056,2025-05-20,2025-07-04,116100.0,False,False,2025-07-24,20.0,paid
INV-00889,B017,2025-05-20,2025-06-19,21400.0,False,False,2025-06-16,-3.0,paid
INV-07821,B144,2025-05-20,2025-06-19,52700.0,False,False,2025-06-09,-10.0,paid
INV-06468,B116,2025-05-20,2025-07-04,148700.0,False,False,2025-07-07,3.0,paid
INV-03722,B070,2025-05-20,2025-07-04,111100.0,False,False,2025-07-10,6.0,paid
INV-02506,B048,2025-05-20,2025-07-04,60700.0,False,False,2025-07-25,21.0,paid
INV-01712,B030,2025-05-20,2025-06-19,224900.0,False,False,2025-06-12,-7.0,paid
INV-11829,B212,2025-05-20,2025-07-04,47300.0,False,False,2025-06-30,-4.0,paid
INV-07691,B143,2025-05-20,2025-07-04,37500.0,False,False,2025-07-03,-1.0,paid
INV-00069,B001,2025-05-20,2025-07-04,17800.0,False,False,2025-08-10,37.0,paid
INV-08452,B159,2025-05-20,2025-07-04,89500.0,False,False,2025-07-20,16.0,paid
INV-08881,B167,2025-05-20,2025-06-19,90000.0,False,False,2025-07-04,15.0,paid
INV-07489,B139,2025-05-21,2025-06-20,36700.0,True,False,2025-08-05,46.0,paid
INV-07692,B143,2025-05-21,2025-07-05,10300.0,False,False,2025-09-17,74.0,paid
INV-09837,B181,2025-05-21,2025-07-05,109100.0,False,False,2025-07-28,23.0,paid
INV-03162,B060,2025-05-21,2025-07-05,30000.0,False,False,2025-07-09,4.0,paid
INV-01637,B029,2025-05-21,2025-07-05,66400.0,False,False,2025-08-01,27.0,paid
INV-11443,B206,2025-05-21,2025-07-05,20800.0,True,False,2025-08-16,42.0,paid
INV-02649,B051,2025-05-21,2025-06-20,69100.0,False,True,2025-07-22,32.0,paid
INV-08060,B148,2025-05-21,2025-06-20,5700.0,False,False,2025-07-05,15.0,paid
INV-03655,B069,2025-05-21,2025-06-20,42200.0,False,False,2025-07-21,31.0,paid
INV-09912,B182,2025-05-21,2025-06-20,37800.0,False,False,2025-06-21,1.0,paid
INV-06433,B115,2025-05-21,2025-07-05,44800.0,False,False,2025-07-23,18.0,paid
INV-03873,B073,2025-05-22,2025-07-06,106100.0,False,False,2025-07-31,25.0,paid
INV-10569,B190,2025-05-22,2025-07-06,73800.0,False,False,2025-08-05,30.0,paid
INV-03080,B058,2025-05-22,2025-07-06,237800.0,False,False,2025-08-09,34.0,paid
INV-02458,B047,2025-05-22,2025-06-21,70100.0,False,False,2025-09-10,81.0,paid
INV-00115,B002,2025-05-22,2025-06-21,232100.0,False,False,2025-07-01,10.0,paid
INV-05434,B098,2025-05-22,2025-06-21,24400.0,False,False,2025-06-11,-10.0,paid
INV-08453,B159,2025-05-22,2025-07-06,71800.0,False,False,2025-07-24,18.0,paid
INV-09515,B175,2025-05-22,2025-06-21,107100.0,False,False,2025-06-26,5.0,paid
INV-11830,B212,2025-05-22,2025-07-06,147400.0,False,False,2025-07-09,3.0,paid
INV-03048,B057,2025-05-23,2025-06-22,112000.0,False,False,2025-06-27,5.0,paid
INV-07115,B133,2025-05-23,2025-06-22,23300.0,False,False,2025-06-19,-3.0,paid
INV-02507,B048,2025-05-23,2025-07-07,60300.0,False,False,2025-08-03,27.0,paid
INV-07393,B138,2025-05-23,2025-06-22,30400.0,False,False,2025-07-16,24.0,paid
INV-11831,B212,2025-05-23,2025-07-07,176100.0,False,False,2025-07-19,12.0,paid
INV-06054,B105,2025-05-23,2025-06-22,29000.0,False,False,2025-06-27,5.0,paid
INV-10156,B185,2025-05-23,2025-07-07,100200.0,False,True,2025-08-28,52.0,paid
INV-05618,B100,2025-05-23,2025-06-22,44100.0,False,False,2025-07-16,24.0,paid
INV-09317,B173,2025-05-24,2025-07-08,75800.0,False,False,2025-07-30,22.0,paid
INV-06106,B107,2025-05-24,2025-07-08,59000.0,False,False,2025-07-16,8.0,paid
INV-03969,B075,2025-05-24,2025-07-08,81800.0,False,False,2025-07-31,23.0,paid
INV-06899,B127,2025-05-24,2025-06-23,36500.0,False,False,2025-07-11,18.0,paid
INV-01317,B023,2025-05-24,2025-07-08,23100.0,False,False,2025-07-29,21.0,paid
INV-07822,B144,2025-05-24,2025-06-23,38600.0,False,True,2025-06-29,6.0,paid
INV-07823,B144,2025-05-24,2025-06-23,120400.0,True,True,2025-08-04,42.0,paid
INV-09516,B175,2025-05-24,2025-06-23,126700.0,False,False,2025-06-27,4.0,paid
INV-01920,B036,2025-05-24,2025-07-08,120100.0,False,False,2025-08-05,28.0,paid
INV-09176,B170,2025-05-25,2025-07-09,11200.0,False,False,2025-09-03,56.0,paid
INV-07589,B141,2025-05-25,2025-06-24,209300.0,False,False,2025-07-15,21.0,paid
INV-08673,B162,2025-05-25,2025-06-24,28000.0,False,False,2025-09-10,78.0,paid
INV-00280,B005,2025-05-25,2025-06-24,36600.0,False,False,2025-06-28,4.0,paid
INV-08728,B163,2025-05-25,2025-06-24,26400.0,False,False,2025-07-14,20.0,paid
INV-08116,B149,2025-05-25,2025-06-24,507500.0,False,False,2025-08-08,45.0,paid
INV-00708,B014,2025-05-25,2025-06-24,34300.0,True,False,2025-07-12,18.0,paid
INV-03922,B074,2025-05-25,2025-06-24,12800.0,False,False,2025-06-29,5.0,paid
INV-04986,B092,2025-05-25,2025-07-09,16600.0,False,False,2025-06-29,-10.0,paid
INV-02985,B056,2025-05-25,2025-07-09,47200.0,False,False,2025-07-28,19.0,paid
INV-02986,B056,2025-05-25,2025-07-09,119300.0,False,False,2025-08-06,28.0,paid
INV-09517,B175,2025-05-25,2025-06-24,115600.0,False,False,2025-11-24,153.0,paid
INV-02459,B047,2025-05-25,2025-06-24,37900.0,False,True,2025-06-29,5.0,paid
INV-10499,B189,2025-05-25,2025-07-09,27700.0,False,False,2025-07-12,3.0,paid
INV-03723,B070,2025-05-26,2025-07-10,53900.0,False,False,2025-07-20,10.0,paid
INV-12133,B218,2025-05-26,2025-07-10,58700.0,False,False,2025-07-15,5.0,paid
INV-07923,B145,2025-05-26,2025-07-10,12000.0,False,False,2025-07-13,3.0,paid
INV-05435,B098,2025-05-26,2025-06-25,10700.0,False,False,2025-07-09,14.0,paid
INV-04631,B087,2025-05-26,2025-07-10,10700.0,False,False,2025-07-03,-7.0,paid
INV-01757,B031,2025-05-26,2025-06-25,21900.0,False,False,2025-07-17,22.0,paid
INV-01386,B024,2025-05-26,2025-06-25,234000.0,False,False,2025-06-15,-10.0,paid
INV-02508,B048,2025-05-26,2025-07-10,131600.0,False,False,2025-08-08,29.0,paid
INV-04137,B078,2025-05-26,2025-06-25,17400.0,False,False,2025-07-10,15.0,paid
INV-02756,B053,2025-05-26,2025-06-25,47900.0,False,False,2025-06-22,-3.0,paid
INV-03081,B058,2025-05-26,2025-07-10,167500.0,False,False,2025-08-13,34.0,paid
INV-08257,B155,2025-05-26,2025-07-10,19800.0,False,False,2025-07-20,10.0,paid
INV-00969,B018,2025-05-26,2025-06-25,17400.0,False,False,2025-08-07,43.0,paid
INV-10442,B188,2025-05-26,2025-06-25,8600.0,False,True,2025-07-25,30.0,paid
INV-00337,B006,2025-05-26,2025-07-10,80800.0,False,False,2025-07-14,4.0,paid
INV-11098,B200,2025-05-26,2025-06-25,9500.0,False,False,2025-07-11,16.0,paid
INV-04254,B081,2025-05-26,2025-06-25,23700.0,False,True,2025-08-01,37.0,paid
INV-11832,B212,2025-05-27,2025-07-11,168000.0,False,False,2025-07-14,3.0,paid
INV-02128,B039,2025-05-27,2025-07-11,7900.0,False,False,2025-07-28,17.0,paid
INV-11594,B209,2025-05-27,2025-07-11,79000.0,False,False,2025-07-25,14.0,paid
INV-06672,B120,2025-05-27,2025-07-11,69100.0,True,False,2025-08-02,22.0,paid
INV-05113,B094,2025-05-27,2025-07-11,56200.0,False,False,2025-07-10,-1.0,paid
INV-04380,B084,2025-05-27,2025-07-11,20400.0,False,True,2025-08-24,44.0,paid
INV-05112,B094,2025-05-27,2025-07-11,36200.0,False,False,2025-07-08,-3.0,paid
INV-01713,B030,2025-05-27,2025-06-26,143200.0,False,True,2025-07-03,7.0,paid
INV-02248,B041,2025-05-27,2025-07-11,71600.0,False,False,2025-07-17,6.0,paid
INV-11523,B207,2025-05-27,2025-06-26,49500.0,False,False,2025-07-01,5.0,paid
INV-02040,B038,2025-05-27,2025-06-26,19700.0,False,False,2025-07-18,22.0,paid
INV-08674,B162,2025-05-27,2025-06-26,9700.0,False,False,2025-08-17,52.0,paid
INV-04532,B086,2025-05-27,2025-07-11,216700.0,False,False,2025-07-08,-3.0,paid
INV-01216,B021,2025-05-28,2025-07-12,30900.0,False,False,2025-09-20,70.0,paid
INV-03456,B067,2025-05-28,2025-06-27,46600.0,True,False,2025-07-03,6.0,paid
INV-04255,B081,2025-05-28,2025-06-27,39700.0,False,False,2025-08-01,35.0,paid
INV-10280,B186,2025-05-28,2025-07-12,77900.0,False,False,2025-07-18,6.0,paid
INV-01574,B028,2025-05-28,2025-07-12,5800.0,False,False,2025-08-04,23.0,paid
INV-03124,B059,2025-05-28,2025-07-12,16600.0,True,False,2025-12-01,142.0,paid
INV-02987,B056,2025-05-28,2025-07-12,87500.0,False,True,2025-08-03,22.0,paid
INV-01887,B035,2025-05-28,2025-07-12,50600.0,False,False,2025-07-23,11.0,paid
INV-00848,B016,2025-05-28,2025-07-12,53000.0,False,False,2025-07-22,10.0,paid
INV-10714,B193,2025-05-28,2025-07-12,25900.0,False,False,2025-08-10,29.0,paid
INV-05055,B093,2025-05-28,2025-07-12,44100.0,False,False,2025-07-29,17.0,paid
INV-01387,B024,2025-05-28,2025-06-27,309700.0,False,False,2025-07-03,6.0,paid
INV-03656,B069,2025-05-28,2025-06-27,18700.0,False,False,2025-07-12,15.0,paid
INV-02650,B051,2025-05-29,2025-06-28,93800.0,False,False,2025-07-20,22.0,paid
INV-01921,B036,2025-05-29,2025-07-13,18100.0,False,False,2025-08-04,22.0,paid
INV-09643,B177,2025-05-29,2025-07-13,34500.0,False,False,2025-09-16,65.0,paid
INV-10443,B188,2025-05-29,2025-06-28,27000.0,False,False,2025-07-06,8.0,paid
INV-05502,B099,2025-05-29,2025-06-28,237900.0,False,False,2025-07-27,29.0,paid
INV-10570,B190,2025-05-29,2025-07-13,97400.0,False,False,2025-08-27,45.0,paid
INV-07329,B137,2025-05-29,2025-07-13,152300.0,False,False,2025-07-08,-5.0,paid
INV-08061,B148,2025-05-29,2025-06-28,6500.0,False,False,2025-11-05,130.0,paid
INV-05619,B100,2025-05-29,2025-06-28,79400.0,False,False,2025-08-01,34.0,paid
INV-01638,B029,2025-05-30,2025-07-14,32900.0,False,False,2025-08-01,18.0,paid
INV-06948,B129,2025-05-30,2025-07-14,76100.0,False,False,2025-07-10,-4.0,paid
INV-04744,B088,2025-05-30,2025-06-29,69900.0,False,False,2025-06-28,-1.0,paid
INV-11833,B212,2025-05-30,2025-07-14,86100.0,False,False,2025-07-10,-4.0,paid
INV-03970,B075,2025-05-30,2025-07-14,49600.0,False,False,2025-07-30,16.0,paid
INV-01982,B037,2025-05-30,2025-07-14,181200.0,False,False,2025-12-08,147.0,paid
INV-02209,B040,2025-05-30,2025-06-29,43300.0,False,True,2025-07-11,12.0,paid
INV-06107,B107,2025-05-31,2025-07-15,79800.0,False,False,2025-07-14,-1.0,paid
INV-09913,B182,2025-05-31,2025-06-30,40000.0,False,False,2025-07-11,11.0,paid
INV-08224,B154,2025-05-31,2025-07-15,54000.0,False,False,2025-07-17,2.0,paid
INV-08882,B167,2025-05-31,2025-06-30,23700.0,False,False,2025-07-05,5.0,paid
INV-06108,B107,2025-05-31,2025-07-15,94600.0,False,False,2025-07-16,1.0,paid
INV-11444,B206,2025-05-31,2025-07-15,14000.0,False,False,2025-07-15,0.0,paid
INV-01467,B025,2025-05-31,2025-07-15,8900.0,False,False,2025-08-08,24.0,paid
INV-11524,B207,2025-05-31,2025-06-30,29300.0,False,False,2025-07-05,5.0,paid
INV-06878,B126,2025-05-31,2025-07-15,165000.0,False,False,2025-07-18,3.0,paid
INV-06395,B114,2025-05-31,2025-07-15,5200.0,False,True,2025-08-05,21.0,paid
INV-09914,B182,2025-06-01,2025-07-01,43400.0,False,False,2025-07-07,6.0,paid
INV-00605,B012,2025-06-01,2025-07-16,30200.0,False,False,2025-07-19,3.0,paid
INV-09762,B179,2025-06-01,2025-07-01,20000.0,False,False,2025-07-31,30.0,paid
INV-10571,B190,2025-06-01,2025-07-16,114200.0,False,True,2025-09-04,50.0,paid
INV-05952,B104,2025-06-01,2025-07-01,95400.0,False,False,2025-07-02,1.0,paid
INV-07490,B139,2025-06-01,2025-07-01,104400.0,False,False,2025-07-08,7.0,paid
INV-02574,B050,2025-06-01,2025-07-01,50600.0,False,False,2025-08-04,34.0,paid
INV-08062,B148,2025-06-01,2025-07-01,9600.0,False,False,2025-06-30,-1.0,paid
INV-10157,B185,2025-06-02,2025-07-17,173500.0,False,False,2025-08-31,45.0,paid
INV-10913,B197,2025-06-02,2025-07-17,85600.0,False,False,2025-09-03,48.0,paid
INV-03049,B057,2025-06-02,2025-07-02,73200.0,False,False,2025-06-24,-8.0,paid
INV-10957,B198,2025-06-02,2025-07-17,7200.0,False,False,2025-08-22,36.0,paid
INV-01062,B019,2025-06-02,2025-07-02,41400.0,False,False,2025-07-19,17.0,paid
INV-03971,B075,2025-06-02,2025-07-17,156300.0,False,False,2025-08-03,17.0,paid
INV-11678,B211,2025-06-02,2025-07-17,102700.0,False,True,2025-09-12,57.0,paid
INV-05953,B104,2025-06-02,2025-07-02,46500.0,False,False,2025-06-29,-3.0,paid
INV-07824,B144,2025-06-02,2025-07-02,55200.0,False,False,2025-07-10,8.0,paid
INV-04332,B083,2025-06-03,2025-07-18,21500.0,False,False,2025-08-06,19.0,paid
INV-02313,B043,2025-06-03,2025-07-18,77000.0,False,False,2025-08-06,19.0,paid
INV-00787,B015,2025-06-03,2025-07-03,71400.0,True,True,2025-07-24,21.0,paid
INV-00338,B006,2025-06-03,2025-07-18,220900.0,False,False,2025-08-03,16.0,paid
INV-04745,B088,2025-06-03,2025-07-03,58700.0,False,False,2025-06-29,-4.0,paid
INV-02269,B042,2025-06-03,2025-07-03,60500.0,False,True,2025-08-02,30.0,paid
INV-09593,B176,2025-06-03,2025-07-18,9600.0,False,False,2025-08-06,19.0,paid
INV-05503,B099,2025-06-03,2025-07-03,235200.0,False,False,2025-07-28,25.0,paid
INV-05504,B099,2025-06-03,2025-07-03,159900.0,False,True,2025-08-18,46.0,paid
INV-05056,B093,2025-06-03,2025-07-18,13300.0,False,True,2025-07-22,4.0,paid
INV-07274,B136,2025-06-03,2025-07-03,58400.0,False,False,2025-07-07,4.0,paid
INV-01468,B025,2025-06-03,2025-07-18,9200.0,False,False,2025-08-07,20.0,paid
INV-10808,B195,2025-06-03,2025-07-03,7300.0,False,False,2025-07-24,21.0,paid
INV-03874,B073,2025-06-03,2025-07-18,121500.0,False,False,2025-08-01,14.0,paid
INV-08584,B161,2025-06-03,2025-07-03,115700.0,False,False,2025-07-20,17.0,paid
INV-00890,B017,2025-06-04,2025-07-04,52200.0,False,False,2025-06-24,-10.0,paid
INV-10282,B186,2025-06-04,2025-07-19,132100.0,False,False,2025-07-26,7.0,paid
INV-04632,B087,2025-06-04,2025-07-19,14500.0,False,False,2025-07-17,-2.0,paid
INV-04198,B080,2025-06-04,2025-07-04,159400.0,False,False,2025-07-15,11.0,paid
INV-03657,B069,2025-06-04,2025-07-04,58800.0,False,False,2025-08-03,30.0,paid
INV-11388,B205,2025-06-04,2025-07-19,49300.0,False,False,2025-07-13,-6.0,paid
INV-07394,B138,2025-06-04,2025-07-04,34700.0,False,False,2025-08-05,32.0,paid
INV-10865,B196,2025-06-04,2025-07-04,24000.0,False,False,2025-07-29,25.0,paid
INV-00656,B013,2025-06-04,2025-07-19,12300.0,False,False,2025-08-20,32.0,paid
INV-10281,B186,2025-06-04,2025-07-19,302700.0,False,False,2025-08-10,22.0,paid
INV-08225,B154,2025-06-04,2025-07-19,108000.0,False,False,2025-07-25,6.0,paid
INV-08400,B158,2025-06-04,2025-07-19,17300.0,False,False,2025-10-04,77.0,paid
INV-11953,B213,2025-06-04,2025-07-19,12400.0,False,False,2025-07-13,-6.0,paid
INV-09518,B175,2025-06-05,2025-07-05,88500.0,False,False,2025-07-01,-4.0,paid
INV-11389,B205,2025-06-05,2025-07-20,70500.0,False,True,2025-07-28,8.0,paid
INV-07067,B132,2025-06-05,2025-07-20,83200.0,False,False,2025-07-18,-2.0,paid
INV-04435,B085,2025-06-05,2025-07-05,68300.0,False,False,2025-07-26,21.0,paid
INV-06770,B122,2025-06-05,2025-07-20,32200.0,False,False,2025-07-10,-10.0,paid
INV-10021,B183,2025-06-05,2025-07-20,43000.0,False,False,2025-08-14,25.0,paid
INV-06673,B120,2025-06-05,2025-07-20,78500.0,False,False,2025-08-08,19.0,paid
INV-04041,B076,2025-06-05,2025-07-20,77200.0,False,True,2025-08-21,32.0,paid
INV-05954,B104,2025-06-05,2025-07-05,162200.0,False,False,2025-07-16,11.0,paid
INV-02314,B043,2025-06-05,2025-07-20,36200.0,False,False,2025-08-20,31.0,paid
INV-11099,B200,2025-06-05,2025-07-05,16000.0,True,False,2025-08-02,28.0,paid
INV-07330,B137,2025-06-06,2025-07-21,136000.0,False,False,2025-07-14,-7.0,paid
INV-12067,B217,2025-06-06,2025-07-21,50200.0,False,True,2025-08-16,26.0,paid
INV-04381,B084,2025-06-06,2025-07-21,14500.0,False,False,2025-08-15,25.0,paid
INV-02651,B051,2025-06-06,2025-07-06,70000.0,False,False,2025-07-31,25.0,paid
INV-02652,B051,2025-06-06,2025-07-06,63800.0,False,False,2025-08-03,28.0,paid
INV-07693,B143,2025-06-06,2025-07-21,15500.0,False,False,2025-07-27,6.0,paid
INV-06055,B105,2025-06-06,2025-07-06,48500.0,False,False,2025-06-30,-6.0,paid
INV-08815,B165,2025-06-06,2025-07-06,6400.0,False,False,2025-07-02,-4.0,paid
INV-05436,B098,2025-06-06,2025-07-06,16700.0,False,False,2025-07-12,6.0,paid
INV-02210,B040,2025-06-06,2025-07-06,57200.0,False,False,2025-07-03,-3.0,paid
INV-02129,B039,2025-06-07,2025-07-22,12300.0,False,False,2025-08-01,10.0,paid
INV-05437,B098,2025-06-07,2025-07-07,15300.0,False,False,2025-08-07,31.0,paid
INV-04840,B089,2025-06-07,2025-07-07,64200.0,False,False,2025-10-04,89.0,paid
INV-07943,B146,2025-06-07,2025-07-07,67100.0,False,False,2025-07-16,9.0,paid
INV-09702,B178,2025-06-07,2025-07-07,11500.0,False,False,2025-07-18,11.0,paid
INV-10648,B192,2025-06-07,2025-07-22,16700.0,False,False,2025-07-15,-7.0,paid
INV-05057,B093,2025-06-07,2025-07-22,68000.0,False,False,2025-07-21,-1.0,paid
INV-05955,B104,2025-06-07,2025-07-07,280000.0,False,False,2025-07-18,11.0,paid
INV-09177,B170,2025-06-07,2025-07-22,24600.0,True,False,2025-11-10,111.0,paid
INV-08226,B154,2025-06-07,2025-07-22,91900.0,False,False,2025-07-21,-1.0,paid
INV-06056,B105,2025-06-08,2025-07-08,222100.0,False,False,2025-07-09,1.0,paid
INV-08139,B150,2025-06-08,2025-07-23,120600.0,False,False,2025-08-23,31.0,paid
INV-00478,B009,2025-06-08,2025-07-23,55000.0,False,False,2025-07-25,2.0,paid
INV-05956,B104,2025-06-08,2025-07-08,49400.0,False,False,2025-07-15,7.0,paid
INV-02537,B049,2025-06-08,2025-07-23,33600.0,False,False,2025-07-16,-7.0,paid
INV-07825,B144,2025-06-08,2025-07-08,28400.0,False,False,2025-07-10,2.0,paid
INV-02988,B056,2025-06-08,2025-07-23,35800.0,False,True,2025-08-20,28.0,paid
INV-00380,B007,2025-06-08,2025-07-08,309500.0,False,False,2025-08-10,33.0,paid
INV-08729,B163,2025-06-08,2025-07-08,27500.0,False,False,2025-07-24,16.0,paid
INV-00116,B002,2025-06-08,2025-07-08,93500.0,False,False,2025-07-12,4.0,paid
INV-10649,B192,2025-06-08,2025-07-23,11100.0,False,True,2025-10-10,79.0,paid
INV-02130,B039,2025-06-08,2025-07-23,28600.0,False,False,2025-08-01,9.0,paid
INV-10715,B193,2025-06-09,2025-07-24,58200.0,False,False,2025-08-22,29.0,paid
INV-04533,B086,2025-06-09,2025-07-24,157300.0,False,False,2025-07-22,-2.0,paid
INV-10283,B186,2025-06-09,2025-07-24,45600.0,False,False,2025-07-25,1.0,paid
INV-06983,B130,2025-06-09,2025-07-09,11200.0,False,True,2025-07-04,-5.0,paid
INV-06316,B111,2025-06-09,2025-07-24,72100.0,False,False,2025-08-08,15.0,paid
INV-00516,B010,2025-06-09,2025-07-24,5900.0,False,False,2025-07-19,-5.0,paid
INV-08816,B165,2025-06-09,2025-07-09,13000.0,False,False,2025-07-07,-2.0,paid
INV-11322,B204,2025-06-09,2025-07-09,150300.0,False,False,2025-08-10,32.0,paid
INV-06531,B118,2025-06-09,2025-07-09,11500.0,False,False,2025-08-08,30.0,paid
INV-07491,B139,2025-06-09,2025-07-09,47500.0,False,False,2025-07-22,13.0,paid
INV-07991,B147,2025-06-09,2025-07-09,36900.0,False,False,2025-07-31,22.0,paid
INV-04042,B076,2025-06-09,2025-07-24,77200.0,False,False,2025-08-15,22.0,paid
INV-05438,B098,2025-06-09,2025-07-09,8100.0,False,True,2025-08-17,39.0,paid
INV-01318,B023,2025-06-09,2025-07-24,21700.0,False,True,2025-08-15,22.0,paid
INV-02575,B050,2025-06-10,2025-07-10,70300.0,False,False,2025-08-17,38.0,paid
INV-08140,B150,2025-06-10,2025-07-25,137800.0,False,False,2025-08-15,21.0,paid
INV-03581,B068,2025-06-10,2025-07-10,46900.0,False,True,2025-07-09,-1.0,paid
INV-08883,B167,2025-06-10,2025-07-10,61300.0,False,False,2025-07-28,18.0,paid
INV-00849,B016,2025-06-10,2025-07-25,28600.0,False,False,2025-08-03,9.0,paid
INV-01922,B036,2025-06-10,2025-07-25,29200.0,True,False,2025-09-18,55.0,paid
INV-10650,B192,2025-06-10,2025-07-25,16200.0,False,False,2025-07-17,-8.0,paid
INV-01148,B020,2025-06-11,2025-07-11,135100.0,False,False,2025-08-13,33.0,paid
INV-11014,B199,2025-06-11,2025-07-26,6800.0,False,False,2025-07-16,-10.0,paid
INV-07225,B135,2025-06-11,2025-07-26,32400.0,False,False,2025-08-29,34.0,paid
INV-10158,B185,2025-06-11,2025-07-26,181700.0,False,False,2025-09-13,49.0,paid
INV-06838,B124,2025-06-11,2025-07-26,20400.0,False,False,2025-11-02,99.0,paid
INV-02653,B051,2025-06-11,2025-07-11,58100.0,False,False,2025-07-23,12.0,paid
INV-08309,B156,2025-06-11,2025-07-11,11700.0,False,False,2025-08-03,23.0,paid
INV-09217,B171,2025-06-11,2025-07-11,272400.0,False,False,2025-08-01,21.0,paid
INV-03658,B069,2025-06-11,2025-07-11,121200.0,False,False,2025-08-16,36.0,paid
INV-08454,B159,2025-06-11,2025-07-26,132000.0,False,False,2025-08-23,28.0,paid
INV-01319,B023,2025-06-11,2025-07-26,56400.0,False,False,2025-08-21,26.0,paid
INV-06771,B122,2025-06-11,2025-07-26,22000.0,False,False,2025-07-16,-10.0,paid
INV-09120,B169,2025-06-11,2025-07-11,115300.0,False,False,2025-07-27,16.0,paid
INV-09403,B174,2025-06-11,2025-07-11,53500.0,False,False,2025-07-03,-8.0,paid
INV-05165,B095,2025-06-12,2025-07-27,25200.0,False,False,2025-09-13,48.0,paid
INV-02891,B055,2025-06-12,2025-07-12,24600.0,False,False,2025-08-06,25.0,paid
INV-03374,B066,2025-06-12,2025-07-27,53000.0,False,False,2025-08-17,21.0,paid
INV-09838,B181,2025-06-12,2025-07-27,86400.0,False,False,2025-08-07,11.0,paid
INV-04534,B086,2025-06-12,2025-07-27,154200.0,False,True,2025-08-05,9.0,paid
INV-04895,B090,2025-06-12,2025-07-27,132000.0,False,False,2025-08-01,5.0,paid
INV-00117,B002,2025-06-12,2025-07-12,130900.0,False,False,2025-07-22,10.0,paid
INV-01063,B019,2025-06-12,2025-07-12,35100.0,False,False,2025-08-05,24.0,paid
INV-00339,B006,2025-06-12,2025-07-27,68600.0,True,False,2025-09-08,43.0,paid
INV-03818,B072,2025-06-12,2025-07-12,31800.0,True,False,2025-08-13,32.0,paid
INV-01844,B034,2025-06-12,2025-07-27,247600.0,False,True,2025-08-14,18.0,paid
INV-11834,B212,2025-06-12,2025-07-27,103500.0,False,False,2025-07-26,-1.0,paid
INV-11835,B212,2025-06-12,2025-07-27,42600.0,False,False,2025-07-31,4.0,paid
INV-01388,B024,2025-06-13,2025-07-13,272400.0,False,False,2025-07-12,-1.0,paid
INV-08995,B168,2025-06-13,2025-07-28,50600.0,False,False,2025-08-19,22.0,paid
INV-07694,B143,2025-06-13,2025-07-28,18800.0,False,False,2025-07-31,3.0,paid
INV-08359,B157,2025-06-13,2025-07-13,20000.0,True,False,2025-09-12,61.0,paid
INV-06674,B120,2025-06-13,2025-07-28,70100.0,False,False,2025-08-13,16.0,paid
INV-01320,B023,2025-06-13,2025-07-28,25300.0,False,False,2025-08-22,25.0,paid
INV-00850,B016,2025-06-13,2025-07-28,31400.0,False,False,2025-08-18,21.0,paid
INV-11836,B212,2025-06-13,2025-07-28,103700.0,False,False,2025-08-01,4.0,paid
INV-01539,B027,2025-06-13,2025-07-13,104300.0,False,False,2025-07-12,-1.0,paid
INV-02270,B042,2025-06-13,2025-07-13,139100.0,False,False,2025-08-06,24.0,paid
INV-08884,B167,2025-06-13,2025-07-13,38000.0,True,False,2025-09-17,66.0,paid
INV-04436,B085,2025-06-13,2025-07-13,74200.0,False,False,2025-08-01,19.0,paid
INV-10600,B191,2025-06-13,2025-07-13,83000.0,False,False,2025-08-14,32.0,paid
INV-07226,B135,2025-06-14,2025-07-29,69500.0,False,False,2025-08-21,23.0,paid
INV-10866,B196,2025-06-14,2025-07-14,66100.0,False,False,2025-08-23,40.0,paid
INV-09703,B178,2025-06-14,2025-07-14,35400.0,False,True,2025-08-12,29.0,paid
INV-00281,B005,2025-06-14,2025-07-14,49700.0,False,False,2025-07-19,5.0,paid
INV-04896,B090,2025-06-14,2025-07-29,83000.0,False,True,2025-08-05,7.0,paid
INV-09121,B169,2025-06-14,2025-07-14,28100.0,False,False,2025-07-30,16.0,paid
INV-10601,B191,2025-06-14,2025-07-14,36500.0,False,False,2025-07-31,17.0,paid
INV-11100,B200,2025-06-14,2025-07-14,22800.0,False,False,2025-07-23,9.0,paid
INV-02538,B049,2025-06-14,2025-07-29,79100.0,False,False,2025-08-01,3.0,paid
INV-03263,B063,2025-06-14,2025-07-14,16200.0,False,False,2025-07-25,11.0,paid
INV-10651,B192,2025-06-14,2025-07-29,19300.0,False,False,2025-07-19,-10.0,paid
INV-05344,B097,2025-06-14,2025-07-14,39400.0,False,False,2025-07-17,3.0,paid
INV-11679,B211,2025-06-15,2025-07-30,212700.0,False,False,2025-09-21,53.0,paid
INV-09404,B174,2025-06-15,2025-07-15,31900.0,False,False,2025-07-09,-6.0,paid
INV-06109,B107,2025-06-15,2025-07-30,73000.0,False,False,2025-07-30,0.0,paid
INV-05747,B101,2025-06-15,2025-07-30,80800.0,False,False,2025-08-30,31.0,paid
INV-02989,B056,2025-06-15,2025-07-30,138100.0,False,False,2025-08-24,25.0,paid
INV-03819,B072,2025-06-15,2025-07-15,63600.0,False,False,2025-07-29,14.0,paid
INV-05345,B097,2025-06-15,2025-07-15,207800.0,False,False,2025-07-19,4.0,paid
INV-01217,B021,2025-06-15,2025-07-30,4600.0,False,False,2025-08-01,2.0,paid
INV-02509,B048,2025-06-15,2025-07-30,41800.0,True,True,2025-10-07,69.0,paid
INV-05346,B097,2025-06-15,2025-07-15,51700.0,False,False,2025-07-19,4.0,paid
INV-11595,B209,2025-06-15,2025-07-30,50800.0,False,False,2025-08-07,8.0,paid
INV-11445,B206,2025-06-15,2025-07-30,14800.0,False,False,2025-08-08,9.0,paid
INV-01758,B031,2025-06-16,2025-07-16,37000.0,True,False,2025-09-06,52.0,paid
INV-10572,B190,2025-06-16,2025-07-31,67900.0,False,False,2025-09-06,37.0,paid
INV-08455,B159,2025-06-16,2025-07-31,94700.0,False,False,2025-08-21,21.0,paid
INV-00118,B002,2025-06-16,2025-07-16,232000.0,False,False,2025-07-25,9.0,paid
INV-08227,B154,2025-06-16,2025-07-31,46600.0,False,False,2025-07-26,-5.0,paid
INV-11257,B203,2025-06-16,2025-07-16,16500.0,False,True,2025-09-17,63.0,paid
INV-05231,B096,2025-06-16,2025-07-31,60300.0,False,False,2025-09-15,46.0,paid
INV-09839,B181,2025-06-16,2025-07-31,131700.0,True,False,2025-09-06,37.0,paid
INV-04841,B089,2025-06-16,2025-07-16,21600.0,False,False,2025-07-18,2.0,paid
INV-10159,B185,2025-06-16,2025-07-31,385200.0,False,True,2025-09-18,49.0,paid
INV-08585,B161,2025-06-16,2025-07-16,254300.0,False,True,2025-08-20,35.0,paid
INV-07227,B135,2025-06-17,2025-08-01,38300.0,False,True,2025-09-07,37.0,paid
INV-11446,B206,2025-06-17,2025-08-01,17600.0,False,False,2025-08-09,8.0,paid
INV-05748,B101,2025-06-17,2025-08-01,41500.0,True,True,2025-10-21,81.0,paid
INV-00119,B002,2025-06-17,2025-07-17,112100.0,False,False,2025-07-14,-3.0,paid
INV-03082,B058,2025-06-17,2025-08-01,49800.0,False,False,2025-08-29,28.0,paid
INV-08996,B168,2025-06-17,2025-08-01,50400.0,False,False,2025-08-11,10.0,paid
INV-07826,B144,2025-06-17,2025-07-17,46800.0,False,False,2025-07-14,-3.0,paid
INV-00970,B018,2025-06-17,2025-07-17,32300.0,False,False,2025-08-25,39.0,paid
INV-09270,B172,2025-06-17,2025-08-01,43200.0,False,True,2025-09-21,51.0,paid
INV-00517,B010,2025-06-17,2025-08-01,3100.0,False,False,2025-07-28,-4.0,paid
INV-10602,B191,2025-06-18,2025-07-18,93800.0,False,False,2025-08-15,28.0,paid
INV-11447,B206,2025-06-18,2025-08-02,90000.0,False,True,2025-08-27,25.0,paid
INV-02990,B056,2025-06-18,2025-08-02,82100.0,True,False,2025-09-07,36.0,paid
INV-02354,B044,2025-06-18,2025-07-18,50800.0,False,False,2025-08-03,16.0,paid
INV-01983,B037,2025-06-18,2025-08-02,196100.0,False,False,2025-08-12,10.0,paid
INV-05957,B104,2025-06-18,2025-07-18,182700.0,True,False,2025-07-30,12.0,paid
INV-10716,B193,2025-06-18,2025-08-02,90700.0,False,False,2025-08-26,24.0,paid
INV-04333,B083,2025-06-18,2025-08-02,18800.0,False,False,2025-08-16,14.0,paid
INV-04334,B083,2025-06-18,2025-08-02,67400.0,False,False,2025-09-01,30.0,paid
INV-08885,B167,2025-06-18,2025-07-18,23900.0,False,False,2025-07-29,11.0,paid
INV-09405,B174,2025-06-18,2025-07-18,77500.0,False,False,2025-07-15,-3.0,paid
INV-01261,B022,2025-06-18,2025-07-18,3000.0,False,True,2025-08-21,34.0,paid
INV-08360,B157,2025-06-18,2025-07-18,47600.0,False,False,2025-08-24,37.0,paid
INV-07695,B143,2025-06-19,2025-08-03,38000.0,False,False,2025-08-10,7.0,paid
INV-11525,B207,2025-06-19,2025-07-19,12000.0,False,False,2025-07-11,-8.0,paid
INV-00201,B003,2025-06-19,2025-07-19,16700.0,False,False,2025-08-16,28.0,paid
INV-10444,B188,2025-06-19,2025-07-19,33700.0,False,False,2025-07-30,11.0,paid
INV-01759,B031,2025-06-19,2025-07-19,19900.0,False,False,2025-12-28,162.0,paid
INV-05848,B103,2025-06-19,2025-08-03,40000.0,False,False,2025-08-10,7.0,paid
INV-00709,B014,2025-06-19,2025-07-19,62300.0,True,False,2025-08-28,40.0,paid
INV-04746,B088,2025-06-19,2025-07-19,32600.0,False,False,2025-07-21,2.0,paid
INV-04747,B088,2025-06-20,2025-07-20,13400.0,False,False,2025-07-18,-2.0,paid
INV-01888,B035,2025-06-20,2025-08-04,79400.0,False,False,2025-08-14,10.0,paid
INV-05620,B100,2025-06-20,2025-07-20,21300.0,False,False,2025-08-02,13.0,paid
INV-08586,B161,2025-06-20,2025-07-20,103500.0,False,False,2025-08-07,18.0,paid
INV-05439,B098,2025-06-20,2025-07-20,7600.0,False,True,2026-01-01,165.0,paid
INV-07331,B137,2025-06-20,2025-08-04,51400.0,False,True,2025-07-30,-5.0,paid
INV-08310,B156,2025-06-20,2025-07-20,13700.0,False,False,2025-08-06,17.0,paid
INV-01714,B030,2025-06-20,2025-07-20,42900.0,False,False,2025-07-14,-6.0,paid
INV-08587,B161,2025-06-20,2025-07-20,70000.0,False,True,2025-08-15,26.0,paid
INV-00971,B018,2025-06-20,2025-07-20,14400.0,False,False,2025-08-24,35.0,paid
INV-01984,B037,2025-06-20,2025-08-04,270900.0,False,False,2025-08-15,11.0,paid
INV-05958,B104,2025-06-20,2025-07-20,107900.0,False,False,2025-07-17,-3.0,paid
INV-05232,B096,2025-06-21,2025-08-05,60400.0,False,False,2025-08-31,26.0,paid
INV-07827,B144,2025-06-21,2025-07-21,32500.0,False,False,2025-07-11,-10.0,paid
INV-04535,B086,2025-06-21,2025-08-05,246800.0,False,True,2025-08-11,6.0,paid
INV-03582,B068,2025-06-21,2025-07-21,27800.0,False,False,2025-07-11,-10.0,paid
INV-04842,B089,2025-06-21,2025-07-21,45000.0,False,False,2025-07-26,5.0,paid
INV-10809,B195,2025-06-21,2025-07-21,30100.0,False,False,2025-08-27,37.0,paid
INV-06197,B108,2025-06-21,2025-07-21,35000.0,False,False,2025-08-06,16.0,paid
INV-03659,B069,2025-06-21,2025-07-21,22500.0,False,False,2025-08-18,28.0,paid
INV-07395,B138,2025-06-21,2025-07-21,80600.0,False,True,2025-09-07,48.0,paid
INV-02721,B052,2025-06-21,2025-07-21,76700.0,False,True,2025-09-25,66.0,paid
INV-02041,B038,2025-06-21,2025-07-21,113800.0,False,False,2025-08-13,23.0,paid
INV-06296,B110,2025-06-21,2025-07-21,20700.0,False,False,2025-07-26,5.0,paid
INV-05749,B101,2025-06-21,2025-08-05,97900.0,True,False,2025-10-14,70.0,paid
INV-03583,B068,2025-06-22,2025-07-22,73900.0,False,False,2025-07-12,-10.0,paid
INV-00381,B007,2025-06-22,2025-07-22,312400.0,False,False,2025-08-13,22.0,paid
INV-07828,B144,2025-06-22,2025-07-22,43400.0,False,False,2025-07-13,-9.0,paid
INV-07332,B137,2025-06-22,2025-08-06,73500.0,False,False,2025-07-27,-10.0,paid
INV-07830,B144,2025-06-22,2025-07-22,69600.0,False,True,2025-07-25,3.0,paid
INV-06469,B116,2025-06-22,2025-08-06,156600.0,False,False,2025-08-15,9.0,paid
INV-01575,B028,2025-06-22,2025-08-06,13400.0,False,False,2025-09-15,40.0,paid
INV-12068,B217,2025-06-22,2025-08-06,50300.0,False,False,2025-08-24,18.0,paid
INV-07829,B144,2025-06-22,2025-07-22,55600.0,False,True,2025-07-29,7.0,paid
INV-03457,B067,2025-06-22,2025-07-22,164700.0,False,False,2025-07-15,-7.0,paid
INV-02654,B051,2025-06-22,2025-07-22,99400.0,False,False,2025-08-13,22.0,paid
INV-10022,B183,2025-06-22,2025-08-06,128200.0,True,True,2025-10-13,68.0,paid
INV-04536,B086,2025-06-22,2025-08-06,101600.0,False,False,2025-07-27,-10.0,paid
INV-03083,B058,2025-06-22,2025-08-06,293600.0,False,False,2025-09-04,29.0,paid
INV-07228,B135,2025-06-22,2025-08-06,119600.0,False,False,2025-08-29,23.0,paid
INV-07944,B146,2025-06-23,2025-07-23,37900.0,True,False,2025-08-23,31.0,paid
INV-03660,B069,2025-06-23,2025-07-23,40400.0,False,False,2025-08-07,15.0,paid
INV-06532,B118,2025-06-23,2025-07-23,12600.0,False,True,2025-09-11,50.0,paid
INV-08174,B151,2025-06-23,2025-08-07,103700.0,False,True,2026-01-26,172.0,paid
INV-01149,B020,2025-06-23,2025-07-23,84000.0,False,False,2025-08-20,28.0,paid
INV-04256,B081,2025-06-23,2025-07-23,11800.0,False,False,2025-08-26,34.0,paid
INV-05621,B100,2025-06-23,2025-07-23,76900.0,False,False,2025-08-19,27.0,paid
INV-04633,B087,2025-06-23,2025-08-07,20400.0,True,False,2025-08-27,20.0,paid
INV-02757,B053,2025-06-23,2025-07-23,69700.0,False,False,2025-12-29,159.0,paid
INV-02131,B039,2025-06-23,2025-08-07,33300.0,False,False,2025-08-18,11.0,paid
INV-00026,B000,2025-06-23,2025-08-07,14100.0,False,False,2025-08-12,5.0,paid
INV-01321,B023,2025-06-23,2025-08-07,57900.0,False,False,2025-08-30,23.0,paid
INV-08063,B148,2025-06-24,2025-07-24,5000.0,False,False,2025-07-26,2.0,paid
INV-03923,B074,2025-06-24,2025-07-24,16400.0,False,False,2025-08-10,17.0,paid
INV-09763,B179,2025-06-24,2025-07-24,32600.0,False,False,2025-08-27,34.0,paid
INV-05750,B101,2025-06-24,2025-08-08,89800.0,False,False,2025-09-03,26.0,paid
INV-06198,B108,2025-06-24,2025-07-24,28300.0,False,False,2025-07-31,7.0,paid
INV-00202,B003,2025-06-25,2025-07-25,22100.0,False,False,2025-08-17,23.0,paid
INV-09519,B175,2025-06-25,2025-07-25,65900.0,False,False,2025-07-15,-10.0,paid
INV-02132,B039,2025-06-25,2025-08-09,16600.0,False,False,2025-09-04,26.0,paid
INV-11642,B210,2025-06-25,2025-07-25,600500.0,False,False,2025-08-19,25.0,paid
INV-02539,B049,2025-06-25,2025-08-09,50000.0,False,False,2025-08-03,-6.0,paid
INV-05751,B101,2025-06-25,2025-08-09,38700.0,False,False,2025-09-07,29.0,paid
INV-09802,B180,2025-06-25,2025-07-25,12100.0,False,False,2025-08-21,27.0,paid
INV-08730,B163,2025-06-25,2025-07-25,48800.0,False,False,2025-08-25,31.0,paid
INV-08258,B155,2025-06-26,2025-08-10,12500.0,False,False,2025-08-15,5.0,paid
INV-09594,B176,2025-06-26,2025-08-10,9600.0,False,False,2025-09-03,24.0,paid
INV-07229,B135,2025-06-26,2025-08-10,18400.0,False,True,2025-09-14,35.0,paid
INV-08997,B168,2025-06-26,2025-08-10,103000.0,False,True,2025-09-22,43.0,paid
INV-03458,B067,2025-06-26,2025-07-26,65300.0,False,False,2025-07-25,-1.0,paid
INV-05166,B095,2025-06-26,2025-08-10,44800.0,False,False,2025-09-24,45.0,paid
INV-06984,B130,2025-06-26,2025-07-26,36600.0,False,False,2025-07-23,-3.0,paid
INV-04897,B090,2025-06-26,2025-08-10,165500.0,False,False,2025-08-27,17.0,paid
INV-03661,B069,2025-06-26,2025-07-26,43600.0,False,False,2025-08-27,32.0,paid
INV-01985,B037,2025-06-26,2025-08-10,278900.0,False,False,2025-08-16,6.0,paid
INV-02892,B055,2025-06-26,2025-07-26,33100.0,False,False,2025-08-23,28.0,paid
INV-10372,B187,2025-06-26,2025-07-26,89000.0,True,True,2025-09-12,48.0,paid
INV-02893,B055,2025-06-27,2025-07-27,37800.0,False,False,2025-08-19,23.0,paid
INV-05058,B093,2025-06-27,2025-08-11,19000.0,False,True,2025-08-22,11.0,paid
INV-01639,B029,2025-06-27,2025-08-11,43700.0,False,False,2025-09-07,27.0,paid
INV-02576,B050,2025-06-27,2025-07-27,64600.0,False,False,2025-08-24,28.0,paid
INV-02133,B039,2025-06-27,2025-08-11,17200.0,False,False,2025-12-04,115.0,paid
INV-04634,B087,2025-06-27,2025-08-11,44100.0,False,False,2025-08-02,-9.0,paid
INV-10023,B183,2025-06-27,2025-08-11,31400.0,False,False,2025-08-28,17.0,paid
INV-07831,B144,2025-06-27,2025-07-27,100100.0,False,False,2025-07-29,2.0,paid
INV-05233,B096,2025-06-27,2025-08-11,128100.0,False,False,2025-09-16,36.0,paid
INV-08064,B148,2025-06-27,2025-07-27,13900.0,True,False,2025-08-31,35.0,paid
INV-02722,B052,2025-06-27,2025-07-27,185300.0,False,False,2025-10-04,69.0,paid
INV-01389,B024,2025-06-28,2025-07-28,120500.0,False,False,2025-07-23,-5.0,paid
INV-07696,B143,2025-06-28,2025-08-12,69600.0,False,True,2025-08-25,13.0,paid
INV-07333,B137,2025-06-28,2025-08-12,37200.0,False,True,2025-08-05,-7.0,paid
INV-06057,B105,2025-06-28,2025-07-28,106900.0,False,False,2025-07-26,-2.0,paid
INV-00203,B003,2025-06-28,2025-07-28,9000.0,False,False,2025-08-28,31.0,paid
INV-06362,B113,2025-06-28,2025-08-12,124400.0,False,True,2025-09-28,47.0,paid
INV-11323,B204,2025-06-28,2025-07-28,137100.0,False,False,2025-08-21,24.0,paid
INV-08998,B168,2025-06-28,2025-08-12,92100.0,False,False,2025-09-04,23.0,paid
INV-02249,B041,2025-06-28,2025-08-12,16000.0,False,False,2025-08-17,5.0,paid
INV-03084,B058,2025-06-28,2025-08-12,133400.0,True,True,2025-11-10,90.0,paid
INV-04748,B088,2025-06-28,2025-07-28,48800.0,False,True,2025-07-29,1.0,paid
INV-05167,B095,2025-06-29,2025-08-13,15900.0,False,False,2025-09-05,23.0,paid
INV-08817,B165,2025-06-29,2025-07-29,10500.0,False,False,2025-08-01,3.0,paid
INV-05812,B102,2025-06-29,2025-08-13,25500.0,False,False,2025-08-03,-10.0,paid
INV-05849,B103,2025-06-29,2025-08-13,39400.0,False,False,2025-08-16,3.0,paid
INV-02510,B048,2025-06-29,2025-08-13,53400.0,False,False,2025-09-15,33.0,paid
INV-08401,B158,2025-06-29,2025-08-13,11200.0,False,False,2025-11-02,81.0,paid
INV-04382,B084,2025-06-29,2025-08-13,27200.0,False,False,2025-10-05,53.0,paid
INV-05440,B098,2025-06-29,2025-07-29,16700.0,False,False,2025-08-06,8.0,paid
INV-10573,B190,2025-06-29,2025-08-13,93100.0,False,False,2025-09-14,32.0,paid
INV-03085,B058,2025-06-29,2025-08-13,156500.0,False,False,2025-09-10,28.0,paid
INV-09178,B170,2025-06-29,2025-08-13,22000.0,False,False,2025-09-30,48.0,paid
INV-01923,B036,2025-06-29,2025-08-13,50000.0,False,False,2025-09-06,24.0,paid
INV-03294,B064,2025-06-29,2025-08-13,291000.0,False,False,2025-09-13,31.0,paid
INV-10160,B185,2025-06-30,2025-08-14,104900.0,False,False,2025-09-14,31.0,paid
INV-08228,B154,2025-06-30,2025-08-14,12700.0,False,False,2025-08-04,-10.0,paid
INV-06110,B107,2025-06-30,2025-08-14,48300.0,False,False,2025-08-14,0.0,paid
INV-07492,B139,2025-06-30,2025-07-30,33500.0,False,False,2025-08-11,12.0,paid
INV-01390,B024,2025-06-30,2025-07-30,126700.0,False,False,2025-07-23,-7.0,paid
INV-08588,B161,2025-06-30,2025-07-30,204800.0,False,False,2025-08-10,11.0,paid
INV-07832,B144,2025-06-30,2025-07-30,39400.0,False,False,2025-07-29,-1.0,paid
INV-07334,B137,2025-07-01,2025-08-15,54000.0,False,False,2025-08-11,-4.0,paid
INV-11837,B212,2025-07-01,2025-08-15,91400.0,False,False,2025-08-24,9.0,paid
INV-11324,B204,2025-07-01,2025-07-31,206800.0,False,False,2025-08-16,16.0,paid
INV-10024,B183,2025-07-01,2025-08-15,253600.0,False,False,2025-09-15,31.0,paid
INV-06199,B108,2025-07-01,2025-07-31,38600.0,False,False,2025-08-16,16.0,paid
INV-02817,B054,2025-07-01,2025-07-31,15100.0,False,False,2025-07-21,-10.0,paid
INV-09704,B178,2025-07-01,2025-07-31,17300.0,False,False,2025-08-10,10.0,paid
INV-00436,B008,2025-07-01,2025-08-15,53200.0,False,True,2025-09-03,19.0,paid
INV-00788,B015,2025-07-01,2025-07-31,110300.0,False,False,2025-08-02,2.0,paid
INV-06581,B119,2025-07-01,2025-07-31,73400.0,False,True,2025-08-03,3.0,paid
INV-03459,B067,2025-07-02,2025-08-01,108100.0,False,False,2025-07-26,-6.0,paid
INV-04257,B081,2025-07-02,2025-08-01,47800.0,False,False,2025-09-17,47.0,paid
INV-04749,B088,2025-07-02,2025-08-01,42900.0,False,False,2025-07-29,-3.0,paid
INV-08589,B161,2025-07-02,2025-08-01,122800.0,False,False,2025-08-14,13.0,paid
INV-09406,B174,2025-07-02,2025-08-01,24500.0,False,False,2025-07-30,-2.0,paid
INV-00340,B006,2025-07-02,2025-08-16,122700.0,False,False,2025-09-16,31.0,paid
INV-03972,B075,2025-07-02,2025-08-16,110200.0,False,False,2025-09-12,27.0,paid
INV-00710,B014,2025-07-02,2025-08-01,76900.0,False,False,2025-08-01,0.0,paid
INV-05059,B093,2025-07-02,2025-08-16,24700.0,False,False,2025-08-18,2.0,paid
INV-08886,B167,2025-07-03,2025-08-02,44500.0,False,False,2025-08-22,20.0,paid
INV-04898,B090,2025-07-03,2025-08-17,93200.0,False,False,2025-08-19,2.0,paid
INV-10752,B194,2025-07-03,2025-08-17,42400.0,False,False,2025-08-07,-10.0,paid
INV-10810,B195,2025-07-03,2025-08-02,28200.0,False,False,2025-09-11,40.0,paid
INV-10025,B183,2025-07-03,2025-08-17,64600.0,False,False,2025-09-11,25.0,paid
INV-04750,B088,2025-07-03,2025-08-02,19400.0,False,False,2025-07-27,-6.0,paid
INV-04636,B087,2025-07-03,2025-08-17,30000.0,False,False,2025-08-10,-7.0,paid
INV-04635,B087,2025-07-03,2025-08-17,26400.0,False,False,2025-08-16,-1.0,paid
INV-11015,B199,2025-07-03,2025-08-17,9700.0,False,False,2025-12-01,106.0,paid
INV-10574,B190,2025-07-03,2025-08-17,67600.0,False,False,2025-09-25,39.0,paid
INV-03375,B066,2025-07-03,2025-08-17,20200.0,False,False,2025-08-20,3.0,paid
INV-07697,B143,2025-07-03,2025-08-17,19800.0,False,False,2025-08-25,8.0,paid
INV-11838,B212,2025-07-03,2025-08-17,149000.0,False,False,2025-08-19,2.0,paid
INV-00437,B008,2025-07-03,2025-08-17,69500.0,True,False,2025-09-16,30.0,paid
INV-03163,B060,2025-07-04,2025-08-18,39500.0,False,False,2025-09-02,15.0,paid
INV-03663,B069,2025-07-04,2025-08-03,32900.0,False,False,2025-08-30,27.0,paid
INV-04751,B088,2025-07-04,2025-08-03,17000.0,False,False,2025-08-04,1.0,paid
INV-02271,B042,2025-07-04,2025-08-03,163600.0,False,False,2025-08-19,16.0,paid
INV-05622,B100,2025-07-04,2025-08-03,28100.0,False,False,2025-08-31,28.0,paid
INV-03662,B069,2025-07-04,2025-08-03,41300.0,False,False,2025-08-18,15.0,paid
INV-11101,B200,2025-07-04,2025-08-03,50500.0,False,True,2025-08-25,22.0,paid
INV-00657,B013,2025-07-04,2025-08-18,12500.0,False,False,2025-09-15,28.0,paid
INV-11258,B203,2025-07-04,2025-08-03,13000.0,False,False,2025-10-08,66.0,paid
INV-00711,B014,2025-07-04,2025-08-03,63500.0,False,False,2025-07-25,-9.0,paid
INV-02460,B047,2025-07-04,2025-08-03,81600.0,True,False,2025-09-05,33.0,paid
INV-00230,B004,2025-07-05,2025-08-19,31400.0,False,False,2025-12-19,122.0,paid
INV-10026,B183,2025-07-05,2025-08-19,111000.0,False,False,2025-12-23,126.0,paid
INV-07698,B143,2025-07-05,2025-08-19,27800.0,False,False,2025-08-19,0.0,paid
INV-07068,B132,2025-07-05,2025-08-19,66700.0,False,False,2025-08-19,0.0,paid
INV-11102,B200,2025-07-05,2025-08-04,18400.0,False,False,2025-08-16,12.0,paid
INV-03973,B075,2025-07-05,2025-08-19,67600.0,False,False,2025-09-12,24.0,paid
INV-12134,B218,2025-07-05,2025-08-19,83800.0,False,False,2025-08-21,2.0,paid
INV-08999,B168,2025-07-05,2025-08-19,39300.0,False,False,2025-09-11,23.0,paid
INV-11680,B211,2025-07-05,2025-08-19,167000.0,False,False,2025-10-08,50.0,paid
INV-09803,B180,2025-07-05,2025-08-04,11100.0,False,False,2025-08-21,17.0,paid
INV-11839,B212,2025-07-05,2025-08-19,117400.0,False,False,2025-08-19,0.0,paid
INV-01924,B036,2025-07-05,2025-08-19,59800.0,False,False,2025-09-11,23.0,paid
INV-09520,B175,2025-07-06,2025-08-05,86800.0,False,True,2025-08-19,14.0,paid
INV-00120,B002,2025-07-06,2025-08-05,294100.0,False,False,2025-08-14,9.0,paid
INV-01469,B025,2025-07-06,2025-08-20,5200.0,False,False,2025-09-07,18.0,paid
INV-12135,B218,2025-07-06,2025-08-20,72000.0,False,False,2025-09-04,15.0,paid
INV-07166,B134,2025-07-06,2025-08-20,45000.0,False,False,2026-02-10,174.0,paid
INV-03193,B061,2025-07-06,2025-08-05,38100.0,False,False,2025-07-26,-10.0,paid
INV-09407,B174,2025-07-06,2025-08-05,61800.0,False,False,2025-08-13,8.0,paid
INV-10284,B186,2025-07-06,2025-08-20,101300.0,False,False,2025-09-14,25.0,paid
INV-08590,B161,2025-07-06,2025-08-05,120700.0,False,False,2025-08-26,21.0,paid
INV-09408,B174,2025-07-06,2025-08-05,41300.0,False,False,2025-08-10,5.0,paid
INV-03584,B068,2025-07-07,2025-08-06,22600.0,False,False,2025-07-27,-10.0,paid
INV-09409,B174,2025-07-07,2025-08-06,30100.0,False,False,2025-08-01,-5.0,paid
INV-07833,B144,2025-07-07,2025-08-06,37500.0,True,False,2025-08-17,11.0,paid
INV-06363,B113,2025-07-07,2025-08-21,154600.0,False,True,2025-10-23,63.0,paid
INV-03664,B069,2025-07-07,2025-08-06,36000.0,False,False,2025-09-04,29.0,paid
INV-02511,B048,2025-07-07,2025-08-21,31500.0,False,False,2025-09-15,25.0,paid
INV-10027,B183,2025-07-07,2025-08-21,206300.0,False,False,2025-09-24,34.0,paid
INV-02991,B056,2025-07-07,2025-08-21,142800.0,False,False,2025-09-07,17.0,paid
INV-06470,B116,2025-07-08,2025-08-22,92000.0,False,False,2025-08-14,-8.0,paid
INV-06727,B121,2025-07-08,2025-08-22,100200.0,False,False,2025-09-09,18.0,paid
INV-04899,B090,2025-07-08,2025-08-22,199400.0,False,False,2025-08-30,8.0,paid
INV-04043,B076,2025-07-08,2025-08-22,74800.0,False,False,2025-09-13,22.0,paid
INV-04843,B089,2025-07-08,2025-08-07,26300.0,False,False,2025-08-08,1.0,paid
INV-10717,B193,2025-07-08,2025-08-22,46700.0,False,False,2025-09-27,36.0,paid
INV-03585,B068,2025-07-09,2025-08-08,28500.0,False,False,2025-07-29,-10.0,paid
INV-09179,B170,2025-07-09,2025-08-23,15600.0,False,False,2025-10-22,60.0,paid
INV-09122,B169,2025-07-09,2025-08-08,39700.0,False,False,2025-08-19,11.0,paid
INV-06058,B105,2025-07-09,2025-08-08,77200.0,False,False,2025-08-05,-3.0,paid
INV-05234,B096,2025-07-09,2025-08-23,64000.0,False,False,2025-09-20,28.0,paid
INV-04537,B086,2025-07-10,2025-08-24,338400.0,False,False,2025-08-30,6.0,paid
INV-04258,B081,2025-07-10,2025-08-09,15400.0,False,False,2025-09-02,24.0,paid
INV-12069,B217,2025-07-10,2025-08-24,69500.0,False,False,2025-09-05,12.0,paid
INV-00282,B005,2025-07-10,2025-08-09,37600.0,False,True,2025-08-25,16.0,paid
INV-07335,B137,2025-07-10,2025-08-24,81400.0,True,True,2025-10-20,57.0,paid
INV-07275,B136,2025-07-10,2025-08-09,33600.0,False,False,2025-08-03,-6.0,paid
INV-00972,B018,2025-07-10,2025-08-09,14600.0,False,False,2025-09-24,46.0,paid
INV-11016,B199,2025-07-10,2025-08-24,25400.0,False,False,2025-08-14,-10.0,paid
INV-11596,B209,2025-07-10,2025-08-24,51200.0,False,False,2025-09-03,10.0,paid
INV-01925,B036,2025-07-11,2025-08-25,77500.0,False,False,2025-09-19,25.0,paid
INV-00973,B018,2025-07-11,2025-08-10,27800.0,False,False,2025-09-26,47.0,paid
INV-07336,B137,2025-07-11,2025-08-25,154200.0,False,False,2025-08-30,5.0,paid
INV-11643,B210,2025-07-11,2025-08-10,361700.0,False,False,2025-09-13,34.0,paid
INV-07699,B143,2025-07-11,2025-08-25,22400.0,False,False,2025-09-19,25.0,paid
INV-07493,B139,2025-07-11,2025-08-10,23200.0,False,False,2025-08-11,1.0,paid
INV-05623,B100,2025-07-12,2025-08-11,111500.0,False,False,2025-09-21,41.0,paid
INV-04752,B088,2025-07-12,2025-08-11,52700.0,False,False,2025-08-22,11.0,paid
INV-08675,B162,2025-07-12,2025-08-11,15300.0,False,False,2025-08-26,15.0,paid
INV-10098,B184,2025-07-13,2025-08-12,89200.0,False,False,2025-08-25,13.0,paid
INV-03820,B072,2025-07-13,2025-08-12,20100.0,False,False,2025-08-16,4.0,paid
INV-02316,B043,2025-07-13,2025-08-27,35700.0,False,False,2025-10-05,39.0,paid
INV-05959,B104,2025-07-13,2025-08-12,41900.0,False,False,2026-01-10,151.0,paid
INV-04844,B089,2025-07-13,2025-08-12,48400.0,False,False,2025-08-18,6.0,paid
INV-07230,B135,2025-07-13,2025-08-27,37600.0,False,False,2025-09-14,18.0,paid
INV-02315,B043,2025-07-13,2025-08-27,38500.0,False,True,2025-10-08,42.0,paid
INV-01218,B021,2025-07-13,2025-08-27,23800.0,False,False,2025-09-12,16.0,paid
INV-00712,B014,2025-07-13,2025-08-12,83700.0,True,False,2025-10-02,51.0,paid
INV-03164,B060,2025-07-14,2025-08-28,59700.0,False,False,2025-09-06,9.0,paid
INV-00121,B002,2025-07-14,2025-08-13,260600.0,False,False,2025-08-24,11.0,paid
INV-11448,B206,2025-07-14,2025-08-28,23500.0,False,False,2025-09-08,11.0,paid
INV-10867,B196,2025-07-14,2025-08-13,31200.0,False,False,2025-09-14,32.0,paid
INV-00283,B005,2025-07-14,2025-08-13,49000.0,False,False,2025-08-12,-1.0,paid
INV-05624,B100,2025-07-14,2025-08-13,36500.0,False,True,2025-09-09,27.0,paid
INV-07834,B144,2025-07-14,2025-08-13,99600.0,False,False,2025-08-11,-2.0,paid
INV-01986,B037,2025-07-14,2025-08-28,206900.0,False,False,2025-09-04,7.0,paid
INV-00204,B003,2025-07-14,2025-08-13,14500.0,False,True,2025-09-02,20.0,paid
INV-07231,B135,2025-07-14,2025-08-28,84300.0,False,False,2025-09-20,23.0,paid
INV-02992,B056,2025-07-14,2025-08-28,113400.0,False,False,2025-09-21,24.0,paid
INV-03974,B075,2025-07-14,2025-08-28,103600.0,False,False,2025-09-27,30.0,paid
INV-06728,B121,2025-07-15,2025-08-29,62300.0,False,True,2025-09-23,25.0,paid
INV-05960,B104,2025-07-15,2025-08-14,116900.0,False,False,2025-08-13,-1.0,paid
INV-11259,B203,2025-07-15,2025-08-14,8600.0,False,False,2025-10-26,73.0,paid
INV-06059,B105,2025-07-15,2025-08-14,111900.0,False,False,2025-08-18,4.0,paid
INV-10028,B183,2025-07-15,2025-08-29,193800.0,False,False,2025-10-07,39.0,paid
INV-03460,B067,2025-07-15,2025-08-14,83900.0,False,False,2025-08-18,4.0,paid
INV-09915,B182,2025-07-15,2025-08-14,83400.0,False,False,2025-09-06,23.0,paid
INV-01760,B031,2025-07-15,2025-08-14,46100.0,False,False,2025-09-07,24.0,paid
INV-08731,B163,2025-07-15,2025-08-14,18900.0,False,True,2025-09-15,32.0,paid
INV-07396,B138,2025-07-15,2025-08-14,31000.0,False,False,2025-09-16,33.0,paid
INV-07337,B137,2025-07-15,2025-08-29,47900.0,False,True,2025-09-03,5.0,paid
INV-03821,B072,2025-07-15,2025-08-14,18100.0,False,False,2025-08-15,1.0,paid
INV-10868,B196,2025-07-15,2025-08-14,47300.0,False,False,2025-09-10,27.0,paid
INV-10575,B190,2025-07-15,2025-08-29,178400.0,False,False,2025-10-03,35.0,paid
INV-00284,B005,2025-07-15,2025-08-14,26800.0,False,False,2025-08-13,-1.0,paid
INV-02134,B039,2025-07-15,2025-08-29,24900.0,False,False,2025-09-13,15.0,paid
INV-03461,B067,2025-07-16,2025-08-15,34300.0,False,False,2025-08-05,-10.0,paid
INV-06060,B105,2025-07-16,2025-08-15,37500.0,False,False,2025-08-05,-10.0,paid
INV-04259,B081,2025-07-16,2025-08-15,9800.0,False,False,2025-09-02,18.0,paid
INV-06200,B108,2025-07-16,2025-08-15,9400.0,False,False,2025-08-18,3.0,paid
INV-11103,B200,2025-07-16,2025-08-15,13200.0,False,False,2025-08-17,2.0,paid
INV-04304,B082,2025-07-16,2025-08-30,17900.0,False,False,2025-09-05,6.0,paid
INV-11840,B212,2025-07-16,2025-08-30,70500.0,False,True,2025-09-08,9.0,paid
INV-07232,B135,2025-07-16,2025-08-30,59500.0,False,False,2025-09-18,19.0,paid
INV-12136,B218,2025-07-16,2025-08-30,115600.0,False,False,2025-09-25,26.0,paid
INV-04900,B090,2025-07-16,2025-08-30,93900.0,False,False,2025-09-09,10.0,paid
INV-07495,B139,2025-07-16,2025-08-15,55800.0,False,False,2025-08-24,9.0,paid
INV-04044,B076,2025-07-16,2025-08-30,84000.0,False,False,2025-09-28,29.0,paid
INV-10869,B196,2025-07-16,2025-08-15,32300.0,False,False,2025-09-25,41.0,paid
INV-07494,B139,2025-07-16,2025-08-15,12700.0,False,False,2025-08-25,10.0,paid
INV-01540,B027,2025-07-17,2025-08-16,52300.0,False,False,2025-08-10,-6.0,paid
INV-02655,B051,2025-07-17,2025-08-16,71600.0,True,False,2025-10-15,60.0,paid
INV-07167,B134,2025-07-17,2025-08-31,66200.0,False,False,2025-09-24,24.0,paid
INV-07945,B146,2025-07-17,2025-08-16,33700.0,False,False,2025-08-12,-4.0,paid
INV-01322,B023,2025-07-17,2025-08-31,39500.0,False,False,2025-09-22,22.0,paid
INV-01811,B033,2025-07-18,2025-09-01,15400.0,False,False,2025-09-30,29.0,paid
INV-11841,B212,2025-07-18,2025-09-01,131200.0,False,False,2025-09-10,9.0,paid
INV-00070,B001,2025-07-18,2025-09-01,38400.0,False,False,2025-10-17,46.0,paid
INV-10285,B186,2025-07-18,2025-09-01,143600.0,False,False,2025-09-07,6.0,paid
INV-06949,B129,2025-07-18,2025-09-01,26500.0,False,False,2025-08-25,-7.0,paid
INV-10161,B185,2025-07-18,2025-09-01,80600.0,False,False,2025-10-06,35.0,paid
INV-05752,B101,2025-07-18,2025-09-01,106100.0,False,False,2025-09-25,24.0,paid
INV-02993,B056,2025-07-18,2025-09-01,93300.0,False,False,2025-09-14,13.0,paid
INV-02758,B053,2025-07-18,2025-08-17,81900.0,False,False,2025-08-21,4.0,paid
INV-10811,B195,2025-07-18,2025-08-17,34800.0,False,False,2025-09-26,40.0,paid
INV-09916,B182,2025-07-18,2025-08-17,59000.0,True,False,2025-09-09,23.0,paid
INV-03462,B067,2025-07-18,2025-08-17,47900.0,False,False,2025-08-07,-10.0,paid
INV-03924,B074,2025-07-18,2025-08-17,12200.0,False,False,2025-08-27,10.0,paid
INV-02409,B046,2025-07-18,2025-09-01,18200.0,True,False,2025-10-21,50.0,paid
INV-04753,B088,2025-07-18,2025-08-17,58500.0,False,False,2025-08-21,4.0,paid
INV-06364,B113,2025-07-18,2025-09-01,167000.0,False,False,2025-09-30,29.0,paid
INV-03822,B072,2025-07-19,2025-08-18,29100.0,True,False,2025-09-20,33.0,paid
INV-04138,B078,2025-07-19,2025-08-18,10700.0,False,True,2025-09-14,27.0,paid
INV-00851,B016,2025-07-19,2025-09-02,27600.0,False,False,2025-09-18,16.0,paid
INV-10445,B188,2025-07-19,2025-08-18,53700.0,True,False,2025-10-13,56.0,paid
INV-04383,B084,2025-07-19,2025-09-02,13900.0,False,False,2025-10-16,44.0,paid
INV-07835,B144,2025-07-19,2025-08-18,48400.0,False,False,2025-08-14,-4.0,paid
INV-05441,B098,2025-07-19,2025-08-18,13300.0,False,True,2025-09-22,35.0,paid
INV-06729,B121,2025-07-19,2025-09-02,50300.0,False,False,2025-09-15,13.0,paid
INV-06533,B118,2025-07-19,2025-08-18,13800.0,False,False,2025-09-27,40.0,paid
INV-06471,B116,2025-07-19,2025-09-02,146600.0,False,False,2025-09-02,0.0,paid
INV-05753,B101,2025-07-20,2025-09-03,173000.0,False,False,2025-10-06,33.0,paid
INV-05625,B100,2025-07-20,2025-08-19,65000.0,False,False,2025-09-10,22.0,paid
INV-04045,B076,2025-07-20,2025-09-03,73800.0,False,False,2025-09-26,23.0,paid
INV-01323,B023,2025-07-20,2025-09-03,21100.0,False,False,2025-09-12,9.0,paid
INV-00606,B012,2025-07-20,2025-09-03,41400.0,False,True,2025-10-11,38.0,paid
INV-11644,B210,2025-07-21,2025-08-20,233900.0,True,False,2025-10-23,64.0,paid
INV-02135,B039,2025-07-21,2025-09-04,14700.0,False,False,2025-09-16,12.0,paid
INV-00122,B002,2025-07-21,2025-08-20,145500.0,False,False,2025-08-31,11.0,paid
INV-06534,B118,2025-07-21,2025-08-20,12200.0,False,True,2025-09-30,41.0,paid
INV-06839,B124,2025-07-21,2025-09-04,10000.0,True,False,2025-09-24,20.0,paid
INV-00438,B008,2025-07-21,2025-09-04,72200.0,False,False,2025-09-15,11.0,paid
INV-12040,B216,2025-07-21,2025-09-04,14100.0,False,False,2025-10-10,36.0,paid
INV-09000,B168,2025-07-21,2025-09-04,45600.0,False,False,2025-09-22,18.0,paid
INV-08841,B166,2025-07-21,2025-08-20,76700.0,True,False,2025-10-01,42.0,paid
INV-00713,B014,2025-07-21,2025-08-20,102600.0,False,False,2025-09-01,12.0,paid
INV-09917,B182,2025-07-21,2025-08-20,78300.0,False,False,2025-08-21,1.0,paid
INV-10099,B184,2025-07-22,2025-08-21,48400.0,False,False,2025-09-06,16.0,paid
INV-04538,B086,2025-07-22,2025-09-05,357300.0,False,True,2025-09-18,13.0,paid
INV-10870,B196,2025-07-22,2025-08-21,29200.0,False,False,2025-09-26,36.0,paid
INV-05505,B099,2025-07-22,2025-08-21,87100.0,False,False,2025-09-13,23.0,paid
INV-09180,B170,2025-07-22,2025-09-05,6100.0,False,False,2025-11-08,64.0,paid
INV-09804,B180,2025-07-22,2025-08-21,9100.0,False,False,2025-09-06,16.0,paid
INV-00714,B014,2025-07-22,2025-08-21,63100.0,False,False,2025-08-28,7.0,paid
INV-06337,B112,2025-07-22,2025-09-05,22600.0,False,False,2025-08-26,-10.0,paid
INV-09123,B169,2025-07-22,2025-08-21,32300.0,False,True,2025-09-07,17.0,paid
INV-04437,B085,2025-07-23,2025-08-22,89000.0,False,False,2025-09-10,19.0,paid
INV-04539,B086,2025-07-23,2025-09-06,135300.0,False,False,2025-08-29,-8.0,paid
INV-04637,B087,2025-07-23,2025-09-06,11700.0,False,False,2025-09-02,-4.0,paid
INV-03463,B067,2025-07-23,2025-08-22,45200.0,False,False,2025-08-23,1.0,paid
INV-02317,B043,2025-07-23,2025-09-06,30000.0,False,True,2025-10-24,48.0,paid
INV-02818,B054,2025-07-23,2025-08-22,15100.0,False,False,2025-08-29,7.0,paid
INV-00518,B010,2025-07-23,2025-09-06,13100.0,False,False,2025-09-19,13.0,paid
INV-09521,B175,2025-07-23,2025-08-22,52700.0,False,True,2025-09-04,13.0,paid
INV-03925,B074,2025-07-23,2025-08-22,29800.0,True,False,2025-09-28,37.0,paid
INV-08591,B161,2025-07-23,2025-08-22,59500.0,False,False,2025-09-05,14.0,paid
INV-05060,B093,2025-07-24,2025-09-07,65200.0,True,False,2025-10-12,35.0,paid
INV-03464,B067,2025-07-24,2025-08-23,73600.0,False,False,2025-08-23,0.0,paid
INV-09001,B168,2025-07-24,2025-09-07,24800.0,False,False,2025-09-24,17.0,paid
INV-02894,B055,2025-07-24,2025-08-23,31100.0,True,False,2025-10-06,44.0,paid
INV-06675,B120,2025-07-24,2025-09-07,65800.0,False,False,2025-09-09,2.0,paid
INV-11842,B212,2025-07-24,2025-09-07,36000.0,False,False,2025-09-03,-4.0,paid
INV-12137,B218,2025-07-24,2025-09-07,57600.0,False,False,2025-09-15,8.0,paid
INV-06772,B122,2025-07-24,2025-09-07,22800.0,False,False,2025-08-28,-10.0,paid
INV-00519,B010,2025-07-24,2025-09-07,6300.0,False,False,2025-09-11,4.0,paid
INV-02656,B051,2025-07-24,2025-08-23,61900.0,False,False,2025-09-05,13.0,paid
INV-06676,B120,2025-07-25,2025-09-08,49700.0,False,False,2025-09-14,6.0,paid
INV-01715,B030,2025-07-25,2025-08-24,90000.0,False,False,2025-08-20,-4.0,paid
INV-06434,B115,2025-07-25,2025-09-08,66400.0,False,False,2025-09-21,13.0,paid
INV-00382,B007,2025-07-25,2025-08-24,119400.0,False,False,2025-09-09,16.0,paid
INV-11260,B203,2025-07-25,2025-08-24,7000.0,False,False,2025-09-21,28.0,paid
INV-00520,B010,2025-07-25,2025-09-08,4200.0,False,False,2025-09-06,-2.0,paid
INV-02819,B054,2025-07-25,2025-08-24,18800.0,False,False,2025-08-24,0.0,paid
INV-03465,B067,2025-07-25,2025-08-24,52000.0,False,False,2025-08-18,-6.0,paid
INV-05061,B093,2025-07-25,2025-09-08,37500.0,False,False,2025-09-03,-5.0,paid
INV-03125,B059,2025-07-26,2025-09-09,4300.0,False,False,2025-09-22,13.0,paid
INV-06677,B120,2025-07-26,2025-09-09,58800.0,False,False,2025-09-23,14.0,paid
INV-01391,B024,2025-07-26,2025-08-25,181400.0,False,False,2025-08-19,-6.0,paid
INV-00974,B018,2025-07-26,2025-08-25,11200.0,False,False,2025-10-06,42.0,paid
INV-00715,B014,2025-07-26,2025-08-25,63500.0,False,False,2025-08-27,2.0,paid
INV-09318,B173,2025-07-26,2025-09-09,60400.0,False,False,2025-09-19,10.0,paid
INV-03337,B065,2025-07-26,2025-08-25,83100.0,False,False,2025-09-09,15.0,paid
INV-04139,B078,2025-07-26,2025-08-25,29900.0,False,False,2025-09-06,12.0,paid
INV-08456,B159,2025-07-26,2025-09-09,158900.0,False,False,2025-10-06,27.0,paid
INV-07496,B139,2025-07-26,2025-08-25,48700.0,False,False,2025-09-17,23.0,paid
INV-09918,B182,2025-07-26,2025-08-25,139500.0,False,False,2025-09-02,8.0,paid
INV-06297,B110,2025-07-26,2025-08-25,27200.0,False,False,2025-09-02,8.0,paid
INV-03221,B062,2025-07-26,2025-09-09,17600.0,False,False,2025-12-03,85.0,paid
INV-05168,B095,2025-07-26,2025-09-09,40800.0,False,False,2025-10-27,48.0,paid
INV-01576,B028,2025-07-26,2025-09-09,15600.0,False,False,2025-10-21,42.0,paid
INV-04540,B086,2025-07-27,2025-09-10,151100.0,False,False,2025-09-08,-2.0,paid
INV-00975,B018,2025-07-27,2025-08-26,17500.0,False,False,2025-10-03,38.0,paid
INV-01219,B021,2025-07-27,2025-09-10,15100.0,False,True,2025-10-02,22.0,paid
INV-02042,B038,2025-07-27,2025-08-26,43900.0,False,False,2025-09-15,20.0,paid
INV-07590,B141,2025-07-27,2025-08-26,86300.0,False,True,2025-09-15,20.0,paid
INV-08457,B159,2025-07-27,2025-09-10,55000.0,False,False,2025-10-07,27.0,paid
INV-05506,B099,2025-07-27,2025-08-26,77600.0,False,False,2025-09-16,21.0,paid
INV-01761,B031,2025-07-27,2025-08-26,37000.0,False,False,2025-09-13,18.0,paid
INV-01150,B020,2025-07-27,2025-08-26,65900.0,False,False,2025-09-17,22.0,paid
INV-05626,B100,2025-07-27,2025-08-26,127400.0,False,False,2025-10-09,44.0,paid
INV-10652,B192,2025-07-28,2025-09-11,6800.0,False,False,2025-09-04,-7.0,paid
INV-10446,B188,2025-07-28,2025-08-27,15400.0,False,False,2025-09-07,11.0,paid
INV-09410,B174,2025-07-28,2025-08-27,34800.0,False,False,2025-08-23,-4.0,paid
INV-09411,B174,2025-07-28,2025-08-27,26200.0,False,False,2025-08-24,-3.0,paid
INV-05347,B097,2025-07-28,2025-08-27,129600.0,False,False,2025-09-09,13.0,paid
INV-06678,B120,2025-07-28,2025-09-11,46400.0,False,False,2025-09-20,9.0,paid
INV-03757,B071,2025-07-28,2025-08-27,24900.0,True,True,2025-10-06,40.0,paid
INV-04260,B081,2025-07-28,2025-08-27,36900.0,False,False,2025-09-23,27.0,paid
INV-11843,B212,2025-07-28,2025-09-11,126900.0,False,False,2025-09-08,-3.0,paid
INV-01812,B033,2025-07-29,2025-09-12,36400.0,True,False,2025-11-21,70.0,paid
INV-02136,B039,2025-07-29,2025-09-12,15100.0,False,False,2025-09-23,11.0,paid
INV-00123,B002,2025-07-29,2025-08-28,113900.0,False,False,2025-09-02,5.0,paid
INV-11844,B212,2025-07-29,2025-09-12,136000.0,False,True,2025-09-18,6.0,paid
INV-09124,B169,2025-07-29,2025-08-28,61100.0,False,False,2025-09-20,23.0,paid
INV-03194,B061,2025-07-29,2025-08-28,62000.0,False,False,2025-08-18,-10.0,paid
INV-07276,B136,2025-07-29,2025-08-28,67700.0,True,False,2025-09-17,20.0,paid
INV-07497,B139,2025-07-29,2025-08-28,17200.0,False,True,2025-09-14,17.0,paid
INV-00124,B002,2025-07-29,2025-08-28,156500.0,False,True,2025-09-13,16.0,paid
INV-08676,B162,2025-07-29,2025-08-28,40000.0,False,False,2025-09-20,23.0,paid
INV-00125,B002,2025-07-29,2025-08-28,128600.0,False,False,2025-09-04,7.0,paid
INV-10718,B193,2025-07-29,2025-09-12,50200.0,False,False,2025-09-26,14.0,paid
INV-03126,B059,2025-07-29,2025-09-12,3500.0,False,False,2025-10-04,22.0,paid
INV-01762,B031,2025-07-30,2025-08-29,40300.0,False,False,2025-09-11,13.0,paid
INV-11017,B199,2025-07-30,2025-09-13,10300.0,False,False,2025-09-03,-10.0,paid
INV-06113,B107,2025-07-30,2025-09-13,36400.0,False,True,2025-10-08,25.0,paid
INV-06112,B107,2025-07-30,2025-09-13,90100.0,False,False,2025-09-14,1.0,paid
INV-06111,B107,2025-07-30,2025-09-13,50500.0,False,False,2025-09-17,4.0,paid
INV-09271,B172,2025-07-30,2025-09-13,41100.0,True,True,2025-12-05,83.0,paid
INV-04305,B082,2025-07-30,2025-09-13,65700.0,False,False,2025-10-09,26.0,paid
INV-07992,B147,2025-07-30,2025-08-29,7800.0,False,False,2025-08-26,-3.0,paid
INV-02723,B052,2025-07-30,2025-08-29,130100.0,True,True,2025-11-21,84.0,paid
INV-03264,B063,2025-07-30,2025-08-29,38600.0,False,False,2025-09-10,12.0,paid
INV-05114,B094,2025-07-30,2025-09-13,31900.0,False,False,2025-09-19,6.0,paid
INV-09522,B175,2025-07-30,2025-08-29,112200.0,False,False,2025-08-31,2.0,paid
INV-10286,B186,2025-07-31,2025-09-14,85700.0,False,False,2025-09-23,9.0,paid
INV-11104,B200,2025-07-31,2025-08-30,23000.0,False,False,2025-09-01,2.0,paid
INV-05961,B104,2025-07-31,2025-08-30,206700.0,False,False,2025-09-04,5.0,paid
INV-12138,B218,2025-07-31,2025-09-14,118900.0,False,False,2025-10-01,17.0,paid
INV-01889,B035,2025-07-31,2025-09-14,56600.0,False,False,2025-09-08,-6.0,paid
INV-08842,B166,2025-07-31,2025-08-30,39000.0,False,True,2025-09-24,25.0,paid
INV-05169,B095,2025-07-31,2025-09-14,18200.0,False,False,2025-11-11,58.0,paid
INV-11845,B212,2025-07-31,2025-09-14,179400.0,False,False,2025-09-20,6.0,paid
INV-08592,B161,2025-07-31,2025-08-30,64400.0,False,False,2025-09-01,2.0,paid
INV-04046,B076,2025-07-31,2025-09-14,31700.0,False,False,2025-09-28,14.0,paid
INV-06773,B122,2025-07-31,2025-09-14,22000.0,False,True,2025-09-19,5.0,paid
INV-00126,B002,2025-07-31,2025-08-30,166500.0,False,False,2025-08-30,0.0,paid
INV-00127,B002,2025-07-31,2025-08-30,75800.0,False,False,2025-09-02,3.0,paid
INV-00383,B007,2025-08-01,2025-08-31,239800.0,False,True,2025-09-26,26.0,paid
INV-01890,B035,2025-08-01,2025-09-15,35700.0,False,True,2025-09-26,11.0,paid
INV-12041,B216,2025-08-01,2025-09-15,23200.0,True,False,2026-03-02,168.0,paid
INV-04335,B083,2025-08-01,2025-09-15,77400.0,False,False,2025-10-02,17.0,paid
INV-01640,B029,2025-08-01,2025-09-15,39800.0,False,False,2025-10-06,21.0,paid
INV-08141,B150,2025-08-01,2025-09-15,76700.0,False,False,2025-10-11,26.0,paid
INV-02043,B038,2025-08-01,2025-08-31,46900.0,False,True,2025-10-04,34.0,paid
INV-03926,B074,2025-08-01,2025-08-31,23700.0,False,False,2025-09-29,29.0,paid
INV-03376,B066,2025-08-01,2025-09-15,99700.0,False,True,2025-10-06,21.0,paid
INV-07547,B140,2025-08-01,2025-09-15,7700.0,True,False,2025-10-30,45.0,paid
INV-00575,B011,2025-08-01,2025-09-15,22100.0,False,True,2025-10-16,31.0,paid
INV-01151,B020,2025-08-01,2025-08-31,121000.0,False,False,2025-09-30,30.0,paid
INV-11847,B212,2025-08-01,2025-09-15,41700.0,False,False,2025-09-10,-5.0,paid
INV-11846,B212,2025-08-01,2025-09-15,63200.0,False,True,2025-09-24,9.0,paid
INV-05062,B093,2025-08-01,2025-09-15,83400.0,False,False,2025-09-19,4.0,paid
INV-10812,B195,2025-08-02,2025-09-01,15300.0,False,False,2025-09-25,24.0,paid
INV-08887,B167,2025-08-02,2025-09-01,27400.0,False,False,2025-09-03,2.0,paid
INV-00976,B018,2025-08-02,2025-09-01,23600.0,False,True,2025-10-24,53.0,paid
INV-10914,B197,2025-08-02,2025-09-16,39500.0,False,False,2025-09-10,-6.0,paid
INV-02211,B040,2025-08-02,2025-09-01,54900.0,False,False,2025-09-04,3.0,paid
INV-06338,B112,2025-08-02,2025-09-16,20500.0,False,False,2025-09-12,-4.0,paid
INV-07924,B145,2025-08-02,2025-09-16,25600.0,False,False,2025-09-08,-8.0,paid
INV-00285,B005,2025-08-02,2025-09-01,48500.0,False,False,2025-09-03,2.0,paid
INV-10813,B195,2025-08-02,2025-09-01,21500.0,False,False,2025-09-29,28.0,paid
INV-02355,B044,2025-08-02,2025-09-01,48300.0,False,False,2025-09-26,25.0,paid
INV-02137,B039,2025-08-02,2025-09-16,24400.0,False,False,2025-09-27,11.0,paid
INV-01152,B020,2025-08-02,2025-09-01,105400.0,False,False,2025-09-24,23.0,paid
INV-01987,B037,2025-08-02,2025-09-16,123200.0,False,False,2025-09-13,-3.0,paid
INV-01153,B020,2025-08-02,2025-09-01,352700.0,False,False,2025-09-27,26.0,paid
INV-03823,B072,2025-08-03,2025-09-02,23500.0,False,False,2025-09-11,9.0,paid
INV-11390,B205,2025-08-03,2025-09-17,52800.0,False,True,2025-09-21,4.0,paid
INV-02356,B044,2025-08-03,2025-09-02,82900.0,False,False,2025-09-12,10.0,paid
INV-01891,B035,2025-08-03,2025-09-17,47700.0,False,True,2025-10-12,25.0,paid
INV-07836,B144,2025-08-03,2025-09-02,36400.0,False,False,2025-08-31,-2.0,paid
INV-07233,B135,2025-08-03,2025-09-17,18300.0,False,False,2025-10-07,20.0,paid
INV-02512,B048,2025-08-03,2025-09-17,81700.0,False,False,2025-10-17,30.0,paid
INV-01324,B023,2025-08-03,2025-09-17,23700.0,False,False,2025-10-04,17.0,paid
INV-05962,B104,2025-08-03,2025-09-02,164500.0,False,False,2025-09-04,2.0,paid
INV-03127,B059,2025-08-03,2025-09-17,11800.0,False,True,2025-10-22,35.0,paid
INV-05235,B096,2025-08-03,2025-09-17,42200.0,False,False,2025-10-20,33.0,paid
INV-00384,B007,2025-08-03,2025-09-02,464100.0,False,False,2025-09-18,16.0,paid
INV-03086,B058,2025-08-03,2025-09-17,58200.0,False,True,2025-10-20,33.0,paid
INV-03466,B067,2025-08-03,2025-09-02,30100.0,False,False,2025-08-23,-10.0,paid
INV-05627,B100,2025-08-03,2025-09-02,27300.0,False,False,2025-09-23,21.0,paid
INV-09181,B170,2025-08-03,2025-09-17,10100.0,False,True,2025-12-01,75.0,paid
INV-10162,B185,2025-08-03,2025-09-17,123800.0,False,False,2025-10-26,39.0,paid
INV-04438,B085,2025-08-03,2025-09-02,154600.0,True,False,2025-10-20,48.0,paid
INV-05170,B095,2025-08-04,2025-09-18,16400.0,False,False,2025-11-08,51.0,paid
INV-00521,B010,2025-08-04,2025-09-18,12300.0,False,False,2025-09-16,-2.0,paid
INV-03467,B067,2025-08-04,2025-09-03,87200.0,False,True,2025-09-10,7.0,paid
INV-03050,B057,2025-08-04,2025-09-03,291500.0,False,True,2025-09-14,11.0,paid
INV-09002,B168,2025-08-04,2025-09-18,93000.0,False,False,2025-10-04,16.0,paid
INV-00231,B004,2025-08-04,2025-09-18,21200.0,False,False,2025-10-17,29.0,paid
INV-05754,B101,2025-08-04,2025-09-18,63100.0,False,False,2025-10-17,29.0,paid
INV-09840,B181,2025-08-04,2025-09-18,82100.0,False,False,2025-10-08,20.0,paid
INV-04754,B088,2025-08-04,2025-09-03,62600.0,False,False,2025-09-04,1.0,paid
INV-04048,B076,2025-08-05,2025-09-19,40100.0,False,False,2025-10-13,24.0,paid
INV-02212,B040,2025-08-05,2025-09-04,17600.0,False,False,2025-08-25,-10.0,paid
INV-09125,B169,2025-08-05,2025-09-04,42500.0,False,False,2025-09-15,11.0,paid
INV-03824,B072,2025-08-05,2025-09-04,18500.0,False,False,2025-09-06,2.0,paid
INV-11681,B211,2025-08-05,2025-09-19,163600.0,False,True,2025-11-02,44.0,paid
INV-04047,B076,2025-08-05,2025-09-19,84900.0,True,False,2025-11-06,48.0,paid
INV-07837,B144,2025-08-05,2025-09-04,72800.0,False,False,2025-09-01,-3.0,paid
INV-02044,B038,2025-08-06,2025-09-05,32200.0,False,False,2025-09-28,23.0,paid
INV-11954,B213,2025-08-06,2025-09-20,35000.0,False,False,2025-09-19,-1.0,paid
INV-06261,B109,2025-08-06,2025-09-05,46900.0,True,False,2025-11-01,57.0,paid
INV-11018,B199,2025-08-06,2025-09-20,7200.0,False,False,2025-09-10,-10.0,paid
INV-05442,B098,2025-08-06,2025-09-05,5600.0,False,True,2025-09-24,19.0,paid
INV-03586,B068,2025-08-06,2025-09-05,23200.0,False,False,2025-08-26,-10.0,paid
INV-02994,B056,2025-08-06,2025-09-20,41900.0,False,False,2025-10-12,22.0,paid
INV-06061,B105,2025-08-06,2025-09-05,55600.0,False,False,2025-08-30,-6.0,paid
INV-05628,B100,2025-08-06,2025-09-05,26500.0,False,False,2025-09-26,21.0,paid
INV-04638,B087,2025-08-06,2025-09-20,38600.0,False,False,2025-10-01,11.0,paid
INV-09003,B168,2025-08-06,2025-09-20,272700.0,False,False,2025-10-10,20.0,paid
INV-00789,B015,2025-08-07,2025-09-06,43900.0,False,False,2025-08-27,-10.0,paid
INV-06810,B123,2025-08-07,2025-09-21,111800.0,True,False,2025-11-29,69.0,paid
INV-00128,B002,2025-08-07,2025-09-06,169400.0,False,False,2025-09-07,1.0,paid
INV-03665,B069,2025-08-07,2025-09-06,73700.0,True,False,2025-11-04,59.0,paid
INV-10500,B189,2025-08-07,2025-09-21,32400.0,False,False,2025-09-28,7.0,paid
INV-04541,B086,2025-08-07,2025-09-21,179700.0,False,False,2025-09-13,-8.0,paid
INV-09705,B178,2025-08-07,2025-09-06,19700.0,False,False,2025-09-25,19.0,paid
INV-10029,B183,2025-08-07,2025-09-21,112100.0,False,False,2025-10-23,32.0,paid
INV-00027,B000,2025-08-07,2025-09-21,29700.0,False,False,2025-10-03,12.0,paid
INV-08065,B148,2025-08-07,2025-09-06,9100.0,False,False,2025-09-11,5.0,paid
INV-01577,B028,2025-08-07,2025-09-21,8400.0,False,False,2025-10-19,28.0,paid
INV-04306,B082,2025-08-07,2025-09-21,24300.0,False,False,2025-09-23,2.0,paid
INV-04261,B081,2025-08-07,2025-09-06,34700.0,False,False,2025-10-03,27.0,paid
INV-08066,B148,2025-08-07,2025-09-06,8000.0,False,True,2025-09-27,21.0,paid
INV-06535,B118,2025-08-08,2025-09-07,12800.0,False,True,2025-10-25,48.0,paid
INV-06950,B129,2025-08-08,2025-09-22,88300.0,True,False,2025-10-25,33.0,paid
INV-05063,B093,2025-08-08,2025-09-22,34900.0,False,False,2025-10-01,9.0,paid
INV-00790,B015,2025-08-08,2025-09-07,34300.0,False,False,2025-08-28,-10.0,paid
INV-11848,B212,2025-08-08,2025-09-22,60500.0,False,False,2025-09-21,-1.0,paid
INV-07498,B139,2025-08-08,2025-09-07,112600.0,False,False,2025-09-30,23.0,paid
INV-01064,B019,2025-08-08,2025-09-07,33600.0,False,False,2025-09-24,17.0,paid
INV-08311,B156,2025-08-08,2025-09-07,17500.0,False,False,2025-09-18,11.0,paid
INV-01845,B034,2025-08-08,2025-09-22,114100.0,False,False,2025-10-05,13.0,paid
INV-11849,B212,2025-08-08,2025-09-22,46400.0,False,False,2025-09-16,-6.0,paid
INV-06339,B112,2025-08-08,2025-09-22,17600.0,False,False,2025-12-26,95.0,paid
INV-06114,B107,2025-08-09,2025-09-23,45800.0,False,True,2025-10-07,14.0,paid
INV-00852,B016,2025-08-09,2025-09-23,25800.0,False,False,2025-10-11,18.0,paid
INV-08067,B148,2025-08-09,2025-09-08,8100.0,False,False,2025-09-25,17.0,paid
INV-12139,B218,2025-08-09,2025-09-23,127400.0,False,False,2025-10-18,25.0,paid
INV-04639,B087,2025-08-09,2025-09-23,29500.0,False,False,2025-09-20,-3.0,paid
INV-01813,B033,2025-08-09,2025-09-23,46200.0,False,False,2025-11-06,44.0,paid
INV-02577,B050,2025-08-09,2025-09-08,38800.0,False,False,2025-10-07,29.0,paid
INV-01846,B034,2025-08-09,2025-09-23,106100.0,False,False,2025-09-27,4.0,paid
INV-02045,B038,2025-08-09,2025-09-08,163200.0,False,False,2025-10-07,29.0,paid
INV-10576,B190,2025-08-10,2025-09-24,48300.0,False,True,2025-10-26,32.0,paid
INV-02724,B052,2025-08-10,2025-09-09,53700.0,False,False,2025-10-23,44.0,paid
INV-04169,B079,2025-08-10,2025-09-09,59800.0,False,False,2025-09-10,1.0,paid
INV-10163,B185,2025-08-10,2025-09-24,182700.0,False,False,2025-10-30,36.0,paid
INV-03128,B059,2025-08-10,2025-09-24,21000.0,False,False,2025-10-28,34.0,paid
INV-05963,B104,2025-08-11,2025-09-10,156600.0,True,True,2025-10-22,42.0,paid
INV-09595,B176,2025-08-11,2025-09-25,6600.0,False,False,2025-10-22,27.0,paid
INV-10030,B183,2025-08-11,2025-09-25,53700.0,True,False,2025-11-05,41.0,paid
INV-07700,B143,2025-08-11,2025-09-25,53300.0,False,False,2026-01-18,115.0,paid
INV-07397,B138,2025-08-11,2025-09-10,34100.0,False,False,2025-09-27,17.0,paid
INV-06472,B116,2025-08-11,2025-09-25,132800.0,False,False,2025-10-10,15.0,paid
INV-01541,B027,2025-08-11,2025-09-10,53300.0,False,False,2025-09-05,-5.0,paid
INV-02046,B038,2025-08-11,2025-09-10,43700.0,False,True,2025-10-12,32.0,paid
INV-10373,B187,2025-08-11,2025-09-10,79800.0,False,False,2025-09-29,19.0,paid
INV-08402,B158,2025-08-11,2025-09-25,9700.0,False,True,2025-12-14,80.0,paid
INV-09004,B168,2025-08-11,2025-09-25,88300.0,False,False,2025-10-18,23.0,paid
INV-09005,B168,2025-08-12,2025-09-26,76800.0,False,False,2025-10-18,22.0,paid
INV-11391,B205,2025-08-12,2025-09-26,150900.0,False,False,2025-10-02,6.0,paid
INV-08312,B156,2025-08-12,2025-09-11,21400.0,False,False,2025-09-22,11.0,paid
INV-03927,B074,2025-08-12,2025-09-11,20000.0,False,True,2025-10-10,29.0,paid
INV-10814,B195,2025-08-12,2025-09-11,31300.0,False,False,2025-10-15,34.0,paid
INV-01988,B037,2025-08-12,2025-09-26,253900.0,False,False,2025-09-28,2.0,paid
INV-06062,B105,2025-08-12,2025-09-11,29000.0,False,False,2025-09-06,-5.0,paid
INV-01814,B033,2025-08-12,2025-09-26,71600.0,True,False,2025-11-24,59.0,paid
INV-08458,B159,2025-08-12,2025-09-26,137100.0,False,False,2025-10-11,15.0,paid
INV-11850,B212,2025-08-12,2025-09-26,55500.0,False,False,2025-10-02,6.0,paid
INV-08361,B157,2025-08-12,2025-09-11,25400.0,False,False,2025-10-08,27.0,paid
INV-05629,B100,2025-08-13,2025-09-12,29700.0,False,True,2025-10-05,23.0,paid
INV-01542,B027,2025-08-13,2025-09-12,60800.0,False,False,2025-09-10,-2.0,paid
INV-07838,B144,2025-08-13,2025-09-12,98300.0,False,False,2025-09-04,-8.0,paid
INV-04336,B083,2025-08-13,2025-09-27,21800.0,False,True,2025-11-10,44.0,paid
INV-06201,B108,2025-08-13,2025-09-12,22600.0,False,False,2025-09-18,6.0,paid
INV-03165,B060,2025-08-13,2025-09-27,27200.0,False,False,2025-10-05,8.0,paid
INV-06396,B114,2025-08-13,2025-09-27,7700.0,False,False,2025-10-10,13.0,paid
INV-10287,B186,2025-08-13,2025-09-27,368100.0,False,False,2025-10-25,28.0,paid
INV-06115,B107,2025-08-13,2025-09-27,25000.0,False,False,2025-09-17,-10.0,paid
INV-09841,B181,2025-08-13,2025-09-27,143100.0,False,False,2025-10-23,26.0,paid
INV-07701,B143,2025-08-13,2025-09-27,23000.0,False,False,2025-10-08,11.0,paid
INV-09006,B168,2025-08-13,2025-09-27,46700.0,False,False,2025-10-16,19.0,paid
INV-11526,B207,2025-08-13,2025-09-12,26000.0,False,False,2025-09-11,-1.0,paid
INV-08593,B161,2025-08-14,2025-09-13,48700.0,False,False,2025-09-18,5.0,paid
INV-09706,B178,2025-08-14,2025-09-13,20900.0,False,False,2025-10-03,20.0,paid
INV-00977,B018,2025-08-14,2025-09-13,29000.0,False,False,2026-02-23,163.0,paid
INV-03587,B068,2025-08-14,2025-09-13,88300.0,False,False,2025-09-03,-10.0,paid
INV-07168,B134,2025-08-14,2025-09-28,47700.0,False,False,2025-10-26,28.0,paid
INV-03928,B074,2025-08-14,2025-09-13,3000.0,False,False,2025-09-24,11.0,paid
INV-11105,B200,2025-08-14,2025-09-13,16300.0,False,True,2025-10-07,24.0,paid
INV-01262,B022,2025-08-14,2025-09-13,7200.0,False,False,2025-10-15,32.0,paid
INV-01154,B020,2025-08-14,2025-09-13,333800.0,False,False,2025-10-13,30.0,paid
INV-04199,B080,2025-08-15,2025-09-14,165000.0,False,False,2025-09-28,14.0,paid
INV-05964,B104,2025-08-15,2025-09-14,86800.0,False,False,2025-09-12,-2.0,paid
INV-07339,B137,2025-08-15,2025-09-29,113900.0,False,False,2025-09-24,-5.0,paid
INV-04542,B086,2025-08-15,2025-09-29,215100.0,False,False,2025-09-24,-5.0,paid
INV-06340,B112,2025-08-15,2025-09-29,4900.0,False,True,2025-09-19,-10.0,paid
INV-02725,B052,2025-08-15,2025-09-14,99000.0,False,False,2025-11-02,49.0,paid
INV-11983,B214,2025-08-15,2025-09-29,107200.0,False,False,2025-11-01,33.0,paid
INV-11645,B210,2025-08-15,2025-09-14,85900.0,False,False,2025-10-02,18.0,paid
INV-04755,B088,2025-08-15,2025-09-14,37300.0,False,False,2025-09-17,3.0,paid
INV-06435,B115,2025-08-15,2025-09-29,66500.0,False,False,2025-10-13,14.0,paid
INV-00978,B018,2025-08-15,2025-09-14,61100.0,False,False,2025-11-02,49.0,paid
INV-00979,B018,2025-08-15,2025-09-14,23700.0,False,False,2025-10-30,46.0,paid
INV-09596,B176,2025-08-15,2025-09-29,7300.0,True,False,2025-10-31,32.0,paid
INV-07338,B137,2025-08-15,2025-09-29,91900.0,False,False,2025-09-22,-7.0,paid
INV-11392,B205,2025-08-15,2025-09-29,78800.0,False,False,2025-10-06,7.0,paid
INV-07069,B132,2025-08-16,2025-09-30,55000.0,False,False,2025-10-06,6.0,paid
INV-10577,B190,2025-08-16,2025-09-30,38100.0,False,False,2025-10-16,16.0,paid
INV-11851,B212,2025-08-16,2025-09-30,35900.0,False,False,2025-09-26,-4.0,paid
INV-03875,B073,2025-08-16,2025-09-30,107200.0,False,False,2025-10-24,24.0,paid
INV-10653,B192,2025-08-16,2025-09-30,18300.0,False,False,2025-09-20,-10.0,paid
INV-00205,B003,2025-08-16,2025-09-15,32000.0,False,False,2025-10-14,29.0,paid
INV-11106,B200,2025-08-16,2025-09-15,33400.0,False,False,2025-10-10,25.0,paid
INV-05348,B097,2025-08-16,2025-09-15,72100.0,False,False,2025-10-01,16.0,paid
INV-01155,B020,2025-08-16,2025-09-15,143800.0,False,False,2025-10-03,18.0,paid
INV-03468,B067,2025-08-16,2025-09-15,61400.0,False,False,2025-09-12,-3.0,paid
INV-10164,B185,2025-08-16,2025-09-30,93500.0,False,False,2025-11-07,38.0,paid
INV-10288,B186,2025-08-17,2025-10-01,98200.0,False,False,2025-10-12,11.0,paid
INV-10165,B185,2025-08-17,2025-10-01,59400.0,False,False,2025-11-10,40.0,paid
INV-01578,B028,2025-08-17,2025-10-01,11700.0,False,False,2025-11-09,39.0,paid
INV-03825,B072,2025-08-17,2025-09-16,6600.0,False,False,2025-09-15,-1.0,paid
INV-05965,B104,2025-08-17,2025-09-16,99900.0,False,False,2025-10-04,18.0,paid
INV-10501,B189,2025-08-17,2025-10-01,14500.0,False,False,2025-10-10,9.0,paid
INV-06202,B108,2025-08-17,2025-09-16,18400.0,False,False,2025-10-01,15.0,paid
INV-06985,B130,2025-08-17,2025-09-16,18000.0,False,False,2025-09-10,-6.0,paid
INV-01815,B033,2025-08-17,2025-10-01,10800.0,False,False,2025-10-24,23.0,paid
INV-04901,B090,2025-08-17,2025-10-01,232600.0,False,False,2025-10-25,24.0,paid
INV-02759,B053,2025-08-17,2025-09-16,56000.0,False,False,2025-09-11,-5.0,paid
INV-04902,B090,2025-08-17,2025-10-01,110600.0,False,False,2025-10-14,13.0,paid
INV-11325,B204,2025-08-18,2025-09-17,90200.0,False,False,2025-10-08,21.0,paid
INV-09272,B172,2025-08-18,2025-10-02,21500.0,False,False,2025-11-29,58.0,paid
INV-04384,B084,2025-08-18,2025-10-02,6700.0,False,False,2025-11-11,40.0,paid
INV-00286,B005,2025-08-18,2025-09-17,11000.0,False,False,2025-09-07,-10.0,paid
INV-00791,B015,2025-08-18,2025-09-17,91000.0,False,False,2025-09-13,-4.0,paid
INV-02895,B055,2025-08-18,2025-09-17,47300.0,False,False,2025-10-21,34.0,paid
INV-08403,B158,2025-08-18,2025-10-02,22000.0,False,False,2025-11-20,49.0,paid
INV-02896,B055,2025-08-18,2025-09-17,131100.0,False,False,2025-09-30,13.0,paid
INV-02047,B038,2025-08-18,2025-09-17,31700.0,False,False,2025-10-05,18.0,paid
INV-02048,B038,2025-08-18,2025-09-17,69100.0,False,False,2025-09-21,4.0,paid
INV-01641,B029,2025-08-18,2025-10-02,38200.0,False,False,2025-10-24,22.0,paid
INV-02657,B051,2025-08-19,2025-09-18,56600.0,False,False,2025-10-06,18.0,paid
INV-00206,B003,2025-08-19,2025-09-18,14400.0,False,False,2025-10-13,25.0,paid
INV-10871,B196,2025-08-19,2025-09-18,39600.0,False,False,2025-10-12,24.0,paid
INV-01716,B030,2025-08-19,2025-09-18,192900.0,False,False,2025-09-17,-1.0,paid
INV-04903,B090,2025-08-19,2025-10-03,94300.0,True,False,2025-11-22,50.0,paid
INV-02897,B055,2025-08-19,2025-09-18,41300.0,False,False,2025-10-03,15.0,paid
INV-10374,B187,2025-08-19,2025-09-18,138300.0,False,False,2025-09-30,12.0,paid
INV-00980,B018,2025-08-19,2025-09-18,42000.0,False,False,2025-11-10,53.0,paid
INV-11019,B199,2025-08-19,2025-10-03,27500.0,False,False,2026-01-20,109.0,paid
INV-01642,B029,2025-08-19,2025-10-03,38300.0,False,False,2025-10-29,26.0,paid
INV-11852,B212,2025-08-19,2025-10-03,30400.0,False,False,2025-10-01,-2.0,paid
INV-05630,B100,2025-08-19,2025-09-18,59200.0,False,True,2025-10-30,42.0,paid
INV-09919,B182,2025-08-20,2025-09-19,115300.0,False,False,2025-09-17,-2.0,paid
INV-11853,B212,2025-08-20,2025-10-04,149000.0,False,False,2025-10-17,13.0,paid
INV-08888,B167,2025-08-20,2025-09-19,50700.0,False,False,2025-10-12,23.0,paid
INV-01392,B024,2025-08-20,2025-09-19,179400.0,False,False,2025-09-09,-10.0,paid
INV-07398,B138,2025-08-20,2025-09-19,58600.0,False,False,2025-09-24,5.0,paid
INV-07169,B134,2025-08-20,2025-10-04,64700.0,False,False,2025-11-03,30.0,paid
INV-01514,B026,2025-08-20,2025-10-04,58800.0,False,False,2025-10-18,14.0,paid
INV-08889,B167,2025-08-21,2025-09-20,33700.0,False,False,2025-10-04,14.0,paid
INV-10289,B186,2025-08-21,2025-10-05,51500.0,False,False,2025-10-16,11.0,paid
INV-07499,B139,2025-08-21,2025-09-20,58700.0,False,False,2025-09-28,8.0,paid
INV-02995,B056,2025-08-21,2025-10-05,35900.0,False,True,2025-10-28,23.0,paid
INV-08677,B162,2025-08-21,2025-09-20,8700.0,False,False,2025-09-29,9.0,paid
INV-09007,B168,2025-08-22,2025-10-06,63700.0,False,True,2025-11-16,41.0,paid
INV-09920,B182,2025-08-22,2025-09-21,26500.0,False,False,2025-09-23,2.0,paid
INV-02658,B051,2025-08-22,2025-09-21,132900.0,False,False,2025-10-12,21.0,paid
INV-07340,B137,2025-08-22,2025-10-06,51700.0,False,False,2025-09-30,-6.0,paid
INV-09805,B180,2025-08-22,2025-09-21,23200.0,False,False,2025-10-14,23.0,paid
INV-07399,B138,2025-08-22,2025-09-21,28000.0,True,False,2025-10-17,26.0,paid
INV-04756,B088,2025-08-22,2025-09-21,128900.0,False,False,2025-09-25,4.0,paid
INV-03588,B068,2025-08-22,2025-09-21,71600.0,False,False,2025-09-11,-10.0,paid
INV-10654,B192,2025-08-22,2025-10-06,27400.0,False,False,2025-09-29,-7.0,paid
INV-09182,B170,2025-08-23,2025-10-07,14100.0,False,False,2025-12-23,77.0,paid
INV-10290,B186,2025-08-23,2025-10-07,50300.0,False,False,2025-10-25,18.0,paid
INV-05507,B099,2025-08-23,2025-09-22,118300.0,False,True,2025-10-16,24.0,paid
INV-10872,B196,2025-08-23,2025-09-22,27600.0,False,False,2025-10-17,25.0,paid
INV-03469,B067,2025-08-23,2025-09-22,146900.0,False,False,2025-09-18,-4.0,paid
INV-00439,B008,2025-08-23,2025-10-07,37400.0,False,False,2025-10-31,24.0,paid
INV-10915,B197,2025-08-23,2025-10-07,90000.0,False,False,2025-10-08,1.0,paid
INV-11854,B212,2025-08-23,2025-10-07,114000.0,False,False,2025-10-10,3.0,paid
INV-08818,B165,2025-08-23,2025-09-22,21100.0,False,False,2025-09-29,7.0,paid
INV-03929,B074,2025-08-23,2025-09-22,12200.0,False,True,2025-10-09,17.0,paid
INV-02272,B042,2025-08-24,2025-09-23,51800.0,False,False,2025-09-30,7.0,paid
INV-09764,B179,2025-08-24,2025-09-23,19600.0,False,False,2025-10-18,25.0,paid
INV-02049,B038,2025-08-24,2025-09-23,21800.0,False,False,2025-10-03,10.0,paid
INV-10291,B186,2025-08-24,2025-10-08,118900.0,False,False,2025-10-22,14.0,paid
INV-09218,B171,2025-08-24,2025-09-23,258600.0,False,False,2025-10-27,34.0,paid
INV-10815,B195,2025-08-24,2025-09-23,9700.0,False,False,2025-10-19,26.0,paid
INV-01816,B033,2025-08-24,2025-10-08,34500.0,False,False,2025-11-20,43.0,paid
INV-03195,B061,2025-08-24,2025-09-23,40700.0,False,False,2025-09-13,-10.0,paid
INV-03930,B074,2025-08-24,2025-09-23,9800.0,True,False,2025-11-13,51.0,paid
INV-09273,B172,2025-08-24,2025-10-08,25400.0,False,False,2025-11-29,52.0,paid
INV-09412,B174,2025-08-24,2025-09-23,16400.0,False,False,2025-09-13,-10.0,paid
INV-07070,B132,2025-08-25,2025-10-09,53100.0,False,False,2025-10-14,5.0,paid
INV-00440,B008,2025-08-25,2025-10-09,58600.0,False,False,2025-10-21,12.0,paid
INV-11561,B208,2025-08-25,2025-09-24,144900.0,False,False,2025-10-31,37.0,paid
INV-03758,B071,2025-08-25,2025-09-24,55200.0,False,False,2025-10-09,15.0,paid
INV-05631,B100,2025-08-25,2025-09-24,39100.0,False,False,2025-10-17,23.0,paid
INV-10502,B189,2025-08-25,2025-10-09,39400.0,False,False,2025-11-04,26.0,paid
INV-03589,B068,2025-08-25,2025-09-24,31700.0,True,False,2025-09-14,-10.0,paid
INV-01763,B031,2025-08-25,2025-09-24,12700.0,False,False,2025-10-03,9.0,paid
INV-08732,B163,2025-08-25,2025-09-24,45700.0,False,False,2025-10-04,10.0,paid
INV-02318,B043,2025-08-25,2025-10-09,45000.0,False,False,2025-11-14,36.0,paid
INV-03470,B067,2025-08-25,2025-09-24,29100.0,False,False,2025-09-14,-10.0,paid
INV-10292,B186,2025-08-25,2025-10-09,120800.0,False,False,2025-10-26,17.0,paid
INV-10166,B185,2025-08-25,2025-10-09,120400.0,False,False,2025-11-27,49.0,paid
INV-01263,B022,2025-08-25,2025-09-24,11600.0,False,False,2026-01-24,122.0,paid
INV-11562,B208,2025-08-26,2025-09-25,36800.0,False,False,2025-10-29,34.0,paid
INV-08594,B161,2025-08-26,2025-09-25,97900.0,False,False,2025-10-15,20.0,paid
INV-12140,B218,2025-08-26,2025-10-10,120200.0,False,False,2025-10-26,16.0,paid
INV-10816,B195,2025-08-26,2025-09-25,7200.0,False,False,2025-10-17,22.0,paid
INV-10447,B188,2025-08-26,2025-09-25,17000.0,False,False,2025-10-01,6.0,paid
INV-03295,B064,2025-08-26,2025-10-10,41400.0,False,True,2025-11-09,30.0,paid
INV-10031,B183,2025-08-26,2025-10-10,165800.0,False,False,2025-11-14,35.0,paid
INV-07993,B147,2025-08-26,2025-09-25,44900.0,False,False,2025-10-16,21.0,paid
INV-01325,B023,2025-08-26,2025-10-10,18500.0,False,False,2025-11-03,24.0,paid
INV-10916,B197,2025-08-26,2025-10-10,101600.0,False,False,2025-10-19,9.0,paid
INV-06473,B116,2025-08-26,2025-10-10,143100.0,False,False,2025-10-25,15.0,paid
INV-05632,B100,2025-08-26,2025-09-25,31800.0,False,False,2025-10-08,13.0,paid
INV-01847,B034,2025-08-26,2025-10-10,143800.0,False,False,2025-11-02,23.0,paid
INV-10503,B189,2025-08-26,2025-10-10,89200.0,False,False,2025-10-31,21.0,paid
INV-05755,B101,2025-08-26,2025-10-10,63000.0,False,False,2025-11-22,43.0,paid
INV-02726,B052,2025-08-26,2025-09-25,78500.0,False,False,2025-12-02,68.0,paid
INV-11855,B212,2025-08-26,2025-10-10,155800.0,False,False,2025-10-28,18.0,paid
INV-04385,B084,2025-08-26,2025-10-10,8700.0,False,False,2025-11-15,36.0,paid
INV-00028,B000,2025-08-26,2025-10-10,12200.0,False,False,2025-10-20,10.0,paid
INV-09008,B168,2025-08-26,2025-10-10,65300.0,False,False,2025-11-06,27.0,paid
INV-01264,B022,2025-08-27,2025-09-26,3400.0,False,False,2025-10-30,34.0,paid
INV-03471,B067,2025-08-27,2025-09-26,50800.0,False,False,2025-09-16,-10.0,paid
INV-10873,B196,2025-08-27,2025-09-26,40400.0,False,False,2025-10-30,34.0,paid
INV-01156,B020,2025-08-27,2025-09-26,82400.0,False,False,2025-10-09,13.0,paid
INV-05966,B104,2025-08-27,2025-09-26,90900.0,False,False,2025-09-23,-3.0,paid
INV-11449,B206,2025-08-27,2025-10-11,20500.0,False,False,2025-11-01,21.0,paid
INV-01393,B024,2025-08-27,2025-09-26,246200.0,False,False,2025-09-16,-10.0,paid
INV-02996,B056,2025-08-27,2025-10-11,251200.0,False,True,2025-11-22,42.0,paid
INV-07170,B134,2025-08-27,2025-10-11,39000.0,False,False,2025-10-31,20.0,paid
INV-12141,B218,2025-08-28,2025-10-12,131000.0,False,False,2025-11-02,21.0,paid
INV-08459,B159,2025-08-28,2025-10-12,91800.0,False,False,2025-10-28,16.0,paid
INV-03826,B072,2025-08-28,2025-09-27,79100.0,False,False,2025-10-27,30.0,paid
INV-06436,B115,2025-08-28,2025-10-12,32100.0,False,False,2025-10-30,18.0,paid
INV-04439,B085,2025-08-28,2025-09-27,35700.0,False,False,2025-10-14,17.0,paid
INV-00981,B018,2025-08-28,2025-09-27,29400.0,False,False,2025-11-17,51.0,paid
INV-06262,B109,2025-08-28,2025-09-27,43400.0,False,True,2025-11-01,35.0,paid
INV-05236,B096,2025-08-28,2025-10-12,41000.0,False,True,2025-11-24,43.0,paid
INV-08596,B161,2025-08-28,2025-09-27,115300.0,False,False,2025-10-13,16.0,paid
INV-08595,B161,2025-08-28,2025-09-27,62000.0,False,False,2025-10-12,15.0,paid
INV-02997,B056,2025-08-29,2025-10-13,64300.0,False,False,2025-10-30,17.0,paid
INV-01065,B019,2025-08-29,2025-09-28,52100.0,False,False,2025-10-25,27.0,paid
INV-09274,B172,2025-08-29,2025-10-13,52300.0,False,False,2025-11-18,36.0,paid
INV-03876,B073,2025-08-29,2025-10-13,145000.0,False,False,2025-11-11,29.0,paid
INV-06536,B118,2025-08-29,2025-09-28,4800.0,False,False,2025-10-30,32.0,paid
INV-11450,B206,2025-08-29,2025-10-13,16000.0,False,False,2025-10-31,18.0,paid
INV-10293,B186,2025-08-29,2025-10-13,75200.0,False,False,2025-10-18,5.0,paid
INV-11326,B204,2025-08-29,2025-09-28,75300.0,False,True,2025-10-22,24.0,paid
INV-01643,B029,2025-08-29,2025-10-13,28900.0,False,False,2026-03-02,140.0,paid
INV-02050,B038,2025-08-29,2025-09-28,19500.0,False,False,2025-10-06,8.0,paid
INV-04262,B081,2025-08-29,2025-09-28,13700.0,False,False,2025-10-25,27.0,paid
INV-06879,B126,2025-08-29,2025-10-13,447100.0,True,False,2025-11-30,48.0,paid
INV-06437,B115,2025-08-29,2025-10-13,33900.0,False,False,2025-10-19,6.0,paid
INV-09523,B175,2025-08-29,2025-09-28,46900.0,False,False,2025-09-23,-5.0,paid
INV-00441,B008,2025-08-29,2025-10-13,36400.0,False,False,2025-10-30,17.0,paid
INV-11174,B201,2025-08-29,2025-10-13,8600.0,False,False,2025-11-23,41.0,paid
INV-11955,B213,2025-08-29,2025-10-13,29300.0,False,False,2025-10-21,8.0,paid
INV-04200,B080,2025-08-29,2025-09-28,126800.0,False,False,2025-10-17,19.0,paid
INV-04640,B087,2025-08-29,2025-10-13,29700.0,True,False,2025-11-08,26.0,paid
INV-03472,B067,2025-08-30,2025-09-29,89800.0,False,True,2025-09-30,1.0,paid
INV-09219,B171,2025-08-30,2025-09-29,374400.0,True,False,2025-11-24,56.0,paid
INV-02659,B051,2025-08-30,2025-09-29,21200.0,False,True,2026-02-07,131.0,paid
INV-10753,B194,2025-08-30,2025-10-14,20700.0,False,True,2025-10-20,6.0,paid
INV-10958,B198,2025-08-30,2025-10-14,30800.0,False,True,2025-12-17,64.0,paid
INV-03931,B074,2025-08-30,2025-09-29,5000.0,False,False,2025-10-07,8.0,paid
INV-04543,B086,2025-08-30,2025-10-14,146700.0,False,False,2025-10-17,3.0,paid
INV-09644,B177,2025-08-30,2025-10-14,48800.0,False,False,2025-12-11,58.0,paid
INV-03877,B073,2025-08-31,2025-10-15,61800.0,False,False,2025-11-06,22.0,paid
INV-10504,B189,2025-08-31,2025-10-15,26300.0,False,True,2025-11-06,22.0,paid
INV-02998,B056,2025-08-31,2025-10-15,155200.0,False,False,2025-11-26,42.0,paid
INV-05237,B096,2025-08-31,2025-10-15,35200.0,False,False,2025-12-02,48.0,paid
INV-11597,B209,2025-08-31,2025-10-15,95000.0,False,False,2025-10-24,9.0,paid
INV-01326,B023,2025-08-31,2025-10-15,12100.0,False,False,2025-10-31,16.0,paid
INV-04845,B089,2025-08-31,2025-09-30,89700.0,False,True,2025-10-15,15.0,paid
INV-11563,B208,2025-08-31,2025-09-30,40900.0,False,False,2025-10-25,25.0,paid
INV-01220,B021,2025-08-31,2025-10-15,8400.0,False,False,2025-11-02,18.0,paid
INV-05967,B104,2025-08-31,2025-09-30,74200.0,False,False,2025-10-06,6.0,paid
INV-06537,B118,2025-08-31,2025-09-30,19500.0,False,True,2025-11-15,46.0,paid
INV-07702,B143,2025-08-31,2025-10-15,20700.0,False,False,2025-10-24,9.0,paid
INV-02051,B038,2025-08-31,2025-09-30,51200.0,False,False,2025-10-12,12.0,paid
INV-10817,B195,2025-08-31,2025-09-30,23800.0,False,False,2025-10-21,21.0,paid
INV-00576,B011,2025-08-31,2025-10-15,86700.0,False,False,2026-01-06,83.0,paid
INV-03338,B065,2025-08-31,2025-09-30,56100.0,False,False,2025-10-02,2.0,paid
INV-11261,B203,2025-09-01,2025-10-01,10600.0,False,False,2025-11-02,32.0,paid
INV-02760,B053,2025-09-01,2025-10-01,22300.0,False,True,2025-10-15,14.0,paid
INV-04049,B076,2025-09-01,2025-10-16,81400.0,False,False,2025-11-14,29.0,paid
INV-08733,B163,2025-09-01,2025-10-01,50000.0,False,False,2025-10-24,23.0,paid
INV-08597,B161,2025-09-01,2025-10-01,107400.0,False,False,2025-10-23,22.0,paid
INV-06263,B109,2025-09-01,2025-10-01,30700.0,False,True,2025-11-09,39.0,paid
INV-02660,B051,2025-09-01,2025-10-01,43800.0,False,False,2025-10-31,30.0,paid
INV-10032,B183,2025-09-01,2025-10-16,73100.0,False,False,2025-11-26,41.0,paid
INV-12070,B217,2025-09-01,2025-10-16,31400.0,False,False,2025-11-02,17.0,paid
INV-02250,B041,2025-09-01,2025-10-16,31900.0,False,False,2025-11-03,18.0,paid
INV-07277,B136,2025-09-01,2025-10-01,70500.0,False,False,2025-10-16,15.0,paid
INV-07116,B133,2025-09-02,2025-10-02,44700.0,False,False,2025-10-09,7.0,paid
INV-00577,B011,2025-09-02,2025-10-17,22100.0,False,False,2025-12-25,69.0,paid
INV-02898,B055,2025-09-02,2025-10-02,58000.0,False,False,2025-10-23,21.0,paid
INV-09524,B175,2025-09-02,2025-10-02,70000.0,False,False,2025-10-11,9.0,paid
INV-03759,B071,2025-09-02,2025-10-02,48000.0,False,False,2025-10-10,8.0,paid
INV-02761,B053,2025-09-02,2025-10-02,57300.0,False,False,2025-10-10,8.0,paid
INV-09842,B181,2025-09-02,2025-10-17,47700.0,False,False,2025-11-05,19.0,paid
INV-11020,B199,2025-09-02,2025-10-17,11100.0,False,False,2025-10-10,-7.0,paid
INV-01265,B022,2025-09-02,2025-10-02,9100.0,False,False,2025-11-07,36.0,paid
INV-10917,B197,2025-09-02,2025-10-17,32000.0,False,False,2025-10-20,3.0,paid
INV-01644,B029,2025-09-02,2025-10-17,29700.0,False,False,2026-01-26,101.0,paid
INV-10167,B185,2025-09-02,2025-10-17,72400.0,True,False,2026-01-01,76.0,paid
INV-04846,B089,2025-09-02,2025-10-02,45700.0,False,False,2025-10-05,3.0,paid
INV-00792,B015,2025-09-02,2025-10-02,96800.0,False,True,2025-10-08,6.0,paid
INV-02999,B056,2025-09-02,2025-10-17,120900.0,False,False,2025-11-11,25.0,paid
INV-09645,B177,2025-09-02,2025-10-17,89500.0,False,False,2025-12-03,47.0,paid
INV-02052,B038,2025-09-02,2025-10-02,73900.0,False,False,2025-10-30,28.0,paid
INV-04263,B081,2025-09-03,2025-10-03,10300.0,False,False,2025-10-31,28.0,paid
INV-06298,B110,2025-09-03,2025-10-03,24700.0,False,False,2025-10-29,26.0,paid
INV-09525,B175,2025-09-03,2025-10-03,65100.0,False,False,2025-10-11,8.0,paid
INV-03000,B056,2025-09-03,2025-10-18,222000.0,False,True,2025-11-29,42.0,paid
INV-11107,B200,2025-09-03,2025-10-03,15300.0,False,False,2025-10-14,11.0,paid
INV-02273,B042,2025-09-03,2025-10-03,86800.0,False,False,2025-10-24,21.0,paid
INV-11451,B206,2025-09-03,2025-10-18,8100.0,False,False,2025-11-03,16.0,paid
INV-02138,B039,2025-09-03,2025-10-18,6400.0,False,True,2025-11-04,17.0,paid
INV-09183,B170,2025-09-03,2025-10-18,37100.0,False,False,2025-12-29,72.0,paid
INV-10578,B190,2025-09-03,2025-10-18,65600.0,False,False,2025-12-03,46.0,paid
INV-09806,B180,2025-09-03,2025-10-03,15400.0,False,False,2025-10-22,19.0,paid
INV-07071,B132,2025-09-03,2025-10-18,78600.0,False,False,2025-10-22,4.0,paid
INV-03339,B065,2025-09-03,2025-10-03,117700.0,False,False,2025-10-18,15.0,paid
INV-00479,B009,2025-09-03,2025-10-18,73500.0,False,True,2025-11-25,38.0,paid
INV-00029,B000,2025-09-03,2025-10-18,18600.0,True,False,2025-12-11,54.0,paid
INV-05633,B100,2025-09-04,2025-10-04,41500.0,False,False,2026-01-12,100.0,paid
INV-00793,B015,2025-09-04,2025-10-04,60300.0,True,False,2025-10-12,8.0,paid
INV-09707,B178,2025-09-04,2025-10-04,19600.0,False,True,2025-11-26,53.0,paid
INV-09126,B169,2025-09-04,2025-10-04,118400.0,False,False,2025-11-03,30.0,paid
INV-04201,B080,2025-09-04,2025-10-04,156100.0,False,False,2025-10-21,17.0,paid
INV-05508,B099,2025-09-04,2025-10-04,153100.0,False,False,2025-11-02,29.0,paid
INV-04544,B086,2025-09-04,2025-10-19,118500.0,True,False,2025-11-12,24.0,paid
INV-07994,B147,2025-09-04,2025-10-04,17600.0,False,False,2025-10-27,23.0,paid
INV-10959,B198,2025-09-04,2025-10-19,18200.0,False,True,2026-01-02,75.0,paid
INV-00287,B005,2025-09-04,2025-10-04,30200.0,False,False,2025-10-16,12.0,paid
INV-10603,B191,2025-09-04,2025-10-04,54900.0,False,False,2025-11-09,36.0,paid
INV-02139,B039,2025-09-04,2025-10-19,12200.0,False,False,2025-11-09,21.0,paid
INV-03340,B065,2025-09-04,2025-10-04,143300.0,False,False,2025-10-18,14.0,paid
INV-10818,B195,2025-09-04,2025-10-04,34700.0,False,False,2025-11-18,45.0,paid
INV-00385,B007,2025-09-04,2025-10-04,216900.0,False,False,2025-11-12,39.0,paid
INV-09597,B176,2025-09-04,2025-10-19,10300.0,False,False,2025-11-13,25.0,paid
INV-05756,B101,2025-09-04,2025-10-19,48500.0,False,True,2025-12-04,46.0,paid
INV-02513,B048,2025-09-05,2025-10-20,43500.0,False,False,2025-11-19,30.0,paid
INV-00522,B010,2025-09-05,2025-10-20,5100.0,False,True,2025-10-25,5.0,paid
INV-09526,B175,2025-09-05,2025-10-05,44100.0,False,False,2025-10-12,7.0,paid
INV-02899,B055,2025-09-05,2025-10-05,23300.0,False,False,2025-10-27,22.0,paid
INV-06116,B107,2025-09-05,2025-10-20,56200.0,False,False,2025-10-26,6.0,paid
INV-05349,B097,2025-09-05,2025-10-05,56200.0,False,False,2025-10-02,-3.0,paid
INV-04953,B091,2025-09-05,2025-10-05,58200.0,False,False,2025-11-12,38.0,paid
INV-08460,B159,2025-09-06,2025-10-21,80800.0,False,False,2025-11-17,27.0,paid
INV-09319,B173,2025-09-06,2025-10-21,42600.0,False,False,2025-11-03,13.0,paid
INV-01394,B024,2025-09-06,2025-10-06,133300.0,False,False,2025-09-26,-10.0,paid
INV-00129,B002,2025-09-06,2025-10-06,69800.0,False,False,2025-10-23,17.0,paid
INV-10375,B187,2025-09-06,2025-10-06,82100.0,False,False,2025-10-28,22.0,paid
INV-09646,B177,2025-09-06,2025-10-21,46400.0,False,True,2025-12-28,68.0,paid
INV-08068,B148,2025-09-06,2025-10-06,6200.0,False,True,2025-10-22,16.0,paid
INV-03222,B062,2025-09-06,2025-10-21,6000.0,False,False,2025-12-12,52.0,paid
INV-07072,B132,2025-09-06,2025-10-21,30100.0,False,False,2025-11-01,11.0,paid
INV-10819,B195,2025-09-06,2025-10-06,23700.0,False,False,2025-11-12,37.0,paid
INV-07341,B137,2025-09-06,2025-10-21,136600.0,False,False,2025-10-21,0.0,paid
INV-08598,B161,2025-09-06,2025-10-06,33200.0,False,False,2025-10-24,18.0,paid
INV-02140,B039,2025-09-07,2025-10-22,16200.0,False,False,2025-11-22,31.0,paid
INV-06341,B112,2025-09-07,2025-10-22,7900.0,False,False,2025-10-12,-10.0,paid
INV-08362,B157,2025-09-07,2025-10-07,9600.0,False,False,2025-10-26,19.0,paid
INV-07839,B144,2025-09-07,2025-10-07,111800.0,True,True,2025-11-11,35.0,paid
INV-00794,B015,2025-09-07,2025-10-07,137700.0,False,False,2025-10-13,6.0,paid
INV-05634,B100,2025-09-07,2025-10-07,106000.0,False,False,2025-11-07,31.0,paid
INV-02053,B038,2025-09-07,2025-10-07,60000.0,False,False,2025-10-26,19.0,paid
INV-11856,B212,2025-09-07,2025-10-22,92600.0,False,True,2025-11-15,24.0,paid
INV-08229,B154,2025-09-07,2025-10-22,59200.0,False,False,2025-11-03,12.0,paid
INV-03590,B068,2025-09-08,2025-10-08,119300.0,False,False,2025-10-01,-7.0,paid
INV-02410,B046,2025-09-08,2025-10-23,18200.0,False,False,2025-11-10,18.0,paid
INV-06117,B107,2025-09-08,2025-10-23,103600.0,True,False,2025-12-07,45.0,paid
INV-06365,B113,2025-09-08,2025-10-23,278100.0,False,False,2025-12-10,48.0,paid
INV-03001,B056,2025-09-08,2025-10-23,91400.0,False,True,2025-12-03,41.0,paid
INV-04264,B081,2025-09-08,2025-10-08,17600.0,False,False,2025-11-15,38.0,paid
INV-10033,B183,2025-09-08,2025-10-23,185700.0,True,False,2026-01-10,79.0,paid
INV-10034,B183,2025-09-08,2025-10-23,87600.0,False,False,2025-11-24,32.0,paid
INV-00288,B005,2025-09-08,2025-10-08,50700.0,False,False,2025-10-05,-3.0,paid
INV-01327,B023,2025-09-08,2025-10-23,9700.0,False,False,2025-11-08,16.0,paid
INV-00716,B014,2025-09-09,2025-10-09,144900.0,False,True,2025-10-26,17.0,paid
INV-05064,B093,2025-09-09,2025-10-24,42200.0,False,True,2025-11-16,23.0,paid
INV-02820,B054,2025-09-09,2025-10-09,12500.0,False,False,2025-10-14,5.0,paid
INV-08142,B150,2025-09-09,2025-10-24,217400.0,False,False,2025-11-19,26.0,paid
INV-01066,B019,2025-09-09,2025-10-09,56700.0,False,False,2025-11-03,25.0,paid
INV-11108,B200,2025-09-09,2025-10-09,18500.0,False,True,2025-11-07,29.0,paid
INV-10719,B193,2025-09-09,2025-10-24,129300.0,False,False,2025-11-26,33.0,paid
INV-08779,B164,2025-09-09,2025-10-24,22000.0,False,False,2025-11-06,13.0,paid
INV-03473,B067,2025-09-09,2025-10-09,158800.0,False,False,2025-10-14,5.0,paid
INV-11393,B205,2025-09-09,2025-10-24,71800.0,False,False,2025-11-03,10.0,paid
INV-02661,B051,2025-09-10,2025-10-10,18600.0,False,False,2025-10-17,7.0,paid
INV-05813,B102,2025-09-10,2025-10-25,36600.0,False,False,2025-10-23,-2.0,paid
INV-00030,B000,2025-09-10,2025-10-25,9200.0,False,False,2026-01-01,68.0,paid
INV-07234,B135,2025-09-10,2025-10-25,48500.0,False,False,2025-11-12,18.0,paid
INV-05444,B098,2025-09-10,2025-10-10,32600.0,False,False,2025-10-21,11.0,paid
INV-10820,B195,2025-09-10,2025-10-10,6700.0,False,False,2025-11-02,23.0,paid
INV-11021,B199,2025-09-10,2025-10-25,21900.0,False,False,2025-10-15,-10.0,paid
INV-05443,B098,2025-09-10,2025-10-10,7400.0,False,False,2025-10-20,10.0,paid
INV-08069,B148,2025-09-11,2025-10-11,10000.0,False,False,2025-10-16,5.0,paid
INV-04904,B090,2025-09-11,2025-10-26,73600.0,False,False,2025-11-11,16.0,paid
INV-08599,B161,2025-09-11,2025-10-11,105500.0,False,False,2025-11-06,26.0,paid
INV-01470,B025,2025-09-11,2025-10-26,18400.0,False,False,2025-11-23,28.0,paid
INV-07117,B133,2025-09-11,2025-10-11,45400.0,False,False,2026-03-03,143.0,paid
INV-00607,B012,2025-09-11,2025-10-26,31700.0,False,False,2026-03-01,126.0,paid
INV-06317,B111,2025-09-11,2025-10-26,31800.0,True,False,2025-12-04,39.0,paid
INV-04757,B088,2025-09-11,2025-10-11,38300.0,False,False,2026-01-18,99.0,paid
INV-10035,B183,2025-09-11,2025-10-26,60000.0,False,False,2025-12-03,38.0,paid
INV-04545,B086,2025-09-11,2025-10-26,84000.0,False,False,2025-10-20,-6.0,paid
INV-08600,B161,2025-09-11,2025-10-11,107100.0,False,False,2025-11-05,25.0,paid
INV-05238,B096,2025-09-11,2025-10-26,86800.0,False,False,2025-12-01,36.0,paid
INV-06840,B124,2025-09-12,2025-10-27,13400.0,False,False,2025-11-13,17.0,paid
INV-08890,B167,2025-09-12,2025-10-12,45900.0,False,False,2025-11-13,32.0,paid
INV-09009,B168,2025-09-12,2025-10-27,63300.0,False,False,2025-11-30,34.0,paid
INV-11394,B205,2025-09-12,2025-10-27,56100.0,False,False,2025-11-01,5.0,paid
INV-02900,B055,2025-09-12,2025-10-12,34900.0,False,False,2025-10-28,16.0,paid
INV-08819,B165,2025-09-12,2025-10-12,10900.0,False,False,2025-10-21,9.0,paid
INV-01067,B019,2025-09-12,2025-10-12,16900.0,False,False,2025-11-13,32.0,paid
INV-04905,B090,2025-09-12,2025-10-27,124200.0,False,False,2025-10-30,3.0,paid
INV-11109,B200,2025-09-12,2025-10-12,37700.0,False,False,2025-10-30,18.0,paid
INV-08143,B150,2025-09-12,2025-10-27,98900.0,True,False,2025-12-28,62.0,paid
INV-04546,B086,2025-09-12,2025-10-27,225800.0,False,False,2025-10-27,0.0,paid
INV-05445,B098,2025-09-12,2025-10-12,19300.0,False,False,2025-10-23,11.0,paid
INV-08780,B164,2025-09-13,2025-10-28,5100.0,False,True,2025-11-20,23.0,paid
INV-02319,B043,2025-09-13,2025-10-28,23500.0,False,False,2025-12-06,39.0,paid
INV-00207,B003,2025-09-13,2025-10-13,40200.0,False,False,2025-11-18,36.0,paid
INV-02357,B044,2025-09-13,2025-10-13,66100.0,False,False,2025-11-15,33.0,paid
INV-02901,B055,2025-09-13,2025-10-13,66900.0,False,False,2025-11-11,29.0,paid
INV-06203,B108,2025-09-13,2025-10-13,17800.0,False,False,2025-11-04,22.0,paid
INV-10579,B190,2025-09-13,2025-10-28,32500.0,False,False,2026-03-04,127.0,paid
INV-07925,B145,2025-09-13,2025-10-28,5700.0,False,False,2025-10-24,-4.0,paid
INV-10821,B195,2025-09-13,2025-10-13,10500.0,False,False,2025-11-20,38.0,paid
INV-11956,B213,2025-09-13,2025-10-28,27700.0,False,False,2025-11-14,17.0,paid
INV-03002,B056,2025-09-13,2025-10-28,83100.0,False,False,2025-11-22,25.0,paid
INV-06730,B121,2025-09-13,2025-10-28,145900.0,False,True,2025-11-25,28.0,paid
INV-05757,B101,2025-09-13,2025-10-28,46000.0,False,False,2025-12-04,37.0,paid
INV-04987,B092,2025-09-14,2025-10-29,43200.0,False,False,2025-11-13,15.0,paid
INV-02141,B039,2025-09-14,2025-10-29,25400.0,False,False,2025-11-15,17.0,paid
INV-00208,B003,2025-09-14,2025-10-14,15400.0,False,False,2025-11-06,23.0,paid
INV-11527,B207,2025-09-14,2025-10-14,55500.0,False,False,2025-10-18,4.0,paid
INV-04265,B081,2025-09-14,2025-10-14,12600.0,False,False,2025-11-21,38.0,paid
INV-00341,B006,2025-09-14,2025-10-29,107800.0,False,False,2025-11-18,20.0,paid
INV-09413,B174,2025-09-14,2025-10-14,37000.0,False,False,2025-10-25,11.0,paid
INV-05758,B101,2025-09-14,2025-10-29,39600.0,False,True,2025-12-12,44.0,paid
INV-05115,B094,2025-09-14,2025-10-29,51100.0,True,False,2025-12-15,47.0,paid
INV-07548,B140,2025-09-15,2025-10-30,7400.0,False,False,2025-11-03,4.0,paid
INV-00578,B011,2025-09-15,2025-10-30,8000.0,False,False,2025-12-02,33.0,paid
INV-11857,B212,2025-09-15,2025-10-30,213300.0,False,False,2025-12-12,43.0,paid
INV-08601,B161,2025-09-15,2025-10-15,115900.0,False,False,2025-11-05,21.0,paid
INV-02142,B039,2025-09-15,2025-10-30,10400.0,False,False,2025-11-15,16.0,paid
INV-00717,B014,2025-09-15,2025-10-15,120400.0,False,False,2025-10-21,6.0,paid
INV-07235,B135,2025-09-15,2025-10-30,72500.0,False,False,2025-12-11,42.0,paid
INV-08490,B160,2025-09-15,2025-10-15,352200.0,False,False,2025-11-03,19.0,paid
INV-12142,B218,2025-09-15,2025-10-30,131800.0,False,True,2025-11-29,30.0,paid
INV-06342,B112,2025-09-15,2025-10-30,21600.0,False,False,2025-11-04,5.0,paid
INV-03666,B069,2025-09-15,2025-10-15,71100.0,False,False,2025-11-21,37.0,paid
INV-08602,B161,2025-09-15,2025-10-15,102400.0,False,False,2025-11-01,17.0,paid
INV-02662,B051,2025-09-15,2025-10-15,85200.0,True,False,2025-12-02,48.0,paid
INV-08259,B155,2025-09-16,2025-10-31,5500.0,False,False,2025-11-06,6.0,paid
INV-08820,B165,2025-09-16,2025-10-16,18000.0,False,False,2025-10-28,12.0,paid
INV-01817,B033,2025-09-16,2025-10-31,38800.0,False,False,2025-12-14,44.0,paid
INV-10960,B198,2025-09-16,2025-10-31,9200.0,False,False,2025-12-22,52.0,paid
INV-07549,B140,2025-09-16,2025-10-31,7400.0,False,False,2025-11-13,13.0,paid
INV-02514,B048,2025-09-16,2025-10-31,79100.0,False,False,2025-12-05,35.0,paid
INV-10376,B187,2025-09-16,2025-10-16,212600.0,False,False,2025-11-20,35.0,paid
INV-04050,B076,2025-09-16,2025-10-31,105700.0,True,False,2025-12-28,58.0,paid
INV-08070,B148,2025-09-16,2025-10-16,17600.0,False,False,2025-11-04,19.0,paid
INV-06986,B130,2025-09-16,2025-10-16,56300.0,False,False,2025-10-20,4.0,paid
INV-04758,B088,2025-09-16,2025-10-16,27500.0,False,True,2025-10-29,13.0,paid
INV-06679,B120,2025-09-16,2025-10-31,92100.0,False,True,2025-12-07,37.0,paid
INV-04386,B084,2025-09-16,2025-10-31,11100.0,False,False,2025-12-04,34.0,paid
INV-01848,B034,2025-09-16,2025-10-31,217600.0,False,False,2025-11-18,18.0,paid
INV-05635,B100,2025-09-16,2025-10-16,68800.0,False,False,2025-11-08,23.0,paid
INV-05636,B100,2025-09-17,2025-10-17,51700.0,False,False,2025-11-20,34.0,paid
INV-04140,B078,2025-09-17,2025-10-17,10900.0,False,False,2025-10-25,8.0,paid
INV-09708,B178,2025-09-17,2025-10-17,22700.0,False,False,2025-12-04,48.0,paid
INV-11175,B201,2025-09-17,2025-11-01,7500.0,False,False,2025-12-07,36.0,paid
INV-07703,B143,2025-09-17,2025-11-01,12800.0,False,False,2025-11-05,4.0,paid
INV-10448,B188,2025-09-17,2025-10-17,34300.0,False,False,2025-11-10,24.0,paid
INV-11646,B210,2025-09-17,2025-10-17,53000.0,False,False,2025-11-12,26.0,paid
INV-00982,B018,2025-09-17,2025-10-17,13300.0,False,False,2025-11-27,41.0,paid
INV-10822,B195,2025-09-17,2025-10-17,6200.0,False,False,2025-11-18,32.0,paid
INV-00342,B006,2025-09-17,2025-11-01,108400.0,False,False,2025-11-30,29.0,paid
INV-11452,B206,2025-09-17,2025-11-01,17100.0,False,False,2025-11-18,17.0,paid
INV-02578,B050,2025-09-17,2025-10-17,45200.0,False,False,2025-11-26,40.0,paid
INV-04337,B083,2025-09-17,2025-11-01,18200.0,False,False,2025-12-04,33.0,paid
INV-00853,B016,2025-09-17,2025-11-01,34700.0,False,False,2025-11-20,19.0,paid
INV-01989,B037,2025-09-17,2025-11-01,71800.0,False,True,2025-11-18,17.0,paid
INV-03296,B064,2025-09-18,2025-11-02,89600.0,False,False,2025-11-29,27.0,paid
INV-12143,B218,2025-09-18,2025-11-02,148700.0,False,False,2025-11-24,22.0,paid
INV-11453,B206,2025-09-18,2025-11-02,32700.0,False,False,2025-11-25,23.0,paid
INV-07591,B141,2025-09-18,2025-10-18,84500.0,False,False,2025-11-23,36.0,paid
INV-04266,B081,2025-09-18,2025-10-18,10900.0,False,True,2025-12-05,48.0,paid
INV-09598,B176,2025-09-18,2025-11-02,4000.0,False,False,2025-11-25,23.0,paid
INV-09414,B174,2025-09-18,2025-10-18,47400.0,False,False,2025-11-04,17.0,paid
INV-11454,B206,2025-09-18,2025-11-02,16500.0,False,False,2025-11-30,28.0,paid
INV-05350,B097,2025-09-18,2025-10-18,68300.0,False,False,2025-10-21,3.0,paid
INV-05968,B104,2025-09-18,2025-10-18,250000.0,False,False,2025-10-25,7.0,paid
INV-07995,B147,2025-09-18,2025-10-18,33300.0,False,False,2025-11-13,26.0,paid
INV-09709,B178,2025-09-18,2025-10-18,30800.0,False,True,2025-12-20,63.0,paid
INV-10655,B192,2025-09-18,2025-11-02,11600.0,False,False,2025-10-30,-3.0,paid
INV-10294,B186,2025-09-19,2025-11-03,158500.0,False,True,2025-11-27,24.0,paid
INV-05239,B096,2025-09-19,2025-11-03,61300.0,True,False,2026-01-13,71.0,paid
INV-02054,B038,2025-09-19,2025-10-19,50200.0,False,True,2025-11-27,39.0,paid
INV-06299,B110,2025-09-19,2025-10-19,10200.0,False,False,2025-10-31,12.0,paid
INV-03975,B075,2025-09-19,2025-11-03,91500.0,False,False,2025-12-07,34.0,paid
INV-02461,B047,2025-09-19,2025-10-19,14000.0,False,False,2025-10-09,-10.0,paid
INV-04847,B089,2025-09-19,2025-10-19,74000.0,False,False,2025-11-10,22.0,paid
INV-05446,B098,2025-09-19,2025-10-19,12300.0,False,False,2025-11-22,34.0,paid
INV-03827,B072,2025-09-19,2025-10-19,25700.0,False,False,2025-11-02,14.0,paid
INV-03591,B068,2025-09-20,2025-10-20,40000.0,False,False,2025-10-23,3.0,paid
INV-08734,B163,2025-09-20,2025-10-20,28300.0,True,False,2025-12-15,56.0,paid
INV-03592,B068,2025-09-20,2025-10-20,57400.0,False,False,2025-10-10,-10.0,paid
INV-11110,B200,2025-09-20,2025-10-20,45000.0,False,False,2025-11-15,26.0,paid
INV-08491,B160,2025-09-20,2025-10-20,435600.0,False,False,2025-11-07,18.0,paid
INV-08117,B149,2025-09-20,2025-10-20,126200.0,False,False,2025-11-19,30.0,paid
INV-08821,B165,2025-09-20,2025-10-20,11800.0,False,False,2025-10-24,4.0,paid
INV-05969,B104,2025-09-20,2025-10-20,233100.0,True,False,2025-12-06,47.0,paid
INV-10656,B192,2025-09-20,2025-11-04,34200.0,False,False,2025-10-29,-6.0,paid
INV-01157,B020,2025-09-21,2025-10-21,113600.0,False,False,2025-12-02,42.0,paid
INV-07236,B135,2025-09-21,2025-11-05,32300.0,False,False,2025-11-27,22.0,paid
INV-03667,B069,2025-09-21,2025-10-21,24800.0,False,False,2025-11-07,17.0,paid
INV-01717,B030,2025-09-21,2025-10-21,118200.0,False,False,2025-10-25,4.0,paid
INV-01266,B022,2025-09-21,2025-10-21,11700.0,False,False,2025-12-01,41.0,paid
INV-09184,B170,2025-09-21,2025-11-05,14700.0,False,False,2026-01-13,69.0,paid
INV-01787,B032,2025-09-21,2025-10-21,4400.0,False,False,2025-12-19,59.0,paid
INV-03341,B065,2025-09-21,2025-10-21,243700.0,False,False,2025-11-13,23.0,paid
INV-06951,B129,2025-09-21,2025-11-05,57600.0,False,True,2025-11-28,23.0,paid
INV-10874,B196,2025-09-21,2025-10-21,20900.0,False,False,2025-11-24,34.0,paid
INV-01267,B022,2025-09-21,2025-10-21,7400.0,False,False,2025-11-26,36.0,paid
INV-09527,B175,2025-09-21,2025-10-21,137000.0,False,False,2025-10-23,2.0,paid
INV-07704,B143,2025-09-21,2025-11-05,14400.0,False,False,2025-11-17,12.0,paid
INV-04307,B082,2025-09-21,2025-11-05,107900.0,False,False,2025-12-04,29.0,paid
INV-04141,B078,2025-09-21,2025-10-21,13200.0,False,False,2025-11-01,11.0,paid
INV-03003,B056,2025-09-21,2025-11-05,145700.0,False,False,2025-11-29,24.0,paid
INV-05970,B104,2025-09-21,2025-10-21,90600.0,False,False,2025-11-04,14.0,paid
INV-03223,B062,2025-09-21,2025-11-05,6100.0,False,False,2026-01-14,70.0,paid
INV-05351,B097,2025-09-21,2025-10-21,50000.0,False,False,2025-10-26,5.0,paid
INV-04440,B085,2025-09-21,2025-10-21,70500.0,False,True,2025-11-26,36.0,paid
INV-06917,B128,2025-09-21,2025-11-05,71900.0,False,True,2025-11-26,21.0,paid
INV-06264,B109,2025-09-22,2025-10-22,76600.0,False,False,2025-11-26,35.0,paid
INV-09843,B181,2025-09-22,2025-11-06,125700.0,False,False,2025-12-06,30.0,paid
INV-04338,B083,2025-09-22,2025-11-06,88000.0,False,False,2025-12-19,43.0,paid
INV-00523,B010,2025-09-22,2025-11-06,12400.0,False,False,2025-11-18,12.0,paid
INV-10449,B188,2025-09-22,2025-10-22,15600.0,False,False,2025-10-27,5.0,paid
INV-02213,B040,2025-09-22,2025-10-22,42800.0,False,False,2025-10-22,0.0,paid
INV-00795,B015,2025-09-22,2025-10-22,41700.0,False,False,2025-10-18,-4.0,paid
INV-11858,B212,2025-09-22,2025-11-06,72500.0,False,True,2025-12-30,54.0,paid
INV-03668,B069,2025-09-22,2025-10-22,77200.0,False,False,2025-11-19,28.0,paid
INV-10168,B185,2025-09-23,2025-11-07,374500.0,False,False,2026-01-01,55.0,paid
INV-11022,B199,2025-09-23,2025-11-07,11800.0,False,False,2025-11-03,-4.0,paid
INV-03828,B072,2025-09-23,2025-10-23,62200.0,False,False,2025-11-14,22.0,paid
INV-10036,B183,2025-09-23,2025-11-07,59100.0,False,False,2025-12-11,34.0,paid
INV-05352,B097,2025-09-23,2025-10-23,24600.0,True,False,2025-12-05,43.0,paid
INV-04759,B088,2025-09-23,2025-10-23,29000.0,False,False,2025-10-19,-4.0,paid
INV-02540,B049,2025-09-23,2025-11-07,61600.0,False,False,2025-11-02,-5.0,paid
INV-07550,B140,2025-09-23,2025-11-07,5000.0,False,False,2025-11-13,6.0,paid
INV-00524,B010,2025-09-23,2025-11-07,7000.0,False,False,2025-11-22,15.0,paid
INV-07500,B139,2025-09-23,2025-10-23,200400.0,False,False,2025-11-22,30.0,paid
INV-04547,B086,2025-09-23,2025-11-07,280600.0,False,False,2025-11-01,-6.0,paid
INV-00718,B014,2025-09-23,2025-10-23,143900.0,False,False,2025-11-09,17.0,paid
INV-11023,B199,2025-09-24,2025-11-08,12300.0,False,False,2025-10-31,-8.0,paid
INV-06952,B129,2025-09-24,2025-11-08,30100.0,True,False,2025-12-07,29.0,paid
INV-07278,B136,2025-09-24,2025-10-24,56200.0,False,False,2025-10-24,0.0,paid
INV-06366,B113,2025-09-24,2025-11-08,197900.0,False,False,2025-12-30,52.0,paid
INV-06300,B110,2025-09-24,2025-10-24,16700.0,False,False,2025-11-02,9.0,paid
INV-11262,B203,2025-09-24,2025-10-24,7300.0,False,False,2025-11-24,31.0,paid
INV-09127,B169,2025-09-24,2025-10-24,52600.0,False,True,2025-11-22,29.0,paid
INV-03932,B074,2025-09-24,2025-10-24,12700.0,False,False,2025-11-15,22.0,paid
INV-08492,B160,2025-09-24,2025-10-24,250200.0,False,True,2025-11-26,33.0,paid
INV-09220,B171,2025-09-24,2025-10-24,283100.0,False,False,2025-11-19,26.0,paid
INV-06841,B124,2025-09-24,2025-11-08,14600.0,False,False,2025-11-20,12.0,paid
INV-09128,B169,2025-09-24,2025-10-24,28800.0,False,True,2025-11-17,24.0,paid
INV-09010,B168,2025-09-25,2025-11-09,103000.0,False,False,2025-12-14,35.0,paid
INV-10720,B193,2025-09-25,2025-11-09,69700.0,False,False,2025-12-10,31.0,paid
INV-09599,B176,2025-09-25,2025-11-09,5900.0,False,True,2026-01-06,58.0,paid
INV-04142,B078,2025-09-25,2025-10-25,19800.0,False,False,2025-11-13,19.0,paid
INV-09275,B172,2025-09-25,2025-11-09,33300.0,False,False,2026-01-07,59.0,paid
INV-12144,B218,2025-09-25,2025-11-09,89700.0,False,True,2025-12-09,30.0,paid
INV-04906,B090,2025-09-25,2025-11-09,214300.0,False,False,2025-11-15,6.0,paid
INV-10377,B187,2025-09-25,2025-10-25,88600.0,False,False,2025-11-15,21.0,paid
INV-07171,B134,2025-09-25,2025-11-09,99500.0,False,False,2025-12-22,43.0,paid
INV-07551,B140,2025-09-26,2025-11-10,4800.0,False,True,2025-11-24,14.0,paid
INV-05065,B093,2025-09-26,2025-11-10,46800.0,False,False,2025-11-17,7.0,paid
INV-08679,B162,2025-09-26,2025-10-26,19100.0,False,False,2025-12-02,37.0,paid
INV-06204,B108,2025-09-26,2025-10-26,25800.0,False,False,2025-11-12,17.0,paid
INV-08678,B162,2025-09-26,2025-10-26,8300.0,False,False,2025-11-07,12.0,paid
INV-11263,B203,2025-09-26,2025-10-26,4500.0,False,False,2025-12-02,37.0,paid
INV-00209,B003,2025-09-26,2025-10-26,34600.0,False,False,2025-11-23,28.0,paid
INV-07552,B140,2025-09-26,2025-11-10,4200.0,False,False,2025-11-23,13.0,paid
INV-01718,B030,2025-09-27,2025-10-27,117300.0,False,False,2025-10-17,-10.0,paid
INV-04641,B087,2025-09-27,2025-11-11,14000.0,False,False,2025-11-02,-9.0,paid
INV-00891,B017,2025-09-27,2025-10-27,30100.0,False,False,2025-10-27,0.0,paid
INV-05971,B104,2025-09-27,2025-10-27,157100.0,True,False,2025-12-06,40.0,paid
INV-10169,B185,2025-09-27,2025-11-11,126200.0,False,False,2025-12-19,38.0,paid
INV-02055,B038,2025-09-27,2025-10-27,53200.0,False,False,2025-11-26,30.0,paid
INV-09415,B174,2025-09-27,2025-10-27,35900.0,False,False,2025-10-24,-3.0,paid
INV-01471,B025,2025-09-28,2025-11-12,5400.0,False,True,2025-12-21,39.0,paid
INV-08781,B164,2025-09-28,2025-11-12,10500.0,False,False,2025-11-20,8.0,paid
INV-02763,B053,2025-09-28,2025-10-28,62800.0,False,False,2025-10-31,3.0,paid
INV-02762,B053,2025-09-28,2025-10-28,34600.0,False,False,2025-11-04,7.0,paid
INV-05171,B095,2025-09-28,2025-11-12,26200.0,False,False,2026-01-13,62.0,paid
INV-11024,B199,2025-09-28,2025-11-12,8700.0,False,False,2025-11-02,-10.0,paid
INV-06680,B120,2025-09-28,2025-11-12,19900.0,False,False,2025-11-26,14.0,paid
INV-01395,B024,2025-09-28,2025-10-28,58000.0,False,False,2025-10-18,-10.0,paid
INV-05240,B096,2025-09-28,2025-11-12,31500.0,False,False,2025-12-24,42.0,paid
INV-04339,B083,2025-09-28,2025-11-12,34100.0,False,False,2025-12-18,36.0,paid
INV-03004,B056,2025-09-29,2025-11-13,160200.0,False,False,2025-12-11,28.0,paid
INV-00719,B014,2025-09-29,2025-10-29,31700.0,False,False,2025-10-31,2.0,paid
INV-03474,B067,2025-09-29,2025-10-29,43900.0,False,False,2025-10-19,-10.0,paid
INV-01818,B033,2025-09-30,2025-11-14,13000.0,False,False,2025-12-20,36.0,paid
INV-01926,B036,2025-09-30,2025-11-14,38000.0,False,False,2025-12-20,36.0,paid
INV-07840,B144,2025-09-30,2025-10-30,32000.0,True,True,2025-12-05,36.0,paid
INV-07841,B144,2025-09-30,2025-10-30,103500.0,False,True,2025-11-11,12.0,paid
INV-04143,B078,2025-09-30,2025-10-30,11600.0,True,False,2025-12-05,36.0,paid
INV-02727,B052,2025-09-30,2025-10-30,93200.0,False,False,2025-12-19,50.0,paid
INV-03933,B074,2025-09-30,2025-10-30,10600.0,False,False,2025-11-16,17.0,paid
INV-01579,B028,2025-09-30,2025-11-14,21200.0,False,False,2025-12-23,39.0,paid
INV-06774,B122,2025-09-30,2025-11-14,92900.0,False,False,2025-11-16,2.0,paid
INV-08603,B161,2025-09-30,2025-10-30,54700.0,False,True,2025-11-23,24.0,paid
INV-09011,B168,2025-09-30,2025-11-14,41200.0,False,False,2025-12-08,24.0,paid
INV-00796,B015,2025-09-30,2025-10-30,65400.0,False,False,2025-11-05,6.0,paid
INV-04202,B080,2025-10-01,2025-10-31,147100.0,False,False,2025-11-15,15.0,paid
INV-01396,B024,2025-10-01,2025-10-31,406900.0,False,False,2025-10-25,-6.0,paid
INV-10823,B195,2025-10-01,2025-10-31,11200.0,False,False,2025-12-09,39.0,paid
INV-00658,B013,2025-10-01,2025-11-15,25900.0,False,False,2025-12-24,39.0,paid
INV-12145,B218,2025-10-01,2025-11-15,89200.0,False,False,2025-12-04,19.0,paid
INV-05066,B093,2025-10-01,2025-11-15,77900.0,False,False,2025-11-30,15.0,paid
INV-04760,B088,2025-10-01,2025-10-31,30800.0,False,False,2025-10-26,-5.0,paid
INV-02214,B040,2025-10-01,2025-10-31,104300.0,False,False,2025-11-16,16.0,paid
INV-00984,B018,2025-10-01,2025-10-31,14800.0,False,False,2025-12-16,46.0,paid
INV-04051,B076,2025-10-01,2025-11-15,126700.0,False,False,2025-12-16,31.0,paid
INV-00983,B018,2025-10-01,2025-10-31,33200.0,False,False,2025-12-24,54.0,paid
INV-04642,B087,2025-10-01,2025-11-15,33100.0,False,False,2025-11-28,13.0,paid
INV-03976,B075,2025-10-01,2025-11-15,83700.0,False,False,2025-12-05,20.0,paid
INV-08363,B157,2025-10-01,2025-10-31,44300.0,False,False,2025-11-30,30.0,paid
INV-00985,B018,2025-10-01,2025-10-31,22700.0,False,False,2025-12-13,43.0,paid
INV-05353,B097,2025-10-01,2025-10-31,56600.0,True,False,2025-12-09,39.0,paid
INV-08604,B161,2025-10-01,2025-10-31,178500.0,False,False,2026-01-30,91.0,paid
INV-06582,B119,2025-10-01,2025-10-31,84700.0,False,False,2025-10-25,-6.0,paid
INV-03829,B072,2025-10-01,2025-10-31,17200.0,False,False,2025-11-06,6.0,paid
INV-03830,B072,2025-10-01,2025-10-31,57200.0,False,False,2025-11-27,27.0,paid
INV-03475,B067,2025-10-02,2025-11-01,28000.0,False,False,2025-10-22,-10.0,paid
INV-04548,B086,2025-10-02,2025-11-16,334000.0,False,False,2025-11-23,7.0,paid
INV-11859,B212,2025-10-02,2025-11-16,37600.0,False,False,2025-12-27,41.0,paid
INV-07237,B135,2025-10-02,2025-11-16,60700.0,False,False,2025-12-20,34.0,paid
INV-07118,B133,2025-10-02,2025-11-01,17700.0,False,False,2025-11-11,10.0,paid
INV-08118,B149,2025-10-02,2025-11-01,322800.0,False,False,2025-12-15,44.0,paid
INV-08071,B148,2025-10-02,2025-11-01,7600.0,False,False,2025-11-11,10.0,paid
INV-00480,B009,2025-10-02,2025-11-16,107800.0,False,True,2025-12-19,33.0,paid
INV-10100,B184,2025-10-02,2025-11-01,54600.0,False,False,2025-11-15,14.0,paid
INV-09921,B182,2025-10-02,2025-11-01,92200.0,False,True,2025-11-20,19.0,paid
INV-01543,B027,2025-10-02,2025-11-01,105700.0,False,False,2025-11-03,2.0,paid
INV-06438,B115,2025-10-03,2025-11-17,35800.0,False,False,2025-11-30,13.0,paid
INV-08072,B148,2025-10-03,2025-11-02,3700.0,False,True,2025-11-23,21.0,paid
INV-06205,B108,2025-10-03,2025-11-02,19300.0,False,False,2025-11-13,11.0,paid
INV-11957,B213,2025-10-03,2025-11-17,11700.0,False,False,2025-11-26,9.0,paid
INV-07996,B147,2025-10-03,2025-11-02,13500.0,False,False,2026-04-02,151.0,paid
INV-06681,B120,2025-10-03,2025-11-17,58300.0,False,False,2025-12-05,18.0,paid
INV-07501,B139,2025-10-03,2025-11-02,108100.0,False,False,2025-12-08,36.0,paid
INV-09012,B168,2025-10-03,2025-11-17,77000.0,False,False,2025-12-23,36.0,paid
INV-07119,B133,2025-10-04,2025-11-03,7900.0,False,False,2025-10-30,-4.0,paid
INV-10170,B185,2025-10-04,2025-11-18,231300.0,False,True,2026-01-16,59.0,paid
INV-01719,B030,2025-10-04,2025-11-03,82200.0,False,False,2025-11-01,-2.0,paid
INV-07842,B144,2025-10-04,2025-11-03,96900.0,False,False,2025-11-10,7.0,paid
INV-11860,B212,2025-10-04,2025-11-18,117400.0,False,False,2026-01-02,45.0,paid
INV-04907,B090,2025-10-04,2025-11-18,57200.0,False,False,2025-11-22,4.0,paid
INV-11682,B211,2025-10-04,2025-11-18,87400.0,True,False,2026-01-16,59.0,paid
INV-08313,B156,2025-10-04,2025-11-03,19900.0,False,False,2025-11-20,17.0,paid
INV-10961,B198,2025-10-04,2025-11-18,17700.0,False,False,2026-01-17,60.0,paid
INV-06811,B123,2025-10-04,2025-11-18,70100.0,False,False,2026-01-01,44.0,paid
INV-07926,B145,2025-10-04,2025-11-18,8400.0,False,False,2025-11-19,1.0,paid
INV-01927,B036,2025-10-04,2025-11-18,46900.0,False,False,2025-12-09,21.0,paid
INV-01515,B026,2025-10-04,2025-11-18,33500.0,False,False,2025-12-06,18.0,paid
INV-01544,B027,2025-10-04,2025-11-03,62800.0,False,False,2025-11-05,2.0,paid
INV-11861,B212,2025-10-05,2025-11-19,76600.0,False,False,2026-01-12,54.0,paid
INV-00986,B018,2025-10-05,2025-11-04,26000.0,False,False,2025-12-20,46.0,paid
INV-04761,B088,2025-10-05,2025-11-04,57100.0,False,False,2025-11-20,16.0,paid
INV-03476,B067,2025-10-05,2025-11-04,105100.0,False,False,2025-11-01,-3.0,paid
INV-06118,B107,2025-10-05,2025-11-19,164800.0,False,False,2025-12-05,16.0,paid
INV-06812,B123,2025-10-05,2025-11-19,43900.0,True,False,2026-02-07,80.0,paid
INV-08461,B159,2025-10-05,2025-11-19,115200.0,False,False,2025-12-27,38.0,paid
INV-02056,B038,2025-10-05,2025-11-04,69100.0,False,False,2025-12-03,29.0,paid
INV-07705,B143,2025-10-05,2025-11-19,27200.0,False,False,2025-12-01,12.0,paid
INV-03724,B070,2025-10-05,2025-11-19,172000.0,False,False,2025-12-20,31.0,paid
INV-07502,B139,2025-10-06,2025-11-05,32900.0,False,False,2025-11-23,18.0,paid
INV-01819,B033,2025-10-06,2025-11-20,20600.0,False,False,2026-01-07,48.0,paid
INV-04267,B081,2025-10-06,2025-11-05,6100.0,True,False,2026-01-04,60.0,paid
INV-07843,B144,2025-10-06,2025-11-05,37200.0,False,False,2025-10-28,-8.0,paid
INV-09648,B177,2025-10-06,2025-11-20,46300.0,False,False,2025-12-10,20.0,paid
INV-09647,B177,2025-10-06,2025-11-20,34300.0,False,False,2025-12-07,17.0,paid
INV-04988,B092,2025-10-06,2025-11-20,16600.0,False,True,2025-12-02,12.0,paid
INV-00031,B000,2025-10-06,2025-11-20,10200.0,True,False,2026-01-07,48.0,paid
INV-03725,B070,2025-10-06,2025-11-20,102100.0,False,False,2025-12-16,26.0,paid
INV-02143,B039,2025-10-06,2025-11-20,14800.0,False,True,2025-12-20,30.0,paid
INV-10171,B185,2025-10-06,2025-11-20,214200.0,True,False,2026-02-17,89.0,paid
INV-04387,B084,2025-10-07,2025-11-21,11900.0,False,False,2026-01-02,42.0,paid
INV-06682,B120,2025-10-07,2025-11-21,48100.0,False,False,2025-12-10,19.0,paid
INV-02215,B040,2025-10-07,2025-11-06,47300.0,False,False,2025-11-08,2.0,paid
INV-04549,B086,2025-10-07,2025-11-21,163600.0,False,False,2025-11-19,-2.0,paid
INV-09710,B178,2025-10-07,2025-11-06,15200.0,True,False,2026-01-29,84.0,paid
INV-05241,B096,2025-10-07,2025-11-21,73100.0,False,False,2025-12-29,38.0,paid
INV-10037,B183,2025-10-07,2025-11-21,124200.0,False,False,2025-12-21,30.0,paid
INV-01068,B019,2025-10-07,2025-11-06,59900.0,False,False,2025-11-26,20.0,paid
INV-03166,B060,2025-10-07,2025-11-21,28200.0,False,False,2025-11-30,9.0,paid
INV-10604,B191,2025-10-07,2025-11-06,57100.0,False,False,2025-11-22,16.0,paid
INV-09185,B170,2025-10-07,2025-11-21,8800.0,False,False,2026-01-05,45.0,paid
INV-04762,B088,2025-10-07,2025-11-06,37300.0,False,True,2025-11-28,22.0,paid
INV-04763,B088,2025-10-08,2025-11-07,78700.0,False,True,2025-11-27,20.0,paid
INV-07073,B132,2025-10-08,2025-11-22,36200.0,False,False,2025-11-30,8.0,paid
INV-08605,B161,2025-10-08,2025-11-07,143300.0,False,False,2025-11-29,22.0,paid
INV-11025,B199,2025-10-08,2025-11-22,19700.0,False,False,2025-12-03,11.0,paid
INV-01328,B023,2025-10-08,2025-11-22,67800.0,False,False,2025-12-19,27.0,paid
INV-08462,B159,2025-10-08,2025-11-22,72400.0,False,False,2025-12-12,20.0,paid
INV-04643,B087,2025-10-08,2025-11-22,30900.0,False,False,2025-11-25,3.0,paid
INV-10824,B195,2025-10-08,2025-11-07,6600.0,False,False,2025-12-17,40.0,paid
INV-02144,B039,2025-10-08,2025-11-22,10000.0,False,True,2025-12-11,19.0,paid
INV-11026,B199,2025-10-08,2025-11-22,22000.0,False,False,2025-11-12,-10.0,paid
INV-06683,B120,2025-10-09,2025-11-23,32100.0,True,False,2026-03-08,105.0,paid
INV-09807,B180,2025-10-09,2025-11-08,22100.0,False,False,2025-12-13,35.0,paid
INV-05067,B093,2025-10-09,2025-11-23,45800.0,False,True,2025-12-13,20.0,paid
INV-03087,B058,2025-10-09,2025-11-23,67000.0,False,False,2026-01-31,69.0,paid
INV-07844,B144,2025-10-09,2025-11-08,54400.0,False,False,2025-11-04,-4.0,paid
INV-05354,B097,2025-10-09,2025-11-08,106900.0,False,False,2025-11-13,5.0,paid
INV-03878,B073,2025-10-09,2025-11-23,56700.0,False,False,2025-12-18,25.0,paid
INV-08735,B163,2025-10-09,2025-11-08,42900.0,True,False,2025-12-27,49.0,paid
INV-10038,B183,2025-10-09,2025-11-23,104400.0,False,False,2026-01-05,43.0,paid
INV-08891,B167,2025-10-09,2025-11-08,15600.0,False,True,2025-12-12,34.0,paid
INV-10173,B185,2025-10-09,2025-11-23,225400.0,False,False,2026-01-16,54.0,paid
INV-10172,B185,2025-10-09,2025-11-23,194900.0,False,False,2026-01-05,43.0,paid
INV-07074,B132,2025-10-09,2025-11-23,61400.0,False,True,2025-12-22,29.0,paid
INV-02251,B041,2025-10-09,2025-11-23,42800.0,False,False,2025-12-18,25.0,paid
INV-00386,B007,2025-10-09,2025-11-08,100900.0,False,False,2025-12-06,28.0,paid
INV-07120,B133,2025-10-09,2025-11-08,24200.0,False,False,2025-11-23,15.0,paid
INV-06583,B119,2025-10-10,2025-11-09,88400.0,False,False,2025-11-16,7.0,paid
INV-11564,B208,2025-10-10,2025-11-09,114900.0,False,False,2025-12-17,38.0,paid
INV-05116,B094,2025-10-10,2025-11-24,39600.0,False,False,2025-12-01,7.0,paid
INV-00130,B002,2025-10-10,2025-11-09,122600.0,False,True,2025-12-10,31.0,paid
INV-10825,B195,2025-10-10,2025-11-09,13800.0,False,False,2025-12-07,28.0,paid
INV-11862,B212,2025-10-10,2025-11-24,72700.0,False,True,2026-01-26,63.0,paid
INV-01720,B030,2025-10-11,2025-11-10,66000.0,False,True,2025-12-01,21.0,paid
INV-05814,B102,2025-10-11,2025-11-25,13700.0,True,True,2025-12-12,17.0,paid
INV-01764,B031,2025-10-11,2025-11-10,20600.0,False,False,2025-11-27,17.0,paid
INV-00289,B005,2025-10-11,2025-11-10,36300.0,False,False,2025-11-16,6.0,paid
INV-04268,B081,2025-10-11,2025-11-10,60700.0,False,False,2025-12-21,41.0,paid
INV-06206,B108,2025-10-11,2025-11-10,27400.0,False,True,2025-12-17,37.0,paid
INV-01158,B020,2025-10-11,2025-11-10,83800.0,True,False,2026-01-22,73.0,paid
INV-11111,B200,2025-10-12,2025-11-11,13200.0,False,False,2025-12-03,22.0,paid
INV-04550,B086,2025-10-12,2025-11-26,261900.0,False,False,2025-12-05,9.0,paid
INV-04308,B082,2025-10-12,2025-11-26,62000.0,True,False,2025-12-26,30.0,paid
INV-04269,B081,2025-10-12,2025-11-11,17600.0,False,False,2025-12-06,25.0,paid
INV-01765,B031,2025-10-12,2025-11-11,30500.0,False,False,2025-11-22,11.0,paid
INV-01069,B019,2025-10-12,2025-11-11,16800.0,False,False,2025-12-11,30.0,paid
INV-11455,B206,2025-10-12,2025-11-26,31000.0,False,False,2025-12-17,21.0,paid
INV-09528,B175,2025-10-12,2025-11-11,86400.0,False,True,2025-11-23,12.0,paid
INV-07342,B137,2025-10-12,2025-11-26,215800.0,False,False,2025-12-11,15.0,paid
INV-03477,B067,2025-10-12,2025-11-11,89200.0,False,False,2025-11-06,-5.0,paid
INV-09529,B175,2025-10-12,2025-11-11,121700.0,False,False,2025-11-17,6.0,paid
INV-09129,B169,2025-10-12,2025-11-11,34300.0,False,False,2025-12-01,20.0,paid
INV-00525,B010,2025-10-13,2025-11-27,4600.0,False,False,2025-12-09,12.0,paid
INV-03478,B067,2025-10-13,2025-11-12,49200.0,False,False,2025-11-17,5.0,paid
INV-04989,B092,2025-10-13,2025-11-27,36300.0,False,False,2025-11-23,-4.0,paid
INV-05242,B096,2025-10-13,2025-11-27,32300.0,False,False,2026-01-06,40.0,paid
INV-02145,B039,2025-10-13,2025-11-27,15900.0,False,False,2025-12-27,30.0,paid
INV-05973,B104,2025-10-13,2025-11-12,70000.0,False,False,2025-11-21,9.0,paid
INV-00343,B006,2025-10-13,2025-11-27,78400.0,False,False,2025-12-18,21.0,paid
INV-05972,B104,2025-10-13,2025-11-12,109100.0,False,False,2025-11-11,-1.0,paid
INV-02274,B042,2025-10-13,2025-11-12,76400.0,False,False,2025-12-11,29.0,paid
INV-04848,B089,2025-10-14,2025-11-13,44100.0,False,True,2025-12-01,18.0,paid
INV-09808,B180,2025-10-14,2025-11-13,16800.0,False,False,2025-12-17,34.0,paid
INV-06538,B118,2025-10-14,2025-11-13,9500.0,True,False,2026-01-25,73.0,paid
INV-01329,B023,2025-10-14,2025-11-28,16400.0,False,False,2025-12-20,22.0,paid
INV-06953,B129,2025-10-14,2025-11-28,87900.0,False,False,2025-12-14,16.0,paid
INV-11863,B212,2025-10-14,2025-11-28,215300.0,False,False,2026-01-17,50.0,paid
INV-05355,B097,2025-10-14,2025-11-13,57100.0,False,False,2025-12-04,21.0,paid
INV-05068,B093,2025-10-14,2025-11-28,85200.0,False,False,2025-12-06,8.0,paid
INV-11176,B201,2025-10-14,2025-11-28,19100.0,True,True,2026-05-27,180.0,paid
INV-10875,B196,2025-10-14,2025-11-13,32400.0,False,False,2025-12-10,27.0,paid
INV-08606,B161,2025-10-14,2025-11-13,93300.0,False,False,2025-12-10,27.0,paid
INV-04270,B081,2025-10-15,2025-11-14,15900.0,False,True,2026-01-11,58.0,paid
INV-11565,B208,2025-10-15,2025-11-14,29600.0,True,False,2026-01-06,53.0,paid
INV-06439,B115,2025-10-15,2025-11-29,65700.0,False,False,2025-12-18,19.0,paid
INV-00290,B005,2025-10-15,2025-11-14,54400.0,False,True,2025-12-01,17.0,paid
INV-02821,B054,2025-10-15,2025-11-14,27700.0,False,False,2025-11-26,12.0,paid
INV-07503,B139,2025-10-15,2025-11-14,59900.0,False,False,2025-12-15,31.0,paid
INV-01397,B024,2025-10-15,2025-11-14,91100.0,False,False,2025-11-10,-4.0,paid
INV-09711,B178,2025-10-15,2025-11-14,70600.0,False,False,2026-01-23,70.0,paid
INV-02902,B055,2025-10-15,2025-11-14,71400.0,False,True,2025-12-19,35.0,paid
INV-00032,B000,2025-10-15,2025-11-29,12000.0,False,False,2025-12-07,8.0,paid
INV-05759,B101,2025-10-15,2025-11-29,118800.0,False,False,2026-01-04,36.0,paid
INV-12071,B217,2025-10-15,2025-11-29,85300.0,False,False,2025-12-21,22.0,paid
INV-05117,B094,2025-10-15,2025-11-29,33000.0,False,False,2025-12-04,5.0,paid
INV-10039,B183,2025-10-16,2025-11-30,185700.0,True,False,2026-02-04,66.0,paid
INV-01330,B023,2025-10-16,2025-11-30,29900.0,False,False,2025-12-18,18.0,paid
INV-04340,B083,2025-10-16,2025-11-30,34400.0,False,False,2026-01-03,34.0,paid
INV-11112,B200,2025-10-16,2025-11-15,26100.0,False,False,2025-12-03,18.0,paid
INV-00131,B002,2025-10-16,2025-11-15,90200.0,False,False,2025-11-19,4.0,paid
INV-01820,B033,2025-10-16,2025-11-30,14600.0,False,False,2025-12-31,31.0,paid
INV-11958,B213,2025-10-16,2025-11-30,48100.0,False,True,2025-12-21,21.0,paid
INV-03342,B065,2025-10-16,2025-11-15,80800.0,False,False,2025-12-07,22.0,paid
INV-07400,B138,2025-10-16,2025-11-15,101400.0,False,False,2025-11-27,12.0,paid
INV-06301,B110,2025-10-16,2025-11-15,10800.0,False,False,2025-11-28,13.0,paid
INV-09712,B178,2025-10-16,2025-11-15,34200.0,False,False,2026-01-06,52.0,paid
INV-03934,B074,2025-10-16,2025-11-15,23900.0,False,False,2025-12-04,19.0,paid
INV-08607,B161,2025-10-16,2025-11-15,107900.0,False,False,2025-12-07,22.0,paid
INV-05449,B098,2025-10-17,2025-11-16,9100.0,True,True,2026-01-03,48.0,paid
INV-09765,B179,2025-10-17,2025-11-16,37200.0,False,False,2026-01-02,47.0,paid
INV-01472,B025,2025-10-17,2025-12-01,9900.0,False,False,2025-12-27,26.0,paid
INV-02822,B054,2025-10-17,2025-11-16,15500.0,False,False,2025-11-23,7.0,paid
INV-05447,B098,2025-10-17,2025-11-16,10200.0,False,True,2025-12-06,20.0,paid
INV-09276,B172,2025-10-17,2025-12-01,54200.0,False,False,2026-01-08,38.0,paid
INV-02541,B049,2025-10-17,2025-12-01,54300.0,False,False,2025-11-25,-6.0,paid
INV-04552,B086,2025-10-17,2025-12-01,117100.0,False,False,2025-11-21,-10.0,paid
INV-05448,B098,2025-10-17,2025-11-16,9900.0,False,False,2025-12-15,29.0,paid
INV-10876,B196,2025-10-17,2025-11-16,39600.0,False,False,2025-12-15,29.0,paid
INV-04551,B086,2025-10-17,2025-12-01,242100.0,False,False,2025-12-06,5.0,paid
INV-03831,B072,2025-10-18,2025-11-17,16600.0,False,False,2025-12-01,14.0,paid
INV-07845,B144,2025-10-18,2025-11-17,71000.0,False,True,2025-11-28,11.0,paid
INV-02057,B038,2025-10-18,2025-11-17,48600.0,False,False,2025-12-17,30.0,paid
INV-07075,B132,2025-10-18,2025-12-02,62600.0,False,False,2025-12-07,5.0,paid
INV-08073,B148,2025-10-18,2025-11-17,11900.0,False,False,2025-12-18,31.0,paid
INV-01331,B023,2025-10-18,2025-12-02,89900.0,False,False,2025-12-22,20.0,paid
INV-09922,B182,2025-10-18,2025-11-17,51200.0,False,False,2026-02-15,90.0,paid
INV-08230,B154,2025-10-18,2025-12-02,65200.0,False,False,2025-12-08,6.0,paid
INV-03129,B059,2025-10-18,2025-12-02,19500.0,True,False,2026-02-08,68.0,paid
INV-11456,B206,2025-10-18,2025-12-02,20400.0,False,False,2025-12-09,7.0,paid
INV-03265,B063,2025-10-19,2025-11-18,7700.0,False,False,2025-12-05,17.0,paid
INV-08119,B149,2025-10-19,2025-11-18,70200.0,False,False,2026-01-07,50.0,paid
INV-11528,B207,2025-10-19,2025-11-18,40300.0,False,False,2025-12-01,13.0,paid
INV-07997,B147,2025-10-19,2025-11-18,26300.0,False,False,2025-12-08,20.0,paid
INV-00344,B006,2025-10-19,2025-12-03,127100.0,False,False,2025-12-13,10.0,paid
INV-09530,B175,2025-10-19,2025-11-18,64300.0,False,False,2025-11-30,12.0,paid
INV-02579,B050,2025-10-19,2025-11-18,52100.0,False,False,2025-12-23,35.0,paid
INV-03726,B070,2025-10-19,2025-12-03,144800.0,False,False,2025-12-20,17.0,paid
INV-04271,B081,2025-10-19,2025-11-18,15600.0,False,False,2025-12-28,40.0,paid
INV-08782,B164,2025-10-19,2025-12-03,19300.0,False,False,2025-12-09,6.0,paid
INV-08463,B159,2025-10-19,2025-12-03,86500.0,False,False,2026-01-04,32.0,paid
INV-02663,B051,2025-10-19,2025-11-18,42400.0,False,False,2025-12-11,23.0,paid
INV-09713,B178,2025-10-19,2025-11-18,24400.0,False,False,2026-04-19,152.0,paid
INV-00987,B018,2025-10-20,2025-11-19,54700.0,False,False,2026-01-13,55.0,paid
INV-00526,B010,2025-10-20,2025-12-04,6200.0,False,False,2025-12-14,10.0,paid
INV-09531,B175,2025-10-20,2025-11-19,30500.0,False,False,2025-11-18,-1.0,paid
INV-08608,B161,2025-10-20,2025-11-19,59000.0,False,True,2025-12-20,31.0,paid
INV-09649,B177,2025-10-20,2025-12-04,63500.0,False,False,2025-12-19,15.0,paid
INV-08736,B163,2025-10-20,2025-11-19,95300.0,False,False,2025-12-21,32.0,paid
INV-09130,B169,2025-10-20,2025-11-19,28900.0,False,False,2025-11-29,10.0,paid
INV-03832,B072,2025-10-20,2025-11-19,20400.0,False,False,2025-12-05,16.0,paid
INV-12146,B218,2025-10-20,2025-12-04,125900.0,False,False,2025-12-18,14.0,paid
INV-02664,B051,2025-10-20,2025-11-19,82600.0,False,False,2025-12-10,21.0,paid
INV-06440,B115,2025-10-20,2025-12-04,16900.0,False,False,2025-12-11,7.0,paid
INV-04644,B087,2025-10-20,2025-12-04,24000.0,False,False,2025-11-28,-6.0,paid
INV-05450,B098,2025-10-20,2025-11-19,9100.0,False,False,2026-02-07,80.0,paid
INV-11865,B212,2025-10-20,2025-12-04,85800.0,False,False,2026-01-17,44.0,paid
INV-11864,B212,2025-10-20,2025-12-04,71900.0,False,False,2026-01-07,34.0,paid
INV-07401,B138,2025-10-21,2025-11-20,25900.0,False,False,2025-11-22,2.0,paid
INV-07279,B136,2025-10-21,2025-11-20,138400.0,False,True,2025-12-12,22.0,paid
INV-07076,B132,2025-10-21,2025-12-05,36600.0,False,False,2025-12-16,11.0,paid
INV-03935,B074,2025-10-21,2025-11-20,11400.0,False,True,2025-12-18,28.0,paid
INV-07013,B131,2025-10-21,2025-12-05,74000.0,False,False,2025-12-09,4.0,paid
INV-02728,B052,2025-10-21,2025-11-20,121700.0,False,False,2026-01-27,68.0,paid
INV-04990,B092,2025-10-21,2025-12-05,14200.0,True,False,2025-12-19,14.0,paid
INV-01398,B024,2025-10-21,2025-11-20,140000.0,False,False,2025-11-10,-10.0,paid
INV-03936,B074,2025-10-21,2025-11-20,10800.0,False,False,2025-12-06,16.0,paid
INV-07172,B134,2025-10-21,2025-12-05,30000.0,False,True,2026-01-19,45.0,paid
INV-00387,B007,2025-10-21,2025-11-20,171300.0,False,False,2025-12-13,23.0,paid
INV-05243,B096,2025-10-21,2025-12-05,40800.0,False,False,2025-12-30,25.0,paid
INV-03593,B068,2025-10-21,2025-11-20,53000.0,True,True,2025-12-24,34.0,paid
INV-08892,B167,2025-10-21,2025-11-20,22000.0,True,False,2025-12-31,41.0,paid
INV-11529,B207,2025-10-21,2025-11-20,42400.0,False,False,2025-11-18,-2.0,paid
INV-01159,B020,2025-10-22,2025-11-21,61100.0,False,False,2025-12-23,32.0,paid
INV-09923,B182,2025-10-22,2025-11-21,88300.0,False,False,2025-12-13,22.0,paid
INV-00210,B003,2025-10-22,2025-11-21,12900.0,False,False,2025-12-17,26.0,paid
INV-06441,B115,2025-10-22,2025-12-06,66300.0,False,False,2025-12-20,14.0,paid
INV-04764,B088,2025-10-22,2025-11-21,23700.0,False,False,2025-11-20,-1.0,paid
INV-09221,B171,2025-10-22,2025-11-21,105100.0,False,False,2025-12-10,19.0,paid
INV-11868,B212,2025-10-22,2025-12-06,115700.0,False,False,2026-01-06,31.0,paid
INV-05760,B101,2025-10-22,2025-12-06,67400.0,False,False,2026-01-02,27.0,paid
INV-11867,B212,2025-10-22,2025-12-06,46200.0,False,False,2025-12-31,25.0,paid
INV-06684,B120,2025-10-22,2025-12-06,64500.0,False,False,2025-12-28,22.0,paid
INV-10040,B183,2025-10-22,2025-12-06,149000.0,False,True,2026-01-14,39.0,paid
INV-11866,B212,2025-10-22,2025-12-06,48700.0,True,False,2026-02-10,66.0,paid
INV-11264,B203,2025-10-22,2025-11-21,7200.0,False,False,2025-12-29,38.0,paid
INV-09714,B178,2025-10-22,2025-11-21,41900.0,False,False,2026-01-19,59.0,paid
INV-00797,B015,2025-10-22,2025-11-21,69100.0,False,False,2025-11-15,-6.0,paid
INV-11027,B199,2025-10-22,2025-12-06,11300.0,False,True,2025-12-17,11.0,paid
INV-02729,B052,2025-10-23,2025-11-22,79600.0,False,False,2026-01-22,61.0,paid
INV-06063,B105,2025-10-23,2025-11-22,41100.0,False,False,2025-11-17,-5.0,paid
INV-07846,B144,2025-10-23,2025-11-22,50200.0,True,False,2025-12-29,37.0,paid
INV-06685,B120,2025-10-23,2025-12-07,55500.0,False,False,2025-12-30,23.0,paid
INV-10041,B183,2025-10-23,2025-12-07,59900.0,False,False,2026-01-01,25.0,paid
INV-06474,B116,2025-10-23,2025-12-07,107900.0,False,False,2025-12-25,18.0,paid
INV-11028,B199,2025-10-23,2025-12-07,16400.0,False,False,2025-11-27,-10.0,paid
INV-05637,B100,2025-10-23,2025-11-22,43300.0,False,False,2025-12-19,27.0,paid
INV-04908,B090,2025-10-23,2025-12-07,130700.0,False,False,2025-12-16,9.0,paid
INV-06813,B123,2025-10-24,2025-12-08,113400.0,False,False,2026-01-14,37.0,paid
INV-00579,B011,2025-10-24,2025-12-08,16700.0,False,False,2026-01-25,48.0,paid
INV-03479,B067,2025-10-24,2025-11-23,111900.0,False,True,2025-11-26,3.0,paid
INV-06207,B108,2025-10-24,2025-11-23,26900.0,False,False,2025-12-09,16.0,paid
INV-05451,B098,2025-10-24,2025-11-23,17200.0,False,False,2025-12-12,19.0,paid
INV-05172,B095,2025-10-24,2025-12-08,27000.0,False,False,2026-02-10,64.0,paid
INV-08191,B152,2025-10-24,2025-12-08,93900.0,False,True,2026-01-03,26.0,paid
INV-08144,B150,2025-10-24,2025-12-08,29700.0,False,False,2025-12-19,11.0,paid
INV-02146,B039,2025-10-25,2025-12-09,11500.0,False,False,2025-12-14,5.0,paid
INV-09416,B174,2025-10-25,2025-11-24,26700.0,False,False,2025-12-02,8.0,paid
INV-04052,B076,2025-10-25,2025-12-09,82800.0,False,False,2025-12-29,20.0,paid
INV-05761,B101,2025-10-25,2025-12-09,53500.0,False,False,2026-01-07,29.0,paid
INV-00988,B018,2025-10-25,2025-11-24,13600.0,False,False,2026-01-09,46.0,paid
INV-02462,B047,2025-10-25,2025-11-24,172700.0,False,False,2025-12-04,10.0,paid
INV-01268,B022,2025-10-25,2025-11-24,3400.0,False,False,2026-01-01,38.0,paid
INV-11683,B211,2025-10-25,2025-12-09,127000.0,True,False,2026-02-26,79.0,paid
INV-03480,B067,2025-10-25,2025-11-24,140600.0,False,False,2025-11-22,-2.0,paid
INV-11029,B199,2025-10-26,2025-12-10,8600.0,False,False,2025-11-30,-10.0,paid
INV-02665,B051,2025-10-26,2025-11-25,19700.0,False,False,2025-12-15,20.0,paid
INV-09532,B175,2025-10-26,2025-11-25,107200.0,False,False,2025-12-13,18.0,paid
INV-01990,B037,2025-10-26,2025-12-10,134700.0,False,True,2025-12-20,10.0,paid
INV-00580,B011,2025-10-26,2025-12-10,30900.0,False,False,2026-02-06,58.0,paid
INV-01473,B025,2025-10-26,2025-12-10,5500.0,False,False,2026-01-03,24.0,paid
INV-01788,B032,2025-10-26,2025-11-25,3100.0,False,False,2026-01-25,61.0,paid
INV-02903,B055,2025-10-26,2025-11-25,35700.0,False,False,2025-12-26,31.0,paid
INV-07706,B143,2025-10-26,2025-12-10,27200.0,False,False,2025-12-16,6.0,paid
INV-07847,B144,2025-10-26,2025-11-25,38600.0,False,False,2025-11-15,-10.0,paid
INV-11869,B212,2025-10-26,2025-12-10,85800.0,False,False,2026-01-13,34.0,paid
INV-11113,B200,2025-10-27,2025-11-26,26300.0,False,False,2025-12-23,27.0,paid
INV-10042,B183,2025-10-27,2025-12-11,57500.0,False,False,2025-12-20,9.0,paid
INV-07998,B147,2025-10-27,2025-11-26,16500.0,False,False,2025-12-23,27.0,paid
INV-07999,B147,2025-10-27,2025-11-26,45800.0,False,False,2025-12-16,20.0,paid
INV-02666,B051,2025-10-27,2025-11-26,58600.0,False,False,2025-12-12,16.0,paid
INV-03481,B067,2025-10-27,2025-11-26,122200.0,False,False,2025-11-30,4.0,paid
INV-10295,B186,2025-10-27,2025-12-11,162900.0,False,False,2025-12-19,8.0,paid
INV-09417,B174,2025-10-27,2025-11-26,41700.0,False,False,2025-12-01,5.0,paid
INV-06119,B107,2025-10-27,2025-12-11,60100.0,False,False,2025-12-22,11.0,paid
INV-02147,B039,2025-10-27,2025-12-11,27600.0,False,False,2025-12-24,13.0,paid
INV-12147,B218,2025-10-27,2025-12-11,83500.0,False,False,2025-12-22,11.0,paid
INV-08609,B161,2025-10-28,2025-11-27,258200.0,False,False,2025-12-31,34.0,paid
INV-01269,B022,2025-10-28,2025-11-27,9800.0,False,False,2025-12-29,32.0,paid
INV-04170,B079,2025-10-28,2025-11-27,97400.0,True,False,2025-12-27,30.0,paid
INV-03669,B069,2025-10-28,2025-11-27,37300.0,False,False,2025-12-18,21.0,paid
INV-08000,B147,2025-10-28,2025-11-27,25300.0,False,False,2025-12-23,26.0,paid
INV-02216,B040,2025-10-28,2025-11-27,35500.0,True,False,2026-01-05,39.0,paid
INV-11114,B200,2025-10-29,2025-11-28,58500.0,False,False,2025-12-29,31.0,paid
INV-11530,B207,2025-10-29,2025-11-28,56600.0,False,True,2025-12-18,20.0,paid
INV-00442,B008,2025-10-29,2025-12-13,41700.0,False,False,2025-12-22,9.0,paid
INV-02823,B054,2025-10-29,2025-11-28,6600.0,False,False,2025-11-30,2.0,paid
INV-05509,B099,2025-10-29,2025-11-28,85100.0,False,False,2025-12-22,24.0,paid
INV-01474,B025,2025-10-29,2025-12-13,10400.0,False,True,2026-01-18,36.0,paid
INV-06686,B120,2025-10-29,2025-12-13,51800.0,False,False,2025-12-24,11.0,paid
INV-07848,B144,2025-10-29,2025-11-28,79500.0,True,False,2026-01-10,43.0,paid
INV-03130,B059,2025-10-30,2025-12-14,3900.0,False,True,2026-01-13,30.0,paid
INV-10754,B194,2025-10-30,2025-12-14,107800.0,False,False,2026-04-24,131.0,paid
INV-03594,B068,2025-10-30,2025-11-29,64600.0,False,False,2025-11-19,-10.0,paid
INV-09131,B169,2025-10-30,2025-11-29,20600.0,False,False,2025-12-15,16.0,paid
INV-03977,B075,2025-10-30,2025-12-14,179100.0,True,False,2026-02-06,54.0,paid
INV-07592,B141,2025-10-30,2025-11-29,172100.0,False,False,2026-02-20,83.0,paid
INV-10378,B187,2025-10-30,2025-11-29,192800.0,False,False,2025-12-24,25.0,paid
INV-08145,B150,2025-10-31,2025-12-15,52600.0,False,True,2026-01-19,35.0,paid
INV-07707,B143,2025-10-31,2025-12-15,15600.0,False,False,2025-12-07,-8.0,paid
INV-11115,B200,2025-10-31,2025-11-30,41700.0,True,True,2026-02-04,66.0,paid
INV-08893,B167,2025-10-31,2025-11-30,40300.0,False,False,2025-12-21,21.0,paid
INV-06584,B119,2025-10-31,2025-11-30,51100.0,False,True,2025-12-17,17.0,paid
INV-03727,B070,2025-10-31,2025-12-15,61900.0,False,False,2025-12-28,13.0,paid
INV-06687,B120,2025-10-31,2025-12-15,37000.0,True,True,2026-01-13,29.0,paid
INV-06318,B111,2025-10-31,2025-12-15,68400.0,False,False,2025-12-10,-5.0,paid
INV-12148,B218,2025-10-31,2025-12-15,68800.0,False,False,2025-12-29,14.0,paid
INV-07077,B132,2025-10-31,2025-12-15,66400.0,False,False,2025-12-25,10.0,paid
INV-06208,B108,2025-10-31,2025-11-30,11000.0,False,False,2025-12-20,20.0,paid
INV-06880,B126,2025-10-31,2025-12-15,142600.0,False,False,2025-12-16,1.0,paid
INV-07238,B135,2025-10-31,2025-12-15,63500.0,False,True,2026-01-19,35.0,paid
INV-06857,B125,2025-10-31,2025-12-15,2400.0,False,False,2025-12-14,-1.0,paid
INV-00720,B014,2025-10-31,2025-11-30,40600.0,False,False,2025-12-12,12.0,paid
INV-03343,B065,2025-11-01,2025-12-01,54300.0,False,False,2025-12-15,14.0,paid
INV-05510,B099,2025-11-01,2025-12-01,114200.0,False,False,2025-12-19,18.0,paid
INV-04765,B088,2025-11-01,2025-12-01,27200.0,False,False,2025-11-21,-10.0,paid
INV-00527,B010,2025-11-01,2025-12-16,17200.0,False,False,2025-12-27,11.0,paid
INV-04645,B087,2025-11-01,2025-12-16,17600.0,False,False,2025-12-12,-4.0,paid
INV-08680,B162,2025-11-01,2025-12-01,23100.0,False,False,2025-12-13,12.0,paid
INV-05974,B104,2025-11-01,2025-12-01,211900.0,False,False,2025-11-28,-3.0,paid
INV-09809,B180,2025-11-01,2025-12-01,21700.0,False,False,2026-01-04,34.0,paid
INV-03482,B067,2025-11-01,2025-12-01,91500.0,False,False,2025-11-21,-10.0,paid
INV-07240,B135,2025-11-01,2025-12-16,76200.0,False,True,2026-01-18,33.0,paid
INV-08146,B150,2025-11-01,2025-12-16,90100.0,False,False,2026-01-08,23.0,paid
INV-07239,B135,2025-11-01,2025-12-16,59000.0,False,False,2026-03-31,105.0,paid
INV-01721,B030,2025-11-02,2025-12-02,167200.0,False,False,2025-11-29,-3.0,paid
INV-08464,B159,2025-11-02,2025-12-17,227400.0,False,False,2026-01-10,24.0,paid
INV-01991,B037,2025-11-02,2025-12-17,205200.0,False,False,2025-12-12,-5.0,paid
INV-09715,B178,2025-11-02,2025-12-02,52900.0,False,True,2026-02-20,80.0,paid
INV-07014,B131,2025-11-02,2025-12-17,91200.0,False,False,2026-01-06,20.0,paid
INV-03088,B058,2025-11-03,2025-12-18,193200.0,False,False,2026-02-15,59.0,paid
INV-01221,B021,2025-11-03,2025-12-18,22500.0,False,False,2026-01-14,27.0,paid
INV-08610,B161,2025-11-03,2025-12-03,59600.0,False,False,2025-12-28,25.0,paid
INV-05638,B100,2025-11-03,2025-12-03,62200.0,False,False,2026-01-02,30.0,paid
INV-06688,B120,2025-11-03,2025-12-18,56800.0,False,False,2026-01-05,18.0,paid
INV-07078,B132,2025-11-03,2025-12-18,67000.0,False,False,2025-12-20,2.0,paid
INV-10379,B187,2025-11-03,2025-12-03,148400.0,False,True,2026-01-07,35.0,paid
INV-10962,B198,2025-11-03,2025-12-18,16400.0,False,False,2026-01-25,38.0,paid
INV-02148,B039,2025-11-03,2025-12-18,8600.0,False,False,2025-12-25,7.0,paid
INV-09277,B172,2025-11-03,2025-12-18,72400.0,False,False,2026-02-15,59.0,paid
INV-04203,B080,2025-11-03,2025-12-03,178600.0,False,False,2025-12-16,13.0,paid
INV-11457,B206,2025-11-03,2025-12-18,21300.0,False,False,2025-12-31,13.0,paid
INV-03595,B068,2025-11-03,2025-12-03,45600.0,False,False,2025-11-25,-8.0,paid
INV-03937,B074,2025-11-03,2025-12-03,21800.0,False,False,2025-12-30,27.0,paid
INV-00989,B018,2025-11-03,2025-12-03,45600.0,False,False,2026-01-17,45.0,paid
INV-05975,B104,2025-11-03,2025-12-03,142100.0,True,False,2025-12-17,14.0,paid
INV-06120,B107,2025-11-04,2025-12-19,78000.0,False,False,2025-12-26,7.0,paid
INV-10755,B194,2025-11-04,2025-12-19,135300.0,False,False,2025-12-25,6.0,paid
INV-08737,B163,2025-11-04,2025-12-04,35200.0,False,False,2025-12-31,27.0,paid
INV-10721,B193,2025-11-04,2025-12-19,128800.0,False,False,2026-01-15,27.0,paid
INV-05978,B104,2025-11-04,2025-12-04,113800.0,False,False,2025-12-09,5.0,paid
INV-05977,B104,2025-11-04,2025-12-04,176300.0,False,False,2025-12-10,6.0,paid
INV-05976,B104,2025-11-04,2025-12-04,133100.0,False,True,2025-12-18,14.0,paid
INV-11327,B204,2025-11-04,2025-12-04,134400.0,True,True,2026-02-02,60.0,paid
INV-10043,B183,2025-11-04,2025-12-19,54600.0,False,True,2026-01-20,32.0,paid
INV-08404,B158,2025-11-04,2025-12-19,9700.0,True,True,2026-03-09,80.0,paid
INV-06689,B120,2025-11-04,2025-12-19,30200.0,False,False,2025-12-26,7.0,paid
INV-05639,B100,2025-11-04,2025-12-04,143400.0,False,False,2026-01-08,35.0,paid
INV-04909,B090,2025-11-04,2025-12-19,188100.0,False,True,2026-01-09,21.0,paid
INV-11984,B214,2025-11-04,2025-12-19,71600.0,False,False,2026-01-23,35.0,paid
INV-00132,B002,2025-11-05,2025-12-05,81900.0,False,False,2025-12-12,7.0,paid
INV-10380,B187,2025-11-05,2025-12-05,168400.0,False,True,2026-01-23,49.0,paid
INV-04341,B083,2025-11-05,2025-12-20,13000.0,False,False,2026-01-09,20.0,paid
INV-10657,B192,2025-11-05,2025-12-20,31100.0,False,False,2025-12-15,-5.0,paid
INV-12149,B218,2025-11-05,2025-12-20,59700.0,False,False,2026-01-04,15.0,paid
INV-11531,B207,2025-11-05,2025-12-05,68300.0,False,False,2025-12-09,4.0,paid
INV-04766,B088,2025-11-05,2025-12-05,106900.0,False,False,2025-12-01,-4.0,paid
INV-03596,B068,2025-11-05,2025-12-05,47500.0,False,False,2025-11-25,-10.0,paid
INV-08738,B163,2025-11-05,2025-12-05,43200.0,True,True,2026-02-14,71.0,paid
INV-02217,B040,2025-11-05,2025-12-05,73000.0,False,False,2025-12-08,3.0,paid
INV-06475,B116,2025-11-05,2025-12-20,181800.0,False,False,2026-01-09,20.0,paid
INV-04272,B081,2025-11-05,2025-12-05,51400.0,True,False,2026-02-04,61.0,paid
INV-00232,B004,2025-11-05,2025-12-20,13100.0,False,False,2026-02-11,53.0,paid
INV-02824,B054,2025-11-05,2025-12-05,29800.0,False,False,2025-12-08,3.0,paid
INV-10450,B188,2025-11-06,2025-12-06,25800.0,True,False,2026-01-07,32.0,paid
INV-07343,B137,2025-11-06,2025-12-21,121500.0,False,False,2025-12-16,-5.0,paid
INV-08493,B160,2025-11-06,2025-12-06,267700.0,False,False,2025-12-10,4.0,paid
INV-04849,B089,2025-11-06,2025-12-06,43000.0,False,False,2025-12-14,8.0,paid
INV-08465,B159,2025-11-06,2025-12-21,121500.0,False,False,2026-01-14,24.0,paid
INV-07121,B133,2025-11-06,2025-12-06,37500.0,False,False,2026-01-02,27.0,paid
INV-10174,B185,2025-11-06,2025-12-21,129500.0,False,False,2026-02-08,49.0,paid
INV-10101,B184,2025-11-06,2025-12-06,96600.0,False,True,2026-01-20,45.0,paid
INV-09013,B168,2025-11-06,2025-12-21,31800.0,False,True,2026-01-15,25.0,paid
INV-02320,B043,2025-11-06,2025-12-21,8900.0,False,True,2026-01-27,37.0,paid
INV-05173,B095,2025-11-06,2025-12-21,13900.0,False,True,2026-02-04,45.0,paid
INV-03005,B056,2025-11-06,2025-12-21,128700.0,False,True,2026-01-29,39.0,paid
INV-02580,B050,2025-11-06,2025-12-06,78900.0,False,False,2026-01-07,32.0,paid
INV-05640,B100,2025-11-07,2025-12-07,71900.0,False,False,2026-03-16,99.0,paid
INV-03670,B069,2025-11-07,2025-12-07,63900.0,False,True,2026-01-14,38.0,paid
INV-01580,B028,2025-11-07,2025-12-22,16300.0,False,False,2026-02-03,43.0,paid
INV-10102,B184,2025-11-07,2025-12-07,247100.0,False,False,2025-12-30,23.0,paid
INV-10877,B196,2025-11-07,2025-12-07,81100.0,False,False,2026-01-23,47.0,paid
INV-06881,B126,2025-11-07,2025-12-22,182400.0,False,False,2025-12-21,-1.0,paid
INV-08231,B154,2025-11-07,2025-12-22,55900.0,False,False,2025-12-26,4.0,paid
INV-07241,B135,2025-11-07,2025-12-22,133800.0,False,False,2026-01-20,29.0,paid
INV-04053,B076,2025-11-07,2025-12-22,63200.0,False,True,2026-01-23,32.0,paid
INV-11265,B203,2025-11-07,2025-12-07,11800.0,False,True,2026-01-03,27.0,paid
INV-06064,B105,2025-11-07,2025-12-07,48400.0,False,True,2025-12-20,13.0,paid
INV-06690,B120,2025-11-07,2025-12-22,44100.0,True,False,2026-01-28,37.0,paid
INV-11870,B212,2025-11-07,2025-12-22,44300.0,False,False,2026-01-25,34.0,paid
INV-11395,B205,2025-11-07,2025-12-22,28000.0,False,False,2025-12-22,0.0,paid
INV-02463,B047,2025-11-07,2025-12-07,89500.0,False,True,2025-11-28,-9.0,paid
INV-00990,B018,2025-11-07,2025-12-07,18500.0,False,False,2026-01-28,52.0,paid
INV-01160,B020,2025-11-07,2025-12-07,253500.0,False,False,2025-12-29,22.0,paid
INV-02321,B043,2025-11-07,2025-12-22,26000.0,False,False,2026-01-16,25.0,paid
INV-06367,B113,2025-11-07,2025-12-22,312400.0,False,False,2026-02-03,43.0,paid
INV-08783,B164,2025-11-07,2025-12-22,18300.0,False,False,2026-01-11,20.0,paid
INV-09766,B179,2025-11-08,2025-12-08,27400.0,False,False,2026-01-02,25.0,paid
INV-00721,B014,2025-11-08,2025-12-08,38100.0,False,False,2025-12-07,-1.0,paid
INV-09650,B177,2025-11-08,2025-12-23,126500.0,False,False,2026-01-08,16.0,paid
INV-04441,B085,2025-11-08,2025-12-08,79600.0,False,False,2025-12-31,23.0,paid
INV-04910,B090,2025-11-08,2025-12-23,107600.0,False,False,2025-12-20,-3.0,paid
INV-09767,B179,2025-11-08,2025-12-08,84600.0,False,False,2026-01-29,52.0,paid
INV-08611,B161,2025-11-08,2025-12-08,86700.0,False,False,2026-01-01,24.0,paid
INV-00991,B018,2025-11-08,2025-12-08,36400.0,False,False,2026-01-27,50.0,paid
INV-05641,B100,2025-11-08,2025-12-08,43800.0,True,False,2026-01-28,51.0,paid
INV-11177,B201,2025-11-08,2025-12-23,19600.0,False,False,2026-01-18,26.0,paid
INV-01789,B032,2025-11-08,2025-12-08,6300.0,False,False,2026-01-23,46.0,paid
INV-05069,B093,2025-11-08,2025-12-23,33400.0,False,False,2025-12-21,-2.0,paid
INV-11030,B199,2025-11-08,2025-12-23,29300.0,False,False,2025-12-15,-8.0,paid
INV-00892,B017,2025-11-08,2025-12-08,13200.0,False,False,2025-11-28,-10.0,paid
INV-01821,B033,2025-11-09,2025-12-24,46200.0,False,False,2026-02-05,43.0,paid
INV-11203,B202,2025-11-09,2025-12-09,12900.0,False,False,2026-01-15,37.0,paid
INV-05850,B103,2025-11-09,2025-12-24,215700.0,False,False,2026-01-02,9.0,paid
INV-08074,B148,2025-11-09,2025-12-09,3100.0,True,False,2025-12-26,17.0,paid
INV-08894,B167,2025-11-10,2025-12-10,29500.0,False,False,2025-12-30,20.0,paid
INV-05174,B095,2025-11-10,2025-12-25,63400.0,False,False,2026-02-07,44.0,paid
INV-03671,B069,2025-11-10,2025-12-10,46500.0,False,False,2025-12-28,18.0,paid
INV-02411,B046,2025-11-10,2025-12-25,4700.0,False,False,2025-12-30,5.0,paid
INV-04388,B084,2025-11-10,2025-12-25,8900.0,False,False,2026-01-21,27.0,paid
INV-00659,B013,2025-11-10,2025-12-25,11200.0,True,False,2026-02-08,45.0,paid
INV-02825,B054,2025-11-10,2025-12-10,12600.0,False,False,2025-12-01,-9.0,paid
INV-06209,B108,2025-11-10,2025-12-10,27400.0,False,False,2025-12-15,5.0,paid
INV-04171,B079,2025-11-10,2025-12-10,57600.0,False,False,2025-12-09,-1.0,paid
INV-05979,B104,2025-11-10,2025-12-10,75100.0,False,False,2025-12-05,-5.0,paid
INV-07173,B134,2025-11-10,2025-12-25,45000.0,False,False,2026-01-07,13.0,paid
INV-05356,B097,2025-11-10,2025-12-10,28900.0,False,False,2025-12-12,2.0,paid
INV-06954,B129,2025-11-11,2025-12-26,48100.0,False,False,2025-12-25,-1.0,paid
INV-06858,B125,2025-11-11,2025-12-26,13900.0,False,True,2026-01-08,13.0,paid
INV-09716,B178,2025-11-11,2025-12-11,18400.0,False,False,2026-02-14,65.0,paid
INV-01645,B029,2025-11-11,2025-12-26,35000.0,False,False,2025-12-31,5.0,paid
INV-10722,B193,2025-11-11,2025-12-26,166800.0,False,False,2026-01-20,25.0,paid
INV-01270,B022,2025-11-11,2025-12-11,5200.0,False,False,2026-01-19,39.0,paid
INV-07403,B138,2025-11-11,2025-12-11,16800.0,False,False,2025-12-09,-2.0,paid
INV-11598,B209,2025-11-11,2025-12-26,111100.0,False,False,2026-01-11,16.0,paid
INV-10505,B189,2025-11-11,2025-12-26,57600.0,False,True,2026-01-06,11.0,paid
INV-07122,B133,2025-11-11,2025-12-11,28000.0,False,False,2026-01-16,36.0,paid
INV-01928,B036,2025-11-11,2025-12-26,23800.0,False,False,2026-01-08,13.0,paid
INV-00528,B010,2025-11-11,2025-12-26,17400.0,False,False,2025-12-31,5.0,paid
INV-09600,B176,2025-11-11,2025-12-26,8500.0,False,False,2026-01-22,27.0,paid
INV-07946,B146,2025-11-11,2025-12-11,73800.0,False,True,2025-12-25,14.0,paid
INV-11532,B207,2025-11-11,2025-12-11,27000.0,False,True,2025-12-15,4.0,paid
INV-01161,B020,2025-11-11,2025-12-11,59700.0,False,False,2025-12-25,14.0,paid
INV-07402,B138,2025-11-11,2025-12-11,73500.0,False,False,2025-12-11,0.0,paid
INV-11116,B200,2025-11-12,2025-12-12,18100.0,False,False,2025-12-31,19.0,paid
INV-01070,B019,2025-11-12,2025-12-12,48400.0,False,False,2025-12-28,16.0,paid
INV-09132,B169,2025-11-12,2025-12-12,48100.0,False,True,2025-12-26,14.0,paid
INV-00033,B000,2025-11-12,2025-12-27,10800.0,False,False,2025-12-28,1.0,paid
INV-09278,B172,2025-11-12,2025-12-27,57400.0,False,True,2026-02-12,47.0,paid
INV-03597,B068,2025-11-12,2025-12-12,62900.0,False,True,2025-12-13,1.0,paid
INV-10918,B197,2025-11-12,2025-12-27,77900.0,False,False,2025-12-29,2.0,paid
INV-12150,B218,2025-11-12,2025-12-27,148000.0,False,False,2026-03-02,65.0,paid
INV-04172,B079,2025-11-12,2025-12-12,106300.0,False,False,2025-12-18,6.0,paid
INV-06368,B113,2025-11-12,2025-12-27,156000.0,True,False,2026-03-13,76.0,paid
INV-09418,B174,2025-11-12,2025-12-12,59800.0,False,False,2025-12-17,5.0,paid
INV-11684,B211,2025-11-12,2025-12-27,242700.0,False,False,2026-02-11,46.0,paid
INV-06539,B118,2025-11-12,2025-12-12,5100.0,False,False,2026-01-17,36.0,paid
INV-03760,B071,2025-11-12,2025-12-12,57100.0,False,False,2025-12-30,18.0,paid
INV-04309,B082,2025-11-12,2025-12-27,49700.0,False,False,2026-01-08,12.0,paid
INV-06691,B120,2025-11-12,2025-12-27,41600.0,False,False,2026-01-02,6.0,paid
INV-11031,B199,2025-11-12,2025-12-27,11900.0,False,False,2025-12-17,-10.0,paid
INV-02149,B039,2025-11-12,2025-12-27,30100.0,False,False,2026-01-01,5.0,paid
INV-09320,B173,2025-11-12,2025-12-27,93200.0,False,False,2026-01-14,18.0,paid
INV-05980,B104,2025-11-13,2025-12-13,128600.0,False,True,2025-12-24,11.0,paid
INV-09015,B168,2025-11-13,2025-12-28,61800.0,False,True,2026-01-28,31.0,paid
INV-09014,B168,2025-11-13,2025-12-28,37700.0,False,False,2026-01-19,22.0,paid
INV-09533,B175,2025-11-13,2025-12-13,151300.0,False,False,2025-12-17,4.0,paid
INV-01992,B037,2025-11-13,2025-12-28,179500.0,False,False,2026-01-30,33.0,paid
INV-01849,B034,2025-11-13,2025-12-28,122800.0,False,False,2025-12-31,3.0,paid
INV-05815,B102,2025-11-13,2025-12-28,36000.0,False,False,2025-12-18,-10.0,paid
INV-09279,B172,2025-11-13,2025-12-28,86500.0,False,False,2026-02-15,49.0,paid
INV-03672,B069,2025-11-13,2025-12-13,24000.0,False,False,2025-12-31,18.0,paid
INV-00133,B002,2025-11-13,2025-12-13,117000.0,False,False,2025-12-17,4.0,paid
INV-02412,B046,2025-11-14,2025-12-29,12900.0,False,False,2026-01-13,15.0,paid
INV-01892,B035,2025-11-14,2025-12-29,36700.0,False,False,2025-12-29,0.0,paid
INV-04850,B089,2025-11-14,2025-12-14,28700.0,False,False,2025-12-09,-5.0,paid
INV-09534,B175,2025-11-14,2025-12-14,65200.0,False,False,2025-12-12,-2.0,paid
INV-07504,B139,2025-11-14,2025-12-14,48300.0,False,False,2025-12-22,8.0,paid
INV-09419,B174,2025-11-14,2025-12-14,72200.0,False,False,2025-12-20,6.0,paid
INV-04204,B080,2025-11-14,2025-12-14,263000.0,False,False,2025-12-28,14.0,paid
INV-01475,B025,2025-11-14,2025-12-29,10100.0,False,False,2026-01-19,21.0,paid
INV-09186,B170,2025-11-14,2025-12-29,22200.0,True,False,2026-03-27,88.0,paid
INV-11871,B212,2025-11-14,2025-12-29,90900.0,False,False,2026-01-25,27.0,paid
INV-10296,B186,2025-11-14,2025-12-29,120200.0,False,False,2026-01-03,5.0,paid
INV-06814,B123,2025-11-14,2025-12-29,103400.0,False,False,2026-01-28,30.0,paid
INV-07242,B135,2025-11-14,2025-12-29,93600.0,False,False,2026-01-31,33.0,paid
INV-04054,B076,2025-11-14,2025-12-29,49100.0,False,False,2026-01-28,30.0,paid
INV-11266,B203,2025-11-14,2025-12-14,5300.0,False,False,2026-01-09,26.0,paid
INV-00992,B018,2025-11-15,2025-12-15,54300.0,False,False,2026-02-01,48.0,paid
INV-05175,B095,2025-11-15,2025-12-30,48400.0,False,False,2026-02-15,47.0,paid
INV-09651,B177,2025-11-15,2025-12-30,101300.0,False,False,2026-01-26,27.0,paid
INV-05642,B100,2025-11-15,2025-12-15,45300.0,False,False,2026-01-05,21.0,paid
INV-02542,B049,2025-11-15,2025-12-30,59200.0,False,False,2025-12-25,-5.0,paid
INV-08075,B148,2025-11-15,2025-12-15,6900.0,False,False,2025-12-29,14.0,paid
INV-08076,B148,2025-11-15,2025-12-15,8600.0,False,False,2026-01-10,26.0,paid
INV-02667,B051,2025-11-15,2025-12-15,55600.0,False,False,2025-12-27,12.0,paid
INV-10963,B198,2025-11-15,2025-12-30,6500.0,False,True,2026-02-19,51.0,paid
INV-04442,B085,2025-11-15,2025-12-15,86400.0,False,False,2026-01-03,19.0,paid
INV-03598,B068,2025-11-15,2025-12-15,62900.0,False,True,2026-02-11,58.0,paid
INV-03599,B068,2025-11-15,2025-12-15,162300.0,False,False,2025-12-22,7.0,paid
INV-09717,B178,2025-11-15,2025-12-15,21100.0,False,False,2026-02-18,65.0,paid
INV-05070,B093,2025-11-15,2025-12-30,23300.0,False,False,2025-12-25,-5.0,paid
INV-11267,B203,2025-11-15,2025-12-15,3900.0,False,True,2026-01-25,41.0,paid
INV-08612,B161,2025-11-15,2025-12-15,38600.0,False,True,2026-01-01,17.0,paid
INV-02764,B053,2025-11-16,2025-12-16,36700.0,False,False,2025-12-26,10.0,paid
INV-02322,B043,2025-11-16,2025-12-31,12000.0,False,False,2026-01-20,20.0,paid
INV-10103,B184,2025-11-16,2025-12-16,58700.0,False,False,2026-01-02,17.0,paid
INV-08822,B165,2025-11-16,2025-12-16,6000.0,False,False,2025-12-14,-2.0,paid
INV-04991,B092,2025-11-16,2025-12-31,22900.0,False,False,2025-12-23,-8.0,paid
INV-10919,B197,2025-11-16,2025-12-31,68900.0,False,False,2025-12-25,-6.0,paid
INV-06122,B107,2025-11-16,2025-12-31,64300.0,False,False,2025-12-26,-5.0,paid
INV-09924,B182,2025-11-16,2025-12-16,18700.0,False,False,2025-12-06,-10.0,paid
INV-02368,B045,2025-11-16,2025-12-31,16700.0,False,True,2026-01-20,20.0,paid
INV-07505,B139,2025-11-16,2025-12-16,74500.0,False,False,2025-12-26,10.0,paid
INV-06815,B123,2025-11-16,2025-12-31,250500.0,False,False,2026-02-09,40.0,paid
INV-06121,B107,2025-11-16,2025-12-31,146600.0,False,False,2025-12-28,-3.0,paid
INV-08739,B163,2025-11-16,2025-12-16,74600.0,True,False,2026-02-22,68.0,paid
INV-05452,B098,2025-11-16,2025-12-16,12100.0,False,False,2025-12-06,-10.0,paid
INV-09016,B168,2025-11-16,2025-12-31,46900.0,False,False,2026-01-20,20.0,paid
INV-09535,B175,2025-11-17,2025-12-17,53300.0,False,False,2025-12-08,-9.0,paid
INV-09018,B168,2025-11-17,2026-01-01,60100.0,False,False,2026-01-15,14.0,paid
INV-11872,B212,2025-11-17,2026-01-01,52300.0,False,False,2026-02-14,44.0,paid
INV-09017,B168,2025-11-17,2026-01-01,71800.0,False,True,2026-01-29,28.0,paid
INV-08077,B148,2025-11-17,2025-12-17,7100.0,False,False,2025-12-25,8.0,paid
INV-03833,B072,2025-11-17,2025-12-17,58100.0,False,False,2025-12-28,11.0,paid
INV-00481,B009,2025-11-17,2026-01-01,8600.0,False,False,2025-12-22,-10.0,paid
INV-11458,B206,2025-11-17,2026-01-01,13400.0,False,False,2026-01-07,6.0,paid
INV-06369,B113,2025-11-17,2026-01-01,178500.0,False,False,2026-02-07,37.0,paid
INV-02668,B051,2025-11-17,2025-12-17,35600.0,False,False,2026-01-07,21.0,paid
INV-06987,B130,2025-11-17,2025-12-17,43400.0,False,False,2025-12-19,2.0,paid
INV-00345,B006,2025-11-17,2026-01-01,72000.0,False,False,2026-01-20,19.0,paid
INV-04911,B090,2025-11-17,2026-01-01,198900.0,False,False,2026-01-08,7.0,paid
INV-10826,B195,2025-11-17,2025-12-17,14400.0,False,False,2026-01-12,26.0,paid
INV-11328,B204,2025-11-18,2025-12-18,86200.0,False,False,2026-01-04,17.0,paid
INV-01332,B023,2025-11-18,2026-01-02,15300.0,False,True,2026-02-08,37.0,paid
INV-05357,B097,2025-11-18,2025-12-18,58700.0,False,False,2025-12-18,0.0,paid
INV-03006,B056,2025-11-18,2026-01-02,212400.0,False,False,2026-01-24,22.0,paid
INV-06265,B109,2025-11-18,2025-12-18,65000.0,False,False,2026-01-06,19.0,paid
INV-03167,B060,2025-11-18,2026-01-02,22300.0,False,False,2026-01-09,7.0,paid
INV-05071,B093,2025-11-18,2026-01-02,42700.0,False,False,2026-01-02,0.0,paid
INV-03673,B069,2025-11-18,2025-12-18,178000.0,False,False,2026-01-18,31.0,paid
INV-11873,B212,2025-11-18,2026-01-02,40100.0,False,False,2026-02-10,39.0,paid
INV-05762,B101,2025-11-18,2026-01-02,64900.0,False,False,2026-01-17,15.0,paid
INV-01993,B037,2025-11-19,2026-01-03,391400.0,False,False,2026-02-11,39.0,paid
INV-08494,B160,2025-11-19,2025-12-19,225300.0,True,True,2026-02-11,54.0,paid
INV-10297,B186,2025-11-19,2026-01-03,157200.0,False,False,2026-01-19,16.0,paid
INV-05643,B100,2025-11-19,2025-12-19,100100.0,False,True,2026-02-02,45.0,paid
INV-09421,B174,2025-11-19,2025-12-19,18600.0,False,False,2025-12-24,5.0,paid
INV-06501,B117,2025-11-19,2025-12-19,121600.0,False,False,2026-01-12,24.0,paid
INV-11533,B207,2025-11-19,2025-12-19,24900.0,False,False,2025-12-18,-1.0,paid
INV-09420,B174,2025-11-19,2025-12-19,49000.0,False,False,2025-12-24,5.0,paid
INV-11985,B214,2025-11-19,2026-01-03,127300.0,False,False,2026-02-01,29.0,paid
INV-10827,B195,2025-11-20,2025-12-20,12800.0,False,False,2026-01-19,30.0,paid
INV-00291,B005,2025-11-20,2025-12-20,52900.0,False,False,2025-12-21,1.0,paid
INV-01271,B022,2025-11-20,2025-12-20,9600.0,False,False,2026-01-14,25.0,paid
INV-10920,B197,2025-11-20,2026-01-04,82600.0,False,True,2026-01-02,-2.0,paid
INV-04851,B089,2025-11-20,2025-12-20,49600.0,False,False,2025-12-18,-2.0,paid
INV-01516,B026,2025-11-20,2026-01-04,70700.0,True,False,2026-02-18,45.0,paid
INV-10044,B183,2025-11-20,2026-01-04,122900.0,False,False,2026-02-04,31.0,paid
INV-02150,B039,2025-11-20,2026-01-04,21400.0,False,False,2026-01-28,24.0,paid
INV-11459,B206,2025-11-20,2026-01-04,37900.0,False,False,2026-01-24,20.0,paid
INV-10381,B187,2025-11-21,2025-12-21,75800.0,False,False,2026-01-09,19.0,paid
INV-08613,B161,2025-11-21,2025-12-21,93300.0,False,True,2026-01-12,22.0,paid
INV-08895,B167,2025-11-21,2025-12-21,13700.0,False,True,2026-01-09,19.0,paid
INV-08466,B159,2025-11-21,2026-01-05,116900.0,False,True,2026-01-30,25.0,paid
INV-04553,B086,2025-11-21,2026-01-05,232500.0,False,False,2026-01-03,-2.0,paid
INV-06319,B111,2025-11-21,2026-01-05,95800.0,False,False,2026-01-11,6.0,paid
INV-04443,B085,2025-11-21,2025-12-21,99000.0,False,False,2026-01-13,23.0,paid
INV-02730,B052,2025-11-21,2025-12-21,46900.0,True,False,2026-03-17,86.0,paid
INV-03938,B074,2025-11-21,2025-12-21,12700.0,True,True,2026-02-18,59.0,paid
INV-11268,B203,2025-11-21,2025-12-21,9400.0,False,False,2026-01-21,31.0,paid
INV-10605,B191,2025-11-21,2025-12-21,51600.0,False,False,2026-01-01,11.0,paid
INV-01581,B028,2025-11-21,2026-01-05,5500.0,False,False,2026-01-31,26.0,paid
INV-04767,B088,2025-11-21,2025-12-21,16000.0,False,False,2025-12-20,-1.0,paid
INV-04273,B081,2025-11-22,2025-12-22,4700.0,True,False,2026-02-26,66.0,paid
INV-02581,B050,2025-11-22,2025-12-22,78200.0,False,False,2026-01-21,30.0,paid
INV-10964,B198,2025-11-22,2026-01-06,11800.0,False,False,2026-02-08,33.0,paid
INV-01646,B029,2025-11-22,2026-01-06,35200.0,False,True,2026-01-25,19.0,paid
INV-07553,B140,2025-11-22,2026-01-06,7100.0,False,False,2026-03-01,54.0,paid
INV-04768,B088,2025-11-22,2025-12-22,34700.0,False,False,2025-12-20,-2.0,paid
INV-00993,B018,2025-11-23,2025-12-23,12500.0,False,False,2026-01-28,36.0,paid
INV-05981,B104,2025-11-23,2025-12-23,85000.0,False,False,2025-12-15,-8.0,paid
INV-05358,B097,2025-11-23,2025-12-23,38100.0,False,False,2025-12-22,-1.0,paid
INV-09810,B180,2025-11-23,2025-12-23,8700.0,False,False,2026-01-18,26.0,paid
INV-07849,B144,2025-11-23,2025-12-23,36700.0,False,False,2025-12-13,-10.0,paid
INV-00529,B010,2025-11-23,2026-01-07,14800.0,False,False,2026-01-13,6.0,paid
INV-00211,B003,2025-11-23,2025-12-23,18300.0,False,False,2026-01-20,28.0,paid
INV-00722,B014,2025-11-23,2025-12-23,99000.0,False,False,2026-03-03,70.0,paid
INV-10045,B183,2025-11-23,2026-01-07,170300.0,False,False,2026-02-08,32.0,paid
INV-08467,B159,2025-11-23,2026-01-07,91700.0,False,False,2026-01-23,16.0,paid
INV-02669,B051,2025-11-23,2025-12-23,47100.0,False,False,2026-01-06,14.0,paid
INV-11534,B207,2025-11-23,2025-12-23,21300.0,False,False,2025-12-13,-10.0,paid
INV-11396,B205,2025-11-23,2026-01-07,43200.0,False,False,2026-01-06,-1.0,paid
INV-11535,B207,2025-11-23,2025-12-23,41000.0,False,False,2025-12-24,1.0,paid
INV-07947,B146,2025-11-23,2025-12-23,37100.0,False,False,2025-12-31,8.0,paid
INV-04274,B081,2025-11-23,2025-12-23,28500.0,False,False,2026-01-21,29.0,paid
INV-09019,B168,2025-11-23,2026-01-07,68300.0,False,False,2026-01-24,17.0,paid
INV-01893,B035,2025-11-23,2026-01-07,33300.0,False,True,2026-01-07,0.0,paid
INV-11117,B200,2025-11-24,2025-12-24,25800.0,False,False,2025-12-25,1.0,paid
INV-00660,B013,2025-11-24,2026-01-08,6500.0,False,False,2026-01-31,23.0,paid
INV-00134,B002,2025-11-24,2025-12-24,178700.0,False,True,2026-01-06,13.0,paid
INV-01476,B025,2025-11-24,2026-01-08,14300.0,False,True,2026-02-06,29.0,paid
INV-06081,B106,2025-11-24,2026-01-08,58000.0,False,False,2026-03-05,56.0,paid
INV-09133,B169,2025-11-24,2025-12-24,60600.0,False,False,2026-01-04,11.0,paid
INV-07404,B138,2025-11-24,2025-12-24,46000.0,False,False,2026-01-01,8.0,paid
INV-01647,B029,2025-11-24,2026-01-08,32200.0,False,True,2026-02-01,24.0,paid
INV-10658,B192,2025-11-24,2026-01-08,11900.0,False,False,2026-03-30,81.0,paid
INV-00034,B000,2025-11-24,2026-01-08,14900.0,False,False,2026-01-14,6.0,paid
INV-09768,B179,2025-11-24,2025-12-24,13600.0,False,False,2026-01-28,35.0,paid
INV-00071,B001,2025-11-25,2026-01-09,27200.0,False,False,2026-05-16,127.0,paid
INV-00135,B002,2025-11-25,2025-12-25,187900.0,True,False,2026-02-07,44.0,paid
INV-02323,B043,2025-11-25,2026-01-09,16200.0,False,False,2026-02-01,23.0,paid
INV-08232,B154,2025-11-25,2026-01-09,71600.0,False,False,2026-01-09,0.0,paid
INV-10878,B196,2025-11-25,2025-12-25,31300.0,False,False,2026-01-28,34.0,paid
INV-10580,B190,2025-11-25,2026-01-09,92900.0,False,False,2026-02-10,32.0,paid
INV-09187,B170,2025-11-25,2026-01-09,19100.0,False,False,2026-02-07,29.0,paid
INV-03483,B067,2025-11-26,2025-12-26,77700.0,False,True,2026-01-01,6.0,paid
INV-01477,B025,2025-11-26,2026-01-10,9300.0,False,True,2026-02-09,30.0,paid
INV-02670,B051,2025-11-26,2025-12-26,36600.0,False,False,2026-01-04,9.0,paid
INV-09423,B174,2025-11-26,2025-12-26,30500.0,False,False,2026-01-04,9.0,paid
INV-03834,B072,2025-11-26,2025-12-26,31500.0,False,False,2025-12-27,1.0,paid
INV-10382,B187,2025-11-26,2025-12-26,115100.0,False,False,2026-01-19,24.0,paid
INV-09422,B174,2025-11-26,2025-12-26,25300.0,False,False,2025-12-28,2.0,paid
INV-01648,B029,2025-11-26,2026-01-10,22900.0,False,False,2026-01-14,4.0,paid
INV-06585,B119,2025-11-27,2025-12-27,42700.0,False,False,2025-12-17,-10.0,paid
INV-05453,B098,2025-11-27,2025-12-27,14000.0,False,False,2025-12-17,-10.0,paid
INV-09280,B172,2025-11-27,2026-01-11,37300.0,False,False,2026-01-21,10.0,paid
INV-03485,B067,2025-11-27,2025-12-27,43200.0,False,False,2025-12-20,-7.0,paid
INV-03484,B067,2025-11-27,2025-12-27,97000.0,False,False,2025-12-21,-6.0,paid
INV-02671,B051,2025-11-27,2025-12-27,25000.0,False,True,2026-01-19,23.0,paid
INV-01399,B024,2025-11-27,2025-12-27,229300.0,False,False,2025-12-20,-7.0,paid
INV-09134,B169,2025-11-27,2025-12-27,47900.0,False,True,2026-01-18,22.0,paid
INV-09811,B180,2025-11-27,2025-12-27,15100.0,False,False,2026-01-24,28.0,paid
INV-05244,B096,2025-11-27,2026-01-11,33000.0,False,False,2026-02-13,33.0,paid
INV-06210,B108,2025-11-27,2025-12-27,13900.0,False,True,2026-01-08,12.0,paid
INV-07079,B132,2025-11-27,2026-01-11,107100.0,False,False,2026-01-14,3.0,paid
INV-10506,B189,2025-11-27,2026-01-11,19900.0,False,True,2026-01-24,13.0,paid
INV-10383,B187,2025-11-27,2025-12-27,151900.0,True,False,2026-02-20,55.0,paid
INV-01400,B024,2025-11-28,2025-12-28,380100.0,False,False,2025-12-31,3.0,paid
INV-09925,B182,2025-11-28,2025-12-28,69800.0,False,False,2025-12-23,-5.0,paid
INV-07850,B144,2025-11-28,2025-12-28,39100.0,False,True,2026-01-02,5.0,paid
INV-06123,B107,2025-11-28,2026-01-12,143900.0,False,False,2026-01-20,8.0,paid
INV-05763,B101,2025-11-28,2026-01-12,113000.0,False,False,2026-02-12,31.0,paid
INV-00530,B010,2025-11-28,2026-01-12,5900.0,False,True,2026-01-21,9.0,paid
INV-01766,B031,2025-11-28,2025-12-28,54000.0,False,False,2026-01-14,17.0,paid
INV-08614,B161,2025-11-28,2025-12-28,101000.0,False,False,2025-12-31,3.0,paid
INV-10298,B186,2025-11-28,2026-01-12,55600.0,False,False,2026-01-22,10.0,paid
INV-09424,B174,2025-11-28,2025-12-28,52500.0,False,False,2025-12-24,-4.0,paid
INV-10581,B190,2025-11-28,2026-01-12,126200.0,False,False,2026-02-27,46.0,paid
INV-10046,B183,2025-11-29,2026-01-13,215600.0,False,False,2026-02-18,36.0,paid
INV-06266,B109,2025-11-29,2025-12-29,28000.0,False,False,2026-01-20,22.0,paid
INV-06882,B126,2025-11-29,2026-01-13,215700.0,False,False,2026-01-19,6.0,paid
INV-08681,B162,2025-11-29,2025-12-29,20700.0,False,False,2026-01-21,23.0,paid
INV-07506,B139,2025-11-29,2025-12-29,29600.0,False,False,2026-01-17,19.0,paid
INV-10175,B185,2025-11-29,2026-01-13,151400.0,False,False,2026-03-05,51.0,paid
INV-11460,B206,2025-11-29,2026-01-13,35400.0,False,False,2026-01-23,10.0,paid
INV-01162,B020,2025-11-29,2025-12-29,62500.0,False,False,2026-01-24,26.0,paid
INV-01478,B025,2025-11-29,2026-01-13,12100.0,False,False,2026-02-14,32.0,paid
INV-00661,B013,2025-11-29,2026-01-13,18500.0,False,False,2026-02-11,29.0,paid
INV-10384,B187,2025-11-30,2025-12-30,118100.0,True,False,2026-02-14,46.0,paid
INV-01071,B019,2025-11-30,2025-12-30,49400.0,False,True,2026-01-25,26.0,paid
INV-04554,B086,2025-11-30,2026-01-14,177200.0,False,False,2026-01-04,-10.0,paid
INV-02464,B047,2025-11-30,2025-12-30,158000.0,False,False,2026-01-05,6.0,paid
INV-11397,B205,2025-11-30,2026-01-14,110900.0,False,False,2026-01-24,10.0,paid
INV-11874,B212,2025-11-30,2026-01-14,81900.0,False,False,2026-03-01,46.0,paid
INV-00798,B015,2025-11-30,2025-12-30,60100.0,False,False,2025-12-25,-5.0,paid
INV-10921,B197,2025-11-30,2026-01-14,53200.0,False,False,2026-01-09,-5.0,paid
INV-02465,B047,2025-11-30,2025-12-30,93200.0,False,False,2025-12-20,-10.0,paid
INV-06988,B130,2025-11-30,2025-12-30,10500.0,False,False,2025-12-28,-2.0,paid
INV-07243,B135,2025-11-30,2026-01-14,18300.0,False,False,2026-02-03,20.0,paid
INV-01163,B020,2025-11-30,2025-12-30,87900.0,False,True,2026-01-24,25.0,paid
INV-05245,B096,2025-11-30,2026-01-14,22900.0,False,False,2026-02-22,39.0,paid
INV-11398,B205,2025-12-01,2026-01-15,57300.0,False,False,2026-01-05,-10.0,paid
INV-05454,B098,2025-12-01,2025-12-31,9600.0,False,True,2026-01-08,8.0,paid
INV-06065,B105,2025-12-01,2025-12-31,57700.0,False,False,2025-12-26,-5.0,paid
INV-07507,B139,2025-12-01,2025-12-31,64400.0,False,False,2026-01-08,8.0,paid
INV-01479,B025,2025-12-01,2026-01-15,7000.0,False,False,2026-02-08,24.0,paid
INV-08823,B165,2025-12-01,2025-12-31,13400.0,False,False,2026-01-02,2.0,paid
INV-06775,B122,2025-12-01,2026-01-15,33700.0,False,False,2026-01-12,-3.0,paid
INV-05176,B095,2025-12-02,2026-01-16,27800.0,True,False,2026-04-09,83.0,paid
INV-06816,B123,2025-12-02,2026-01-16,112600.0,False,False,2026-02-19,34.0,paid
INV-04173,B079,2025-12-02,2026-01-01,32700.0,False,False,2025-12-23,-9.0,paid
INV-01545,B027,2025-12-02,2026-01-01,72200.0,False,False,2025-12-22,-10.0,paid
INV-11875,B212,2025-12-02,2026-01-16,44200.0,False,True,2026-02-26,41.0,paid
INV-02826,B054,2025-12-02,2026-01-01,34100.0,False,False,2026-01-02,1.0,paid
INV-03266,B063,2025-12-02,2026-01-01,37600.0,True,False,2026-02-15,45.0,paid
INV-02413,B046,2025-12-02,2026-01-16,27300.0,False,False,2026-01-19,3.0,paid
INV-06692,B120,2025-12-02,2026-01-16,20000.0,False,True,2026-01-30,14.0,paid
INV-06124,B107,2025-12-02,2026-01-16,111100.0,False,True,2026-02-05,20.0,paid
INV-11032,B199,2025-12-02,2026-01-16,21300.0,False,False,2026-01-06,-10.0,paid
INV-08740,B163,2025-12-02,2026-01-01,38200.0,False,False,2026-01-18,17.0,paid
INV-09718,B178,2025-12-02,2026-01-01,22800.0,False,False,2026-02-24,54.0,paid
INV-07508,B139,2025-12-02,2026-01-01,73000.0,False,False,2026-01-16,15.0,paid
INV-07509,B139,2025-12-03,2026-01-02,79300.0,False,False,2026-01-24,22.0,paid
INV-10965,B198,2025-12-03,2026-01-17,17500.0,False,False,2026-02-28,42.0,paid
INV-11876,B212,2025-12-03,2026-01-17,69300.0,False,False,2026-02-04,18.0,paid
INV-10047,B183,2025-12-03,2026-01-17,74900.0,False,False,2026-02-14,28.0,paid
INV-09601,B176,2025-12-03,2026-01-17,3200.0,False,False,2026-01-25,8.0,paid
INV-08741,B163,2025-12-03,2026-01-02,46300.0,False,False,2026-01-21,19.0,paid
INV-11269,B203,2025-12-03,2026-01-02,6900.0,True,False,2026-03-03,60.0,paid
INV-00994,B018,2025-12-03,2026-01-02,25300.0,False,False,2026-02-11,40.0,paid
INV-05359,B097,2025-12-03,2026-01-02,26700.0,False,False,2025-12-31,-2.0,paid
INV-00581,B011,2025-12-03,2026-01-17,25100.0,False,False,2026-03-24,66.0,paid
INV-04769,B088,2025-12-03,2026-01-02,57500.0,False,False,2026-01-05,3.0,paid
INV-01333,B023,2025-12-03,2026-01-17,24000.0,False,False,2026-02-05,19.0,paid
INV-12151,B218,2025-12-03,2026-01-17,112600.0,False,False,2026-02-23,37.0,paid
INV-00482,B009,2025-12-03,2026-01-17,19400.0,False,False,2026-01-07,-10.0,paid
INV-02515,B048,2025-12-03,2026-01-17,83900.0,True,False,2026-03-26,68.0,paid
INV-08742,B163,2025-12-04,2026-01-03,52600.0,False,False,2026-01-23,20.0,paid
INV-05177,B095,2025-12-04,2026-01-18,20900.0,False,False,2026-02-24,37.0,paid
INV-06842,B124,2025-12-04,2026-01-18,7300.0,False,False,2026-01-08,-10.0,paid
INV-04055,B076,2025-12-04,2026-01-18,15600.0,False,False,2026-01-30,12.0,paid
INV-00531,B010,2025-12-04,2026-01-18,4100.0,False,False,2026-01-26,8.0,paid
INV-02904,B055,2025-12-04,2026-01-03,82200.0,False,False,2026-01-30,27.0,paid
INV-05982,B104,2025-12-04,2026-01-03,313700.0,False,False,2026-01-09,6.0,paid
INV-05644,B100,2025-12-04,2026-01-03,100600.0,False,True,2026-02-08,36.0,paid
INV-11877,B212,2025-12-04,2026-01-18,40100.0,False,False,2026-02-19,32.0,paid
INV-03486,B067,2025-12-04,2026-01-03,53400.0,False,False,2025-12-24,-10.0,paid
INV-10659,B192,2025-12-04,2026-01-18,28200.0,False,False,2026-01-08,-10.0,paid
INV-07510,B139,2025-12-04,2026-01-03,96500.0,False,False,2026-01-20,17.0,paid
INV-04205,B080,2025-12-05,2026-01-04,80500.0,False,False,2026-01-15,11.0,paid
INV-02672,B051,2025-12-05,2026-01-04,23000.0,False,False,2026-01-25,21.0,paid
INV-07344,B137,2025-12-05,2026-01-19,70700.0,False,False,2026-01-28,9.0,paid
INV-05983,B104,2025-12-05,2026-01-04,158000.0,False,False,2026-01-04,0.0,paid
INV-10176,B185,2025-12-05,2026-01-19,109900.0,False,False,2026-02-24,36.0,paid
INV-04275,B081,2025-12-05,2026-01-04,16400.0,False,False,2026-01-20,16.0,paid
INV-03939,B074,2025-12-05,2026-01-04,4900.0,False,False,2026-01-09,5.0,paid
INV-11329,B204,2025-12-05,2026-01-04,121000.0,False,False,2026-01-26,22.0,paid
INV-04646,B087,2025-12-05,2026-01-19,16400.0,False,False,2026-01-14,-5.0,paid
INV-00799,B015,2025-12-05,2026-01-04,115100.0,False,False,2025-12-25,-10.0,paid
INV-11959,B213,2025-12-05,2026-01-19,92300.0,False,False,2026-01-31,12.0,paid
INV-01480,B025,2025-12-05,2026-01-19,16900.0,False,True,2026-02-27,39.0,paid
INV-03051,B057,2025-12-05,2026-01-04,84300.0,False,False,2025-12-25,-10.0,paid
INV-05645,B100,2025-12-06,2026-01-05,119400.0,False,False,2026-02-04,30.0,paid
INV-09425,B174,2025-12-06,2026-01-05,22200.0,False,False,2026-01-03,-2.0,paid
INV-00854,B016,2025-12-06,2026-01-20,13000.0,False,False,2026-01-24,4.0,paid
INV-11118,B200,2025-12-06,2026-01-05,31100.0,False,False,2026-01-14,9.0,paid
INV-07554,B140,2025-12-06,2026-01-20,6600.0,False,False,2026-02-16,27.0,paid
INV-02905,B055,2025-12-06,2026-01-05,54800.0,False,False,2026-01-29,24.0,paid
INV-11685,B211,2025-12-06,2026-01-20,134700.0,False,False,2026-03-03,42.0,paid
INV-07851,B144,2025-12-06,2026-01-05,57300.0,False,False,2026-01-07,2.0,paid
INV-02827,B054,2025-12-06,2026-01-05,39700.0,False,False,2025-12-26,-10.0,paid
INV-06843,B124,2025-12-06,2026-01-20,26600.0,False,False,2026-01-19,-1.0,paid
INV-00995,B018,2025-12-06,2026-01-05,19000.0,False,False,2026-02-02,28.0,paid
INV-08896,B167,2025-12-06,2026-01-05,36900.0,False,False,2026-01-17,12.0,paid
INV-04992,B092,2025-12-06,2026-01-20,41300.0,False,False,2026-01-12,-8.0,paid
INV-10451,B188,2025-12-07,2026-01-06,19600.0,False,False,2026-01-18,12.0,paid
INV-09536,B175,2025-12-07,2026-01-06,80600.0,False,False,2026-01-15,9.0,paid
INV-09020,B168,2025-12-07,2026-01-21,110500.0,False,False,2026-02-10,20.0,paid
INV-04770,B088,2025-12-07,2026-01-06,24200.0,False,False,2025-12-27,-10.0,paid
INV-02324,B043,2025-12-07,2026-01-21,28200.0,False,False,2026-02-16,26.0,paid
INV-03089,B058,2025-12-07,2026-01-21,64900.0,False,False,2026-03-19,57.0,paid
INV-02369,B045,2025-12-07,2026-01-21,9700.0,False,False,2026-02-02,12.0,paid
INV-07511,B139,2025-12-07,2026-01-06,37900.0,False,False,2026-02-06,31.0,paid
INV-11033,B199,2025-12-07,2026-01-21,20300.0,False,False,2026-01-12,-9.0,paid
INV-11270,B203,2025-12-08,2026-01-07,4100.0,False,False,2026-02-08,32.0,paid
INV-04555,B086,2025-12-08,2026-01-22,329600.0,False,False,2026-01-20,-2.0,paid
INV-00346,B006,2025-12-08,2026-01-22,70000.0,False,False,2026-02-02,11.0,paid
INV-09426,B174,2025-12-08,2026-01-07,20700.0,False,False,2026-01-08,1.0,paid
INV-09926,B182,2025-12-08,2026-01-07,79700.0,False,False,2026-01-08,1.0,paid
INV-07512,B139,2025-12-08,2026-01-07,34900.0,False,False,2026-01-18,11.0,paid
INV-08120,B149,2025-12-08,2026-01-07,126000.0,True,False,2026-03-12,64.0,paid
INV-02828,B054,2025-12-08,2026-01-07,15800.0,False,False,2026-01-01,-6.0,paid
INV-09769,B179,2025-12-08,2026-01-07,42000.0,False,False,2026-02-05,29.0,paid
INV-08682,B162,2025-12-08,2026-01-07,12200.0,False,False,2026-02-03,27.0,paid
INV-05851,B103,2025-12-09,2026-01-23,34200.0,False,False,2026-01-30,7.0,paid
INV-06693,B120,2025-12-09,2026-01-23,22000.0,False,False,2026-01-31,8.0,paid
INV-05511,B099,2025-12-09,2026-01-08,128300.0,False,False,2026-02-07,30.0,paid
INV-07927,B145,2025-12-09,2026-01-23,35300.0,False,False,2026-01-30,7.0,paid
INV-02906,B055,2025-12-09,2026-01-08,61000.0,False,True,2026-02-10,33.0,paid
INV-05360,B097,2025-12-09,2026-01-08,39200.0,False,False,2026-01-12,4.0,paid
INV-03600,B068,2025-12-09,2026-01-08,52500.0,False,True,2025-12-29,-10.0,paid
INV-07080,B132,2025-12-09,2026-01-23,37200.0,False,True,2026-02-07,15.0,paid
INV-09537,B175,2025-12-09,2026-01-08,45000.0,False,False,2026-01-03,-5.0,paid
INV-08078,B148,2025-12-09,2026-01-08,18800.0,False,False,2026-01-27,19.0,paid
INV-00800,B015,2025-12-09,2026-01-08,74100.0,False,False,2025-12-30,-9.0,paid
INV-11271,B203,2025-12-09,2026-01-08,6200.0,False,False,2026-01-28,20.0,paid
INV-11878,B212,2025-12-09,2026-01-23,46100.0,False,True,2026-03-06,42.0,paid
INV-03224,B062,2025-12-09,2026-01-23,10600.0,False,True,2026-04-12,79.0,paid
INV-08233,B154,2025-12-09,2026-01-23,50500.0,False,True,2026-02-08,16.0,paid
INV-09602,B176,2025-12-09,2026-01-23,5000.0,False,False,2026-02-09,17.0,paid
INV-07708,B143,2025-12-10,2026-01-24,9100.0,False,False,2026-01-19,-5.0,paid
INV-05178,B095,2025-12-10,2026-01-24,20900.0,False,False,2026-03-10,45.0,paid
INV-03007,B056,2025-12-10,2026-01-24,126200.0,False,False,2026-02-20,27.0,paid
INV-07405,B138,2025-12-10,2026-01-09,55100.0,False,False,2026-01-15,6.0,paid
INV-10660,B192,2025-12-11,2026-01-25,15900.0,False,False,2026-01-15,-10.0,paid
INV-07852,B144,2025-12-11,2026-01-10,80300.0,False,False,2025-12-31,-10.0,paid
INV-05816,B102,2025-12-11,2026-01-25,33500.0,False,False,2026-01-15,-10.0,paid
INV-03601,B068,2025-12-11,2026-01-10,26200.0,False,False,2025-12-31,-10.0,paid
INV-03487,B067,2025-12-11,2026-01-10,89000.0,False,False,2026-03-04,53.0,paid
INV-06694,B120,2025-12-11,2026-01-25,47500.0,False,False,2026-02-15,21.0,paid
INV-05512,B099,2025-12-11,2026-01-10,114400.0,False,False,2026-01-27,17.0,paid
INV-11461,B206,2025-12-11,2026-01-25,29000.0,False,True,2026-02-20,26.0,paid
INV-03377,B066,2025-12-11,2026-01-25,61800.0,False,False,2026-02-13,19.0,paid
INV-06343,B112,2025-12-11,2026-01-25,22400.0,False,False,2026-01-15,-10.0,paid
INV-03674,B069,2025-12-12,2026-01-11,37000.0,False,False,2026-02-10,30.0,paid
INV-02218,B040,2025-12-12,2026-01-11,32000.0,False,False,2026-01-15,4.0,paid
INV-07124,B133,2025-12-12,2026-01-11,31500.0,False,False,2026-02-10,30.0,paid
INV-11686,B211,2025-12-12,2026-01-26,266200.0,False,False,2026-03-04,37.0,paid
INV-07123,B133,2025-12-12,2026-01-11,27700.0,False,False,2026-02-08,28.0,paid
INV-01582,B028,2025-12-12,2026-01-26,5300.0,False,False,2026-02-19,24.0,paid
INV-09812,B180,2025-12-12,2026-01-11,11400.0,False,False,2026-01-31,20.0,paid
INV-04771,B088,2025-12-13,2026-01-12,19600.0,False,False,2026-01-11,-1.0,paid
INV-05246,B096,2025-12-13,2026-01-27,55800.0,False,False,2026-03-21,53.0,paid
INV-02414,B046,2025-12-13,2026-01-27,16200.0,False,False,2026-02-09,13.0,paid
INV-06302,B110,2025-12-13,2026-01-12,22000.0,False,False,2026-01-14,2.0,paid
INV-11647,B210,2025-12-13,2026-01-12,227600.0,False,False,2026-01-27,15.0,paid
INV-08743,B163,2025-12-13,2026-01-12,43300.0,False,False,2026-01-25,13.0,paid
INV-07709,B143,2025-12-13,2026-01-27,14400.0,False,False,2026-01-17,-10.0,paid
INV-09188,B170,2025-12-13,2026-01-27,15000.0,False,False,2026-03-07,39.0,paid
INV-04556,B086,2025-12-13,2026-01-27,273600.0,False,False,2026-02-02,6.0,paid
INV-07853,B144,2025-12-13,2026-01-12,107000.0,False,True,2026-01-17,5.0,paid
INV-09222,B171,2025-12-13,2026-01-12,399000.0,False,False,2026-01-29,17.0,paid
INV-12152,B218,2025-12-14,2026-01-28,59000.0,False,False,2026-03-12,43.0,paid
INV-06918,B128,2025-12-14,2026-01-28,173500.0,True,False,2026-02-23,26.0,paid
INV-09021,B168,2025-12-14,2026-01-28,73900.0,False,False,2026-02-17,20.0,paid
INV-06883,B126,2025-12-14,2026-01-28,459700.0,False,False,2026-02-01,4.0,paid
INV-06211,B108,2025-12-14,2026-01-13,13700.0,True,False,2026-02-18,36.0,paid
INV-11879,B212,2025-12-14,2026-01-28,43100.0,False,False,2026-03-06,37.0,paid
INV-08260,B155,2025-12-14,2026-01-28,26200.0,False,False,2026-02-02,5.0,paid
INV-03090,B058,2025-12-14,2026-01-28,242400.0,False,False,2026-04-05,67.0,paid
INV-09603,B176,2025-12-14,2026-01-28,5300.0,False,False,2026-02-19,22.0,paid
INV-06320,B111,2025-12-14,2026-01-28,52200.0,True,True,2026-03-10,41.0,paid
INV-01272,B022,2025-12-14,2026-01-13,3000.0,False,False,2026-02-09,27.0,paid
INV-03488,B067,2025-12-14,2026-01-13,90800.0,False,False,2026-01-12,-1.0,paid
INV-03008,B056,2025-12-14,2026-01-28,57800.0,False,False,2026-02-10,13.0,paid
INV-02543,B049,2025-12-14,2026-01-28,257700.0,False,True,2026-02-16,19.0,paid
INV-07710,B143,2025-12-14,2026-01-28,25600.0,False,False,2026-02-09,12.0,paid
INV-00532,B010,2025-12-14,2026-01-28,8500.0,False,False,2026-02-01,4.0,paid
INV-11462,B206,2025-12-14,2026-01-28,45600.0,False,False,2026-02-05,8.0,paid
INV-09189,B170,2025-12-15,2026-01-29,5700.0,False,False,2026-02-22,24.0,paid
INV-10922,B197,2025-12-15,2026-01-29,24100.0,False,False,2026-01-19,-10.0,paid
INV-06066,B105,2025-12-15,2026-01-14,78500.0,False,False,2026-01-12,-2.0,paid
INV-12153,B218,2025-12-15,2026-01-29,99300.0,False,False,2026-03-07,37.0,paid
INV-06212,B108,2025-12-15,2026-01-14,13200.0,False,False,2026-01-20,6.0,paid
INV-08744,B163,2025-12-15,2026-01-14,35700.0,False,True,2026-02-16,33.0,paid
INV-10661,B192,2025-12-15,2026-01-29,59300.0,False,False,2026-02-03,5.0,paid
INV-09428,B174,2025-12-15,2026-01-14,14300.0,False,False,2026-01-13,-1.0,paid
INV-04557,B086,2025-12-15,2026-01-29,885400.0,False,False,2026-02-05,7.0,paid
INV-09427,B174,2025-12-15,2026-01-14,59900.0,False,False,2026-01-16,2.0,paid
INV-02466,B047,2025-12-15,2026-01-14,24700.0,True,False,2026-02-01,18.0,paid
INV-06695,B120,2025-12-16,2026-01-30,27500.0,True,False,2026-02-24,25.0,paid
INV-09927,B182,2025-12-16,2026-01-15,74300.0,True,False,2026-02-21,37.0,paid
INV-10177,B185,2025-12-16,2026-01-30,169600.0,False,False,2026-03-06,35.0,paid
INV-06731,B121,2025-12-16,2026-01-30,167100.0,False,False,2026-02-24,25.0,paid
INV-08615,B161,2025-12-16,2026-01-15,77800.0,False,False,2026-02-06,22.0,paid
INV-03267,B063,2025-12-16,2026-01-15,9200.0,False,False,2026-01-19,4.0,paid
INV-02829,B054,2025-12-16,2026-01-15,11400.0,False,False,2026-01-17,2.0,paid
INV-08147,B150,2025-12-17,2026-01-31,23500.0,False,False,2026-02-08,8.0,paid
INV-03675,B069,2025-12-17,2026-01-16,36200.0,False,False,2026-02-11,26.0,paid
INV-07711,B143,2025-12-17,2026-01-31,33500.0,False,False,2026-02-13,13.0,paid
INV-04772,B088,2025-12-17,2026-01-16,53700.0,False,False,2026-01-23,7.0,paid
INV-05984,B104,2025-12-17,2026-01-16,37600.0,False,False,2026-01-07,-9.0,paid
INV-00855,B016,2025-12-17,2026-01-31,50600.0,False,False,2026-02-13,13.0,paid
INV-04993,B092,2025-12-17,2026-01-31,15900.0,False,False,2026-01-21,-10.0,paid
INV-03297,B064,2025-12-17,2026-01-31,180900.0,False,False,2026-02-24,24.0,paid
INV-10828,B195,2025-12-17,2026-01-16,26600.0,False,False,2026-02-20,35.0,paid
INV-08897,B167,2025-12-17,2026-01-16,46200.0,False,False,2026-01-23,7.0,paid
INV-03009,B056,2025-12-17,2026-01-31,50600.0,False,False,2026-02-07,7.0,paid
INV-09281,B172,2025-12-17,2026-01-31,26100.0,False,False,2026-02-08,8.0,paid
INV-11687,B211,2025-12-17,2026-01-31,307000.0,False,False,2026-03-25,53.0,paid
INV-08234,B154,2025-12-18,2026-02-01,22900.0,False,False,2026-01-26,-6.0,paid
INV-02907,B055,2025-12-18,2026-01-17,49000.0,False,False,2026-02-13,27.0,paid
INV-03489,B067,2025-12-18,2026-01-17,155700.0,False,False,2026-01-20,3.0,paid
INV-10178,B185,2025-12-18,2026-02-01,205000.0,True,False,2026-04-13,71.0,paid
INV-08898,B167,2025-12-18,2026-01-17,48800.0,False,True,2026-02-06,20.0,paid
INV-01894,B035,2025-12-18,2026-02-01,15000.0,False,True,2026-02-08,7.0,paid
INV-01165,B020,2025-12-18,2026-01-17,116300.0,False,True,2026-02-28,42.0,paid
INV-09652,B177,2025-12-18,2026-02-01,119400.0,False,False,2026-03-01,28.0,paid
INV-12042,B216,2025-12-18,2026-02-01,15300.0,False,False,2026-02-25,24.0,paid
INV-04773,B088,2025-12-18,2026-01-17,15600.0,True,True,2026-02-17,31.0,paid
INV-06696,B120,2025-12-18,2026-02-01,29000.0,False,True,2026-02-17,16.0,paid
INV-01164,B020,2025-12-18,2026-01-17,120500.0,False,False,2026-02-05,19.0,paid
INV-09538,B175,2025-12-18,2026-01-17,83400.0,False,False,2026-01-20,3.0,paid
INV-07854,B144,2025-12-19,2026-01-18,36600.0,False,False,2026-01-08,-10.0,paid
INV-08784,B164,2025-12-19,2026-02-02,35700.0,False,False,2026-02-20,18.0,paid
INV-01334,B023,2025-12-19,2026-02-02,44700.0,False,False,2026-02-27,25.0,paid
INV-04276,B081,2025-12-19,2026-01-18,3800.0,False,False,2026-01-20,2.0,paid
INV-00723,B014,2025-12-19,2026-01-18,33700.0,False,False,2026-01-16,-2.0,paid
INV-02325,B043,2025-12-19,2026-02-02,24600.0,False,False,2026-03-03,29.0,paid
INV-07345,B137,2025-12-19,2026-02-02,66700.0,False,False,2026-01-25,-8.0,paid
INV-04101,B077,2025-12-19,2026-02-02,30800.0,False,False,2026-02-01,-1.0,paid
INV-11986,B214,2025-12-19,2026-02-02,71600.0,False,False,2026-03-06,32.0,paid
INV-10048,B183,2025-12-19,2026-02-02,118800.0,False,False,2026-02-22,20.0,paid
INV-09719,B178,2025-12-19,2026-01-18,11000.0,False,False,2026-03-16,57.0,paid
INV-10966,B198,2025-12-19,2026-02-02,7300.0,False,True,2026-03-25,51.0,paid
INV-09928,B182,2025-12-19,2026-01-18,34900.0,False,False,2026-01-14,-4.0,paid
INV-01481,B025,2025-12-19,2026-02-02,34500.0,False,False,2026-02-24,22.0,paid
INV-06776,B122,2025-12-19,2026-02-02,24200.0,False,False,2026-01-31,-2.0,paid
INV-10104,B184,2025-12-19,2026-01-18,40200.0,False,False,2026-02-02,15.0,paid
INV-03490,B067,2025-12-19,2026-01-18,131500.0,False,False,2026-01-10,-8.0,paid
INV-07513,B139,2025-12-20,2026-01-19,170700.0,False,False,2026-02-17,29.0,paid
INV-08001,B147,2025-12-20,2026-01-19,11400.0,False,False,2026-01-27,8.0,paid
INV-06777,B122,2025-12-20,2026-02-03,31700.0,False,True,2026-02-05,2.0,paid
INV-04277,B081,2025-12-20,2026-01-19,17200.0,False,False,2026-02-21,33.0,paid
INV-10049,B183,2025-12-20,2026-02-03,121700.0,False,False,2026-03-09,34.0,paid
INV-05646,B100,2025-12-20,2026-01-19,49600.0,True,False,2026-03-03,43.0,paid
INV-11399,B205,2025-12-20,2026-02-03,39200.0,False,False,2026-02-08,5.0,paid
INV-04774,B088,2025-12-20,2026-01-19,37400.0,False,False,2026-01-16,-3.0,paid
INV-06586,B119,2025-12-21,2026-01-20,76700.0,False,False,2026-01-16,-4.0,paid
INV-12154,B218,2025-12-21,2026-02-04,65700.0,False,True,2026-03-12,36.0,paid
INV-10606,B191,2025-12-21,2026-01-20,47000.0,False,False,2026-02-20,31.0,paid
INV-09539,B175,2025-12-21,2026-01-20,49500.0,False,False,2026-01-14,-6.0,paid
INV-01767,B031,2025-12-21,2026-01-20,13400.0,False,True,2026-02-12,23.0,paid
INV-10179,B185,2025-12-21,2026-02-04,123200.0,False,False,2026-03-15,39.0,paid
INV-05513,B099,2025-12-21,2026-01-20,101800.0,False,False,2026-02-03,14.0,paid
INV-04647,B087,2025-12-21,2026-02-04,18800.0,False,False,2026-02-03,-1.0,paid
INV-11272,B203,2025-12-22,2026-01-21,8900.0,False,False,2026-02-11,21.0,paid
INV-06778,B122,2025-12-22,2026-02-05,19100.0,False,False,2026-01-26,-10.0,paid
INV-00662,B013,2025-12-22,2026-02-05,7600.0,True,False,2026-03-24,47.0,paid
INV-00136,B002,2025-12-22,2026-01-21,204200.0,False,False,2026-02-07,17.0,paid
INV-00292,B005,2025-12-22,2026-01-21,71400.0,False,False,2026-01-11,-10.0,paid
INV-04648,B087,2025-12-22,2026-02-05,38400.0,False,True,2026-02-20,15.0,paid
INV-03225,B062,2025-12-22,2026-02-05,18900.0,False,False,2026-03-08,31.0,paid
INV-07712,B143,2025-12-22,2026-02-05,20200.0,False,False,2026-02-13,8.0,paid
INV-10180,B185,2025-12-22,2026-02-05,108700.0,True,False,2026-04-28,82.0,paid
INV-00483,B009,2025-12-22,2026-02-05,137600.0,False,False,2026-02-13,8.0,paid
INV-00388,B007,2025-12-22,2026-01-21,228000.0,False,False,2026-02-10,20.0,paid
INV-06955,B129,2025-12-23,2026-02-06,52800.0,False,False,2026-02-13,7.0,paid
INV-02415,B046,2025-12-23,2026-02-06,9900.0,False,False,2026-02-26,20.0,paid
INV-10507,B189,2025-12-23,2026-02-06,115600.0,False,False,2026-02-15,9.0,paid
INV-05247,B096,2025-12-23,2026-02-06,98700.0,False,False,2026-03-02,24.0,paid
INV-01166,B020,2025-12-23,2026-01-22,129300.0,False,False,2026-02-14,23.0,paid
INV-10607,B191,2025-12-23,2026-01-22,52100.0,False,False,2026-02-17,26.0,paid
INV-11599,B209,2025-12-23,2026-02-06,148700.0,False,False,2026-02-18,12.0,paid
INV-07174,B134,2025-12-24,2026-02-07,73000.0,False,False,2026-03-18,39.0,paid
INV-01167,B020,2025-12-24,2026-01-23,113100.0,False,True,2026-03-09,45.0,paid
INV-10662,B192,2025-12-24,2026-02-07,20400.0,False,False,2026-02-04,-3.0,paid
INV-04852,B089,2025-12-24,2026-01-23,44000.0,False,True,2026-02-03,11.0,paid
INV-08002,B147,2025-12-24,2026-01-23,35700.0,False,False,2026-02-07,15.0,paid
INV-09023,B168,2025-12-24,2026-02-07,52200.0,False,False,2026-02-19,12.0,paid
INV-05764,B101,2025-12-24,2026-02-07,54100.0,False,False,2026-02-23,16.0,paid
INV-07015,B131,2025-12-24,2026-02-07,83300.0,False,True,2026-02-24,17.0,paid
INV-08616,B161,2025-12-24,2026-01-23,56500.0,False,False,2026-01-28,5.0,paid
INV-09022,B168,2025-12-24,2026-02-07,74700.0,False,False,2026-03-02,23.0,paid
INV-10050,B183,2025-12-25,2026-02-08,61100.0,False,False,2026-03-09,29.0,paid
INV-04853,B089,2025-12-25,2026-01-24,64800.0,False,False,2026-01-18,-6.0,paid
INV-11600,B209,2025-12-25,2026-02-08,60200.0,True,False,2026-03-22,42.0,paid
INV-06817,B123,2025-12-25,2026-02-08,104400.0,False,False,2026-04-01,52.0,paid
INV-05361,B097,2025-12-25,2026-01-24,70300.0,False,True,2026-02-14,21.0,paid
INV-01169,B020,2025-12-25,2026-01-24,128100.0,False,False,2026-02-25,32.0,paid
INV-01168,B020,2025-12-25,2026-01-24,231700.0,False,False,2026-02-17,24.0,paid
INV-05179,B095,2025-12-25,2026-02-08,10100.0,False,True,2026-02-04,-4.0,paid
INV-00724,B014,2025-12-25,2026-01-24,99600.0,False,True,2026-02-07,14.0,paid
INV-07855,B144,2025-12-26,2026-01-25,44900.0,False,False,2026-01-15,-10.0,paid
INV-03602,B068,2025-12-26,2026-01-25,98900.0,False,True,2026-01-17,-8.0,paid
INV-08683,B162,2025-12-26,2026-01-25,3900.0,False,False,2026-02-06,12.0,paid
INV-08468,B159,2025-12-26,2026-02-09,159500.0,False,False,2026-02-25,16.0,paid
INV-00137,B002,2025-12-26,2026-01-25,175500.0,False,False,2026-01-29,4.0,paid
INV-01722,B030,2025-12-26,2026-01-25,118100.0,False,False,2026-01-25,0.0,paid
INV-00293,B005,2025-12-26,2026-01-25,61900.0,False,False,2026-01-26,1.0,paid
INV-07016,B131,2025-12-26,2026-02-09,60000.0,False,False,2026-02-23,14.0,paid
INV-04558,B086,2025-12-26,2026-02-09,216700.0,False,False,2026-02-06,-3.0,paid
INV-05362,B097,2025-12-27,2026-01-26,76200.0,False,False,2026-01-21,-5.0,paid
INV-08175,B151,2025-12-27,2026-02-10,58600.0,False,False,2026-02-16,6.0,paid
INV-11648,B210,2025-12-27,2026-01-26,74900.0,False,False,2026-02-13,18.0,paid
INV-04559,B086,2025-12-27,2026-02-10,289400.0,False,False,2026-02-26,16.0,paid
INV-04206,B080,2025-12-27,2026-01-26,158300.0,False,False,2026-01-26,0.0,paid
INV-00725,B014,2025-12-27,2026-01-26,33800.0,False,False,2026-01-23,-3.0,paid
INV-03010,B056,2025-12-27,2026-02-10,81400.0,False,False,2026-02-27,17.0,paid
INV-07593,B141,2025-12-27,2026-01-26,164000.0,False,False,2026-02-27,32.0,paid
INV-10181,B185,2025-12-27,2026-02-10,297200.0,True,False,2026-04-29,78.0,paid
INV-00996,B018,2025-12-28,2026-01-27,27100.0,False,False,2026-03-05,37.0,paid
INV-07614,B142,2025-12-28,2026-01-27,37600.0,False,False,2026-03-01,33.0,paid
INV-01517,B026,2025-12-28,2026-02-11,24200.0,False,False,2026-03-26,43.0,paid
INV-08745,B163,2025-12-28,2026-01-27,32200.0,False,True,2026-03-01,33.0,paid
INV-03491,B067,2025-12-28,2026-01-27,75500.0,False,False,2026-01-19,-8.0,paid
INV-09282,B172,2025-12-28,2026-02-11,44600.0,False,False,2026-02-26,15.0,paid
INV-09720,B178,2025-12-28,2026-01-27,13600.0,False,True,2026-03-28,60.0,paid
INV-07555,B140,2025-12-28,2026-02-11,3000.0,False,True,2026-03-19,36.0,paid
INV-00138,B002,2025-12-28,2026-01-27,530700.0,False,False,2026-02-08,12.0,paid
INV-09135,B169,2025-12-28,2026-01-27,14300.0,False,True,2026-02-21,25.0,paid
INV-06540,B118,2025-12-28,2026-01-27,13600.0,False,False,2026-02-20,24.0,paid
INV-02830,B054,2025-12-28,2026-01-27,28800.0,False,False,2026-01-17,-10.0,paid
INV-12155,B218,2025-12-28,2026-02-11,56900.0,False,False,2026-03-25,42.0,paid
INV-08235,B154,2025-12-28,2026-02-11,23900.0,False,False,2026-02-08,-3.0,paid
INV-04560,B086,2025-12-28,2026-02-11,119100.0,False,False,2026-02-08,-3.0,paid
INV-04342,B083,2025-12-29,2026-02-12,44700.0,False,False,2026-03-01,17.0,paid
INV-04561,B086,2025-12-29,2026-02-12,229500.0,False,False,2026-02-14,2.0,paid
INV-09813,B180,2025-12-29,2026-01-28,29100.0,False,False,2026-02-25,28.0,paid
INV-00347,B006,2025-12-29,2026-02-12,151100.0,False,False,2026-03-13,29.0,paid
INV-10879,B196,2025-12-29,2026-01-28,34400.0,False,False,2026-03-10,41.0,paid
INV-06818,B123,2025-12-29,2026-02-12,92700.0,True,False,2026-04-09,56.0,paid
INV-10923,B197,2025-12-29,2026-02-12,60000.0,False,False,2026-02-10,-2.0,paid
INV-00726,B014,2025-12-29,2026-01-28,50200.0,False,False,2026-01-25,-3.0,paid
INV-09190,B170,2025-12-29,2026-02-12,15200.0,True,False,2026-04-24,71.0,paid
INV-02673,B051,2025-12-29,2026-01-28,50400.0,False,False,2026-02-20,23.0,paid
INV-00139,B002,2025-12-29,2026-01-28,276900.0,False,False,2026-01-29,1.0,paid
INV-03603,B068,2025-12-29,2026-01-28,30400.0,False,False,2026-01-18,-10.0,paid
INV-05765,B101,2025-12-29,2026-02-12,21700.0,False,False,2026-03-02,18.0,paid
INV-11400,B205,2025-12-29,2026-02-12,55100.0,False,False,2026-02-16,4.0,paid
INV-03091,B058,2025-12-29,2026-02-12,128700.0,False,False,2026-04-22,69.0,paid
INV-00035,B000,2025-12-29,2026-02-12,9800.0,False,True,2026-02-22,10.0,paid
INV-01994,B037,2025-12-29,2026-02-12,329900.0,False,True,2026-03-28,44.0,paid
INV-02674,B051,2025-12-30,2026-01-29,54100.0,False,False,2026-02-21,23.0,paid
INV-08617,B161,2025-12-30,2026-01-29,73700.0,False,False,2026-02-03,5.0,paid
INV-02219,B040,2025-12-30,2026-01-29,40200.0,False,False,2026-01-26,-3.0,paid
INV-08618,B161,2025-12-30,2026-01-29,106400.0,False,False,2026-02-06,8.0,paid
INV-10663,B192,2025-12-30,2026-02-13,7200.0,False,False,2026-02-03,-10.0,paid
INV-06732,B121,2025-12-30,2026-02-13,149500.0,False,False,2026-03-05,20.0,paid
INV-05766,B101,2025-12-30,2026-02-13,120800.0,False,False,2026-03-03,18.0,paid
INV-02416,B046,2025-12-30,2026-02-13,26500.0,False,False,2026-03-01,16.0,paid
INV-02582,B050,2025-12-30,2026-01-29,41300.0,False,False,2026-02-27,29.0,paid
INV-04994,B092,2025-12-30,2026-02-13,16200.0,False,False,2026-02-03,-10.0,paid
INV-00389,B007,2025-12-30,2026-01-29,383000.0,False,False,2026-02-20,22.0,paid
INV-05767,B101,2025-12-31,2026-02-14,114400.0,False,False,2026-03-23,37.0,paid
INV-06541,B118,2025-12-31,2026-01-30,6100.0,False,False,2026-03-07,36.0,paid
INV-03978,B075,2025-12-31,2026-02-14,83800.0,False,True,2026-03-16,30.0,paid
INV-01482,B025,2025-12-31,2026-02-14,28000.0,False,False,2026-03-14,28.0,paid
INV-05514,B099,2025-12-31,2026-01-30,145600.0,False,True,2026-03-04,33.0,paid
INV-03979,B075,2025-12-31,2026-02-14,124100.0,False,False,2026-03-07,21.0,paid
INV-00801,B015,2025-12-31,2026-01-30,180100.0,False,False,2026-01-20,-10.0,paid
INV-01222,B021,2025-12-31,2026-02-14,16100.0,False,False,2026-03-05,19.0,paid
INV-08746,B163,2025-12-31,2026-01-30,30600.0,False,False,2026-02-11,12.0,paid
INV-02831,B054,2025-12-31,2026-01-30,49300.0,False,False,2026-02-01,2.0,paid
INV-00727,B014,2025-12-31,2026-01-30,74400.0,False,False,2026-07-06,157.0,paid
INV-09721,B178,2026-01-01,2026-01-31,12400.0,False,False,2026-03-29,57.0,paid
INV-04854,B089,2026-01-01,2026-01-31,33600.0,False,False,2026-02-05,5.0,paid
INV-03761,B071,2026-01-01,2026-01-31,28200.0,False,False,2026-01-29,-2.0,paid
INV-12156,B218,2026-01-01,2026-02-15,107100.0,False,False,2026-03-28,41.0,paid
INV-10582,B190,2026-01-01,2026-02-15,126200.0,False,False,2026-03-22,35.0,paid
INV-09191,B170,2026-01-01,2026-02-15,22900.0,False,False,2026-03-14,27.0,paid
INV-09283,B172,2026-01-01,2026-02-15,66000.0,False,False,2026-03-04,17.0,paid
INV-03492,B067,2026-01-01,2026-01-31,80500.0,False,False,2026-01-22,-9.0,paid
INV-01223,B021,2026-01-01,2026-02-15,5200.0,False,False,2026-02-23,8.0,paid
INV-01895,B035,2026-01-01,2026-02-15,42600.0,False,False,2026-02-05,-10.0,paid
INV-00856,B016,2026-01-01,2026-02-15,22500.0,False,False,2026-03-02,15.0,paid
INV-07081,B132,2026-01-01,2026-02-15,75800.0,True,False,2026-04-09,53.0,paid
INV-09024,B168,2026-01-01,2026-02-15,59900.0,False,False,2026-02-26,11.0,paid
INV-00582,B011,2026-01-02,2026-02-16,27100.0,False,False,2026-04-17,60.0,paid
INV-03493,B067,2026-01-02,2026-02-01,45400.0,True,False,2026-02-05,4.0,paid
INV-12190,B219,2026-01-02,2026-02-01,10100.0,False,False,2026-01-25,-7.0,paid
INV-08824,B165,2026-01-02,2026-02-01,33100.0,False,False,2026-02-05,4.0,paid
INV-10051,B183,2026-01-02,2026-02-16,80300.0,False,False,2026-03-17,29.0,paid
INV-00390,B007,2026-01-02,2026-02-01,233200.0,False,False,2026-02-19,18.0,paid
INV-05985,B104,2026-01-02,2026-02-01,100400.0,False,False,2026-02-02,1.0,paid
INV-04912,B090,2026-01-03,2026-02-17,184800.0,False,False,2026-02-25,8.0,paid
INV-03092,B058,2026-01-03,2026-02-17,194400.0,True,False,2026-05-08,80.0,paid
INV-05363,B097,2026-01-03,2026-02-02,68900.0,False,False,2026-02-01,-1.0,paid
INV-01171,B020,2026-01-03,2026-02-02,80900.0,False,False,2026-02-25,23.0,paid
INV-01170,B020,2026-01-03,2026-02-02,80800.0,False,True,2026-03-21,47.0,paid
INV-08619,B161,2026-01-03,2026-02-02,61800.0,False,False,2026-02-13,11.0,paid
INV-02220,B040,2026-01-03,2026-02-02,59500.0,False,True,2026-02-09,7.0,paid
INV-03344,B065,2026-01-03,2026-02-02,40800.0,False,False,2026-02-08,6.0,paid
INV-08469,B159,2026-01-03,2026-02-17,133100.0,False,False,2026-03-06,17.0,paid
INV-00348,B006,2026-01-03,2026-02-17,218600.0,False,False,2026-03-04,15.0,paid
INV-02765,B053,2026-01-03,2026-02-02,137400.0,False,False,2026-02-07,5.0,paid
INV-00997,B018,2026-01-04,2026-02-03,20700.0,False,False,2026-03-15,40.0,paid
INV-11566,B208,2026-01-04,2026-02-03,89800.0,False,False,2026-03-09,34.0,paid
INV-04775,B088,2026-01-04,2026-02-03,42900.0,False,False,2026-02-03,0.0,paid
INV-03011,B056,2026-01-04,2026-02-18,88800.0,False,False,2026-03-01,11.0,paid
INV-02467,B047,2026-01-04,2026-02-03,42800.0,False,False,2026-01-28,-6.0,paid
INV-10583,B190,2026-01-04,2026-02-18,104700.0,False,True,2026-04-09,50.0,paid
INV-00349,B006,2026-01-04,2026-02-18,79000.0,False,False,2026-03-13,23.0,paid
INV-00533,B010,2026-01-04,2026-02-18,6800.0,False,False,2026-02-17,-1.0,paid
INV-10756,B194,2026-01-05,2026-02-19,43200.0,False,False,2026-02-19,0.0,paid
INV-01822,B033,2026-01-05,2026-02-19,8100.0,False,False,2026-03-19,28.0,paid
INV-10967,B198,2026-01-05,2026-02-19,11900.0,False,False,2026-03-22,31.0,paid
INV-00140,B002,2026-01-05,2026-02-04,54500.0,False,False,2026-02-03,-1.0,paid
INV-08843,B166,2026-01-05,2026-02-04,77600.0,False,False,2026-02-12,8.0,paid
INV-11463,B206,2026-01-05,2026-02-19,43700.0,False,False,2026-03-14,23.0,paid
INV-06397,B114,2026-01-05,2026-02-19,5100.0,False,False,2026-03-16,25.0,paid
INV-06125,B107,2026-01-05,2026-02-19,90800.0,False,False,2026-03-02,11.0,paid
INV-06919,B128,2026-01-05,2026-02-19,61900.0,False,False,2026-02-18,-1.0,paid
INV-00998,B018,2026-01-05,2026-02-04,23400.0,False,False,2026-03-22,46.0,paid
INV-10452,B188,2026-01-05,2026-02-04,95900.0,False,False,2026-02-15,11.0,paid
INV-04855,B089,2026-01-05,2026-02-04,50600.0,False,False,2026-02-13,9.0,paid
INV-09223,B171,2026-01-05,2026-02-04,137900.0,False,True,2026-03-10,34.0,paid
INV-07406,B138,2026-01-05,2026-02-04,57400.0,False,False,2026-02-01,-3.0,paid
INV-02151,B039,2026-01-05,2026-02-19,15300.0,False,False,2026-03-01,10.0,paid
INV-00072,B001,2026-01-06,2026-02-20,41400.0,False,True,2026-03-09,17.0,paid
INV-00294,B005,2026-01-06,2026-02-05,36500.0,False,False,2026-02-11,6.0,paid
INV-09430,B174,2026-01-06,2026-02-05,20100.0,False,False,2026-02-04,-1.0,paid
INV-09429,B174,2026-01-06,2026-02-05,36200.0,False,False,2026-02-04,-1.0,paid
INV-06779,B122,2026-01-06,2026-02-20,16900.0,False,True,2026-02-27,7.0,paid
INV-00295,B005,2026-01-06,2026-02-05,33700.0,False,True,2026-02-13,8.0,paid
INV-03605,B068,2026-01-06,2026-02-05,29600.0,False,False,2026-01-26,-10.0,paid
INV-05364,B097,2026-01-06,2026-02-05,38200.0,False,True,2026-02-17,12.0,paid
INV-03604,B068,2026-01-06,2026-02-05,60500.0,False,False,2026-01-27,-9.0,paid
INV-04389,B084,2026-01-06,2026-02-20,20500.0,False,False,2026-03-29,37.0,paid
INV-00728,B014,2026-01-07,2026-02-06,133300.0,False,False,2026-02-17,11.0,paid
INV-07713,B143,2026-01-07,2026-02-21,31200.0,False,False,2026-02-26,5.0,paid
INV-08405,B158,2026-01-07,2026-02-21,23900.0,False,False,2026-04-09,47.0,paid
INV-04562,B086,2026-01-07,2026-02-21,157900.0,False,False,2026-02-16,-5.0,paid
INV-09431,B174,2026-01-07,2026-02-06,23300.0,False,False,2026-02-04,-2.0,paid
INV-01723,B030,2026-01-07,2026-02-06,98700.0,False,False,2026-01-27,-10.0,paid
INV-09321,B173,2026-01-07,2026-02-21,62000.0,False,False,2026-03-05,12.0,paid
INV-06780,B122,2026-01-07,2026-02-21,38600.0,False,False,2026-02-25,4.0,paid
INV-11987,B214,2026-01-07,2026-02-21,170000.0,False,False,2026-03-21,28.0,paid
INV-04056,B076,2026-01-07,2026-02-21,139000.0,False,False,2026-03-31,38.0,paid
INV-04144,B078,2026-01-07,2026-02-06,13700.0,False,False,2026-02-11,5.0,paid
INV-05647,B100,2026-01-07,2026-02-06,109100.0,False,False,2026-03-04,26.0,paid
INV-03168,B060,2026-01-07,2026-02-21,16600.0,False,False,2026-05-15,83.0,paid
INV-00141,B002,2026-01-08,2026-02-07,200600.0,False,False,2026-02-14,7.0,paid
INV-02152,B039,2026-01-08,2026-02-22,10700.0,False,False,2026-02-25,3.0,paid
INV-11273,B203,2026-01-08,2026-02-07,11200.0,False,False,2026-03-06,27.0,paid
INV-00350,B006,2026-01-08,2026-02-22,97000.0,False,False,2026-03-11,17.0,paid
INV-02766,B053,2026-01-08,2026-02-07,42200.0,False,False,2026-02-01,-6.0,paid
INV-09322,B173,2026-01-08,2026-02-22,71900.0,False,False,2026-03-07,13.0,paid
INV-09722,B178,2026-01-08,2026-02-07,32200.0,False,False,2026-02-26,19.0,paid
INV-03494,B067,2026-01-08,2026-02-07,62500.0,False,False,2026-01-28,-10.0,paid
INV-11178,B201,2026-01-09,2026-02-23,14200.0,False,False,2026-04-05,41.0,paid
INV-03131,B059,2026-01-09,2026-02-23,16100.0,False,False,2026-03-26,31.0,paid
INV-11988,B214,2026-01-09,2026-02-23,214200.0,False,False,2026-04-05,41.0,paid
INV-04145,B078,2026-01-09,2026-02-08,15300.0,False,False,2026-02-13,5.0,paid
INV-01546,B027,2026-01-09,2026-02-08,107500.0,False,False,2026-02-04,-4.0,paid
INV-11401,B205,2026-01-09,2026-02-23,45900.0,False,False,2026-02-27,4.0,paid
INV-04444,B085,2026-01-09,2026-02-08,166900.0,False,False,2026-02-20,12.0,paid
INV-06542,B118,2026-01-09,2026-02-08,8800.0,False,False,2026-03-15,35.0,paid
INV-00608,B012,2026-01-09,2026-02-23,16100.0,False,False,2026-03-04,9.0,paid
INV-10299,B186,2026-01-10,2026-02-24,103900.0,False,False,2026-03-09,13.0,paid
INV-02832,B054,2026-01-10,2026-02-09,12400.0,True,False,2026-03-11,30.0,paid
INV-01273,B022,2026-01-10,2026-02-09,4100.0,False,False,2026-03-11,30.0,paid
INV-03606,B068,2026-01-10,2026-02-09,72900.0,False,False,2026-01-30,-10.0,paid
INV-04776,B088,2026-01-10,2026-02-09,24800.0,False,True,2026-02-11,2.0,paid
INV-11464,B206,2026-01-10,2026-02-24,5000.0,False,False,2026-03-06,10.0,paid
INV-04278,B081,2026-01-10,2026-02-09,19000.0,False,False,2026-03-14,33.0,paid
INV-00534,B010,2026-01-10,2026-02-24,24800.0,False,False,2026-02-27,3.0,paid
INV-00857,B016,2026-01-10,2026-02-24,36100.0,False,False,2026-03-11,15.0,paid
INV-09723,B178,2026-01-10,2026-02-09,39200.0,False,True,2026-03-23,42.0,paid
INV-10924,B197,2026-01-11,2026-02-25,52300.0,False,False,2026-03-01,4.0,paid
INV-03607,B068,2026-01-11,2026-02-10,33000.0,False,False,2026-01-31,-10.0,paid
INV-09136,B169,2026-01-11,2026-02-10,50000.0,False,False,2026-02-20,10.0,paid
INV-09814,B180,2026-01-11,2026-02-10,7500.0,False,False,2026-03-06,24.0,paid
INV-07407,B138,2026-01-11,2026-02-10,34800.0,False,False,2026-02-09,-1.0,paid
INV-03728,B070,2026-01-11,2026-02-25,87400.0,False,False,2026-03-04,7.0,paid
INV-04445,B085,2026-01-11,2026-02-10,84600.0,False,False,2026-03-08,26.0,paid
INV-08684,B162,2026-01-11,2026-02-10,5200.0,False,False,2026-02-25,15.0,paid
INV-12043,B216,2026-01-11,2026-02-25,16000.0,False,True,2026-03-30,33.0,paid
INV-03835,B072,2026-01-12,2026-02-11,12000.0,False,False,2026-02-12,1.0,paid
INV-02908,B055,2026-01-12,2026-02-11,62700.0,False,False,2026-03-10,27.0,paid
INV-11402,B205,2026-01-12,2026-02-26,56300.0,False,False,2026-03-03,5.0,paid
INV-01547,B027,2026-01-12,2026-02-11,576600.0,False,False,2026-02-25,14.0,paid
INV-05118,B094,2026-01-12,2026-02-26,27400.0,True,False,2026-03-22,24.0,paid
INV-09724,B178,2026-01-12,2026-02-11,30900.0,False,True,2026-03-20,37.0,paid
INV-03012,B056,2026-01-12,2026-02-26,62900.0,False,False,2026-03-13,15.0,paid
INV-10829,B195,2026-01-12,2026-02-11,7600.0,False,False,2026-03-09,26.0,paid
INV-10723,B193,2026-01-13,2026-02-27,131500.0,False,False,2026-03-23,24.0,paid
INV-01768,B031,2026-01-13,2026-02-12,22000.0,False,False,2026-02-24,12.0,paid
INV-01929,B036,2026-01-13,2026-02-27,32900.0,False,False,2026-03-23,24.0,paid
INV-02909,B055,2026-01-13,2026-02-12,74700.0,False,False,2026-03-09,25.0,paid
INV-12157,B218,2026-01-13,2026-02-27,121800.0,False,False,2026-04-11,43.0,paid
INV-04856,B089,2026-01-13,2026-02-12,16800.0,False,False,2026-02-06,-6.0,paid
INV-07175,B134,2026-01-13,2026-02-27,109400.0,False,False,2026-03-19,20.0,paid
INV-09540,B175,2026-01-13,2026-02-12,65500.0,False,False,2026-02-06,-6.0,paid
INV-08685,B162,2026-01-13,2026-02-12,57300.0,False,False,2026-03-16,32.0,paid
INV-01335,B023,2026-01-13,2026-02-27,39400.0,False,False,2026-03-23,24.0,paid
INV-09432,B174,2026-01-13,2026-02-12,35100.0,False,False,2026-02-17,5.0,paid
INV-06697,B120,2026-01-14,2026-02-28,31600.0,False,False,2026-03-04,4.0,paid
INV-06733,B121,2026-01-14,2026-02-28,80100.0,False,False,2026-03-17,17.0,paid
INV-07714,B143,2026-01-14,2026-02-28,31600.0,True,False,2026-03-24,24.0,paid
INV-04057,B076,2026-01-14,2026-02-28,57400.0,False,False,2026-03-28,28.0,paid
INV-01483,B025,2026-01-14,2026-02-28,6100.0,False,False,2026-03-23,23.0,paid
INV-07408,B138,2026-01-14,2026-02-13,29700.0,False,True,2026-02-22,9.0,paid
INV-00443,B008,2026-01-14,2026-02-28,63900.0,False,False,2026-03-20,20.0,paid
INV-12044,B216,2026-01-14,2026-02-28,12400.0,False,False,2026-04-01,32.0,paid
INV-06859,B125,2026-01-14,2026-02-28,16000.0,False,True,2026-03-15,15.0,paid
INV-04563,B086,2026-01-14,2026-02-28,271400.0,False,False,2026-02-26,-2.0,paid
INV-05365,B097,2026-01-15,2026-02-14,42500.0,False,True,2026-02-16,2.0,paid
INV-08785,B164,2026-01-15,2026-03-01,10800.0,True,False,2026-04-18,48.0,paid
INV-07082,B132,2026-01-15,2026-03-01,57900.0,False,False,2026-02-23,-6.0,paid
INV-09541,B175,2026-01-15,2026-02-14,79900.0,False,False,2026-02-16,2.0,paid
INV-00036,B000,2026-01-15,2026-03-01,9300.0,False,False,2026-02-26,-3.0,paid
INV-02544,B049,2026-01-15,2026-03-01,91100.0,True,False,2026-03-07,6.0,paid
INV-08079,B148,2026-01-15,2026-02-14,4600.0,False,False,2026-02-26,12.0,paid
INV-04102,B077,2026-01-15,2026-03-01,104400.0,False,False,2026-03-03,2.0,paid
INV-10105,B184,2026-01-15,2026-02-14,58300.0,False,False,2026-05-17,92.0,paid
INV-11119,B200,2026-01-15,2026-02-14,32000.0,False,False,2026-03-07,21.0,paid
INV-02153,B039,2026-01-15,2026-03-01,18300.0,False,True,2026-03-11,10.0,paid
INV-07244,B135,2026-01-16,2026-03-02,52200.0,False,False,2026-03-18,16.0,paid
INV-06213,B108,2026-01-16,2026-02-15,14900.0,False,False,2026-03-03,16.0,paid
INV-08620,B161,2026-01-16,2026-02-15,86000.0,False,False,2026-02-22,7.0,paid
INV-05852,B103,2026-01-16,2026-03-02,47800.0,False,False,2026-02-27,-3.0,paid
INV-00142,B002,2026-01-16,2026-02-15,117000.0,False,False,2026-02-18,3.0,paid
INV-09224,B171,2026-01-16,2026-02-15,207500.0,False,False,2026-02-28,13.0,paid
INV-02154,B039,2026-01-16,2026-03-02,12600.0,False,False,2026-02-28,-2.0,paid
INV-03729,B070,2026-01-16,2026-03-02,68400.0,False,True,2026-03-12,10.0,paid
INV-00444,B008,2026-01-16,2026-03-02,17700.0,False,False,2026-03-01,-1.0,paid
INV-03676,B069,2026-01-16,2026-02-15,52600.0,True,False,2026-04-04,48.0,paid
INV-05366,B097,2026-01-16,2026-02-15,56000.0,False,False,2026-05-27,101.0,paid
INV-01336,B023,2026-01-16,2026-03-02,44800.0,False,False,2026-03-16,14.0,paid
INV-03608,B068,2026-01-17,2026-02-16,47100.0,False,False,2026-02-06,-10.0,paid
INV-09542,B175,2026-01-17,2026-02-16,82400.0,False,False,2026-02-15,-1.0,paid
INV-11960,B213,2026-01-17,2026-03-03,29900.0,False,False,2026-03-03,0.0,paid
INV-02326,B043,2026-01-17,2026-03-03,48100.0,False,False,2026-03-30,27.0,paid
INV-10757,B194,2026-01-17,2026-03-03,121300.0,True,False,2026-04-06,34.0,paid
INV-11274,B203,2026-01-17,2026-02-16,8200.0,False,True,2026-03-29,41.0,paid
INV-11120,B200,2026-01-17,2026-02-16,8500.0,False,False,2026-02-27,11.0,paid
INV-06819,B123,2026-01-17,2026-03-03,212900.0,False,False,2026-04-15,43.0,paid
INV-06781,B122,2026-01-17,2026-03-03,64300.0,False,False,2026-02-26,-5.0,paid
INV-03609,B068,2026-01-17,2026-02-16,48400.0,False,False,2026-02-06,-10.0,paid
INV-06127,B107,2026-01-17,2026-03-03,51700.0,False,False,2026-03-06,3.0,paid
INV-06126,B107,2026-01-17,2026-03-03,146800.0,False,False,2026-03-07,4.0,paid
INV-12191,B219,2026-01-17,2026-02-16,6300.0,False,False,2026-02-06,-10.0,paid
INV-01518,B026,2026-01-17,2026-03-03,21000.0,False,False,2026-04-10,38.0,paid
INV-04777,B088,2026-01-18,2026-02-17,18800.0,False,False,2026-02-15,-2.0,paid
INV-08314,B156,2026-01-18,2026-02-17,15400.0,False,False,2026-03-01,12.0,paid
INV-05072,B093,2026-01-18,2026-03-04,61100.0,False,False,2026-03-10,6.0,paid
INV-04778,B088,2026-01-18,2026-02-17,96500.0,False,False,2026-02-26,9.0,paid
INV-04343,B083,2026-01-18,2026-03-04,65100.0,False,False,2026-03-31,27.0,paid
INV-11330,B204,2026-01-18,2026-02-17,161800.0,False,False,2026-03-06,17.0,paid
INV-09323,B173,2026-01-18,2026-03-04,55400.0,False,False,2026-03-03,-1.0,paid
INV-08205,B153,2026-01-18,2026-02-17,141900.0,False,False,2026-03-22,33.0,paid
INV-08470,B159,2026-01-18,2026-03-04,90800.0,False,False,2026-03-14,10.0,paid
INV-10052,B183,2026-01-18,2026-03-04,158600.0,False,False,2026-04-05,32.0,paid
INV-08621,B161,2026-01-18,2026-02-17,55200.0,False,False,2026-02-26,9.0,paid
INV-01995,B037,2026-01-19,2026-03-05,73500.0,False,False,2026-03-26,21.0,paid
INV-09815,B180,2026-01-19,2026-02-18,19200.0,False,False,2026-03-07,17.0,paid
INV-03495,B067,2026-01-19,2026-02-18,39400.0,True,False,2026-03-17,27.0,paid
INV-05986,B104,2026-01-19,2026-02-18,43000.0,False,False,2026-02-15,-3.0,paid
INV-01649,B029,2026-01-19,2026-03-05,29300.0,False,False,2026-04-16,42.0,paid
INV-00663,B013,2026-01-19,2026-03-05,5500.0,False,False,2026-03-17,12.0,paid
INV-06398,B114,2026-01-19,2026-03-05,3700.0,False,False,2026-03-05,0.0,paid
INV-10182,B185,2026-01-19,2026-03-05,158700.0,False,False,2026-04-09,35.0,paid
INV-06920,B128,2026-01-19,2026-03-05,84700.0,False,False,2026-03-10,5.0,paid
INV-06214,B108,2026-01-19,2026-02-18,55400.0,False,False,2026-03-08,18.0,paid
INV-02468,B047,2026-01-19,2026-02-18,102400.0,False,False,2026-02-09,-9.0,paid
INV-05515,B099,2026-01-19,2026-02-18,166000.0,False,False,2026-03-07,17.0,paid
INV-03980,B075,2026-01-19,2026-03-05,198500.0,False,False,2026-03-20,15.0,paid
INV-04058,B076,2026-01-19,2026-03-05,61800.0,False,True,2026-03-27,22.0,paid
INV-00858,B016,2026-01-20,2026-03-06,45600.0,False,False,2026-03-17,11.0,paid
INV-10831,B195,2026-01-20,2026-02-19,18100.0,False,False,2026-03-20,29.0,paid
INV-00445,B008,2026-01-20,2026-03-06,46300.0,False,False,2026-03-12,6.0,paid
INV-01519,B026,2026-01-20,2026-03-06,120600.0,False,False,2026-04-08,33.0,paid
INV-03013,B056,2026-01-20,2026-03-06,87000.0,False,False,2026-03-14,8.0,paid
INV-12002,B215,2026-01-20,2026-02-19,145900.0,False,False,2026-04-06,46.0,paid
INV-10830,B195,2026-01-20,2026-02-19,20000.0,False,False,2026-03-22,31.0,paid
INV-05648,B100,2026-01-20,2026-02-19,64900.0,False,False,2026-03-13,22.0,paid
INV-04059,B076,2026-01-20,2026-03-06,98800.0,False,False,2026-03-27,21.0,paid
INV-09137,B169,2026-01-20,2026-02-19,29900.0,False,False,2026-03-08,17.0,paid
INV-07856,B144,2026-01-20,2026-02-19,38500.0,False,False,2026-02-09,-10.0,paid
INV-05073,B093,2026-01-21,2026-03-07,18500.0,False,False,2026-03-07,0.0,paid
INV-06820,B123,2026-01-21,2026-03-07,103300.0,False,False,2026-04-10,34.0,paid
INV-10880,B196,2026-01-21,2026-02-20,12300.0,False,False,2026-03-15,23.0,paid
INV-03169,B060,2026-01-21,2026-03-07,30500.0,False,False,2026-03-12,5.0,paid
INV-04995,B092,2026-01-21,2026-03-07,38900.0,False,False,2026-02-25,-10.0,paid
INV-01072,B019,2026-01-21,2026-02-20,36300.0,False,False,2026-03-09,17.0,paid
INV-03015,B056,2026-01-21,2026-03-07,41000.0,False,False,2026-03-27,20.0,paid
INV-03014,B056,2026-01-21,2026-03-07,70700.0,False,False,2026-03-15,8.0,paid
INV-05649,B100,2026-01-21,2026-02-20,20100.0,False,True,2026-03-17,25.0,paid
INV-10724,B193,2026-01-21,2026-03-07,128800.0,False,False,2026-03-28,21.0,paid
INV-08364,B157,2026-01-21,2026-02-20,32100.0,False,False,2026-03-01,9.0,paid
INV-10183,B185,2026-01-22,2026-03-08,303000.0,False,False,2026-04-18,41.0,paid
INV-11880,B212,2026-01-22,2026-03-08,107800.0,False,False,2026-04-20,43.0,paid
INV-07857,B144,2026-01-22,2026-02-21,84600.0,True,False,2026-03-31,38.0,paid
INV-10968,B198,2026-01-22,2026-03-08,4200.0,False,False,2026-04-02,25.0,paid
INV-01484,B025,2026-01-22,2026-03-08,10400.0,False,False,2026-08-16,161.0,paid
INV-07083,B132,2026-01-22,2026-03-08,108900.0,False,False,2026-03-04,-4.0,paid
INV-02675,B051,2026-01-22,2026-02-21,22100.0,False,False,2026-02-19,-2.0,paid
INV-07858,B144,2026-01-22,2026-02-21,36900.0,False,False,2026-02-16,-5.0,paid
INV-00351,B006,2026-01-22,2026-03-08,347400.0,False,False,2026-03-20,12.0,paid
INV-09025,B168,2026-01-22,2026-03-08,72000.0,False,False,2026-03-16,8.0,paid
INV-11567,B208,2026-01-22,2026-02-21,65300.0,False,False,2026-03-26,33.0,paid
INV-08192,B152,2026-01-22,2026-03-08,113000.0,False,False,2026-03-10,2.0,paid
INV-03497,B067,2026-01-22,2026-02-21,29100.0,False,False,2026-06-16,115.0,paid
INV-03496,B067,2026-01-22,2026-02-21,75500.0,False,True,2026-03-02,9.0,paid
INV-07346,B137,2026-01-22,2026-03-08,70600.0,False,False,2026-02-26,-10.0,paid
INV-03298,B064,2026-01-22,2026-03-08,143100.0,False,False,2026-03-09,1.0,paid
INV-07715,B143,2026-01-22,2026-03-08,44000.0,False,False,2026-03-04,-4.0,paid
INV-12158,B218,2026-01-23,2026-03-09,128200.0,False,False,2026-04-10,32.0,paid
INV-02327,B043,2026-01-23,2026-03-09,23100.0,False,False,2026-04-02,24.0,paid
INV-10725,B193,2026-01-23,2026-03-09,94000.0,False,False,2026-03-27,18.0,paid
INV-09929,B182,2026-01-23,2026-02-22,86300.0,False,False,2026-06-11,109.0,paid
INV-06215,B108,2026-01-23,2026-02-22,20800.0,False,False,2026-03-09,15.0,paid
INV-01650,B029,2026-01-23,2026-03-09,24700.0,False,False,2026-04-20,42.0,paid
INV-04779,B088,2026-01-23,2026-02-22,13400.0,False,False,2026-02-12,-10.0,paid
INV-00802,B015,2026-01-23,2026-02-22,92500.0,False,True,2026-02-24,2.0,paid
INV-08786,B164,2026-01-23,2026-03-09,18300.0,False,False,2026-03-13,4.0,paid
INV-09543,B175,2026-01-23,2026-02-22,48000.0,False,False,2026-02-16,-6.0,paid
INV-00535,B010,2026-01-23,2026-03-09,10000.0,False,True,2026-03-18,9.0,paid
INV-05455,B098,2026-01-23,2026-02-22,41800.0,False,False,2026-02-24,2.0,paid
INV-11403,B205,2026-01-23,2026-03-09,191500.0,False,False,2026-03-07,-2.0,paid
INV-10385,B187,2026-01-23,2026-02-22,61400.0,False,False,2026-02-28,6.0,paid
INV-07717,B143,2026-01-23,2026-03-09,26200.0,False,False,2026-06-18,101.0,paid
INV-07716,B143,2026-01-23,2026-03-09,14800.0,False,False,2026-03-01,-8.0,paid
INV-04207,B080,2026-01-23,2026-02-22,101600.0,False,False,2026-02-25,3.0,paid
INV-02058,B038,2026-01-24,2026-02-23,53700.0,False,False,2026-03-06,11.0,paid
INV-11688,B211,2026-01-24,2026-03-10,224300.0,True,True,2026-06-03,85.0,paid
INV-05180,B095,2026-01-24,2026-03-10,44200.0,True,False,2026-04-17,38.0,paid
INV-07084,B132,2026-01-24,2026-03-10,45900.0,False,True,2026-03-15,5.0,paid
INV-06956,B129,2026-01-24,2026-03-10,62000.0,False,False,2026-02-28,-10.0,paid
INV-03836,B072,2026-01-24,2026-02-23,22500.0,False,False,2026-03-06,11.0,paid
INV-01172,B020,2026-01-24,2026-02-23,120400.0,False,False,2026-03-22,27.0,paid
INV-00296,B005,2026-01-24,2026-02-23,61800.0,False,False,2026-02-25,2.0,paid
INV-01401,B024,2026-01-24,2026-02-23,172100.0,False,False,2026-02-17,-6.0,paid
INV-09026,B168,2026-01-25,2026-03-11,24200.0,False,False,2026-03-15,4.0,paid
INV-07718,B143,2026-01-25,2026-03-11,24800.0,False,False,2026-03-12,1.0,paid
INV-07615,B142,2026-01-25,2026-02-24,54400.0,False,False,2026-03-30,34.0,paid
INV-09433,B174,2026-01-25,2026-02-24,44400.0,False,False,2026-03-01,5.0,paid
INV-04060,B076,2026-01-25,2026-03-11,71000.0,False,False,2026-04-01,21.0,paid
INV-01996,B037,2026-01-25,2026-03-11,107400.0,False,False,2026-03-20,9.0,paid
INV-04913,B090,2026-01-25,2026-03-11,234700.0,False,False,2026-03-23,12.0,paid
INV-11881,B212,2026-01-25,2026-03-11,50000.0,False,False,2026-04-01,21.0,paid
INV-04146,B078,2026-01-25,2026-02-24,15000.0,False,False,2026-03-12,16.0,paid
INV-04780,B088,2026-01-25,2026-02-24,28000.0,False,False,2026-02-19,-5.0,paid
INV-04564,B086,2026-01-25,2026-03-11,307200.0,False,False,2026-03-01,-10.0,paid
INV-06543,B118,2026-01-26,2026-02-25,12800.0,False,True,2026-04-02,36.0,paid
INV-00297,B005,2026-01-26,2026-02-25,109000.0,False,False,2026-02-28,3.0,paid
INV-07594,B141,2026-01-26,2026-02-25,74200.0,False,True,2026-03-12,15.0,paid
INV-06216,B108,2026-01-26,2026-02-25,4500.0,False,False,2026-02-18,-7.0,paid
INV-08121,B149,2026-01-26,2026-02-25,171800.0,False,True,2026-04-16,50.0,paid
INV-01173,B020,2026-01-26,2026-02-25,133000.0,True,False,2026-04-04,38.0,paid
INV-00893,B017,2026-01-27,2026-02-26,22800.0,False,False,2026-02-16,-10.0,paid
INV-01337,B023,2026-01-27,2026-03-13,24600.0,False,False,2026-03-25,12.0,paid
INV-08622,B161,2026-01-27,2026-02-26,47900.0,False,False,2026-03-01,3.0,paid
INV-02155,B039,2026-01-27,2026-03-13,12700.0,False,False,2026-03-23,10.0,paid
INV-09324,B173,2026-01-27,2026-03-13,56300.0,False,False,2026-03-19,6.0,paid
INV-09844,B181,2026-01-27,2026-03-13,76100.0,False,False,2026-03-21,8.0,paid
INV-02221,B040,2026-01-27,2026-02-26,48000.0,False,False,2026-03-04,6.0,paid
INV-09770,B179,2026-01-27,2026-02-26,53200.0,False,False,2026-04-11,44.0,paid
INV-11331,B204,2026-01-28,2026-02-27,177700.0,True,False,2026-04-08,40.0,paid
INV-10184,B185,2026-01-28,2026-03-14,97300.0,False,False,2026-04-15,32.0,paid
INV-10453,B188,2026-01-28,2026-02-27,27100.0,False,False,2026-03-16,17.0,paid
INV-03052,B057,2026-01-28,2026-02-27,94300.0,False,True,2026-02-28,1.0,paid
INV-01402,B024,2026-01-28,2026-02-27,218600.0,False,False,2026-02-25,-2.0,paid
INV-10053,B183,2026-01-28,2026-03-14,126300.0,False,False,2026-04-04,21.0,paid
INV-03981,B075,2026-01-28,2026-03-14,165400.0,True,True,2026-04-26,43.0,paid
INV-11882,B212,2026-01-28,2026-03-14,129000.0,False,True,2026-04-19,36.0,paid
INV-09027,B168,2026-01-28,2026-03-14,80800.0,False,False,2026-03-26,12.0,paid
INV-01174,B020,2026-01-28,2026-02-27,81600.0,False,False,2026-03-15,16.0,paid
INV-00999,B018,2026-01-28,2026-02-27,28400.0,True,False,2026-05-13,75.0,paid
INV-03610,B068,2026-01-29,2026-02-28,37200.0,False,False,2026-04-16,47.0,paid
INV-01930,B036,2026-01-29,2026-03-15,33300.0,False,False,2026-03-21,6.0,paid
INV-11121,B200,2026-01-29,2026-02-28,30800.0,False,False,2026-03-13,13.0,paid
INV-04565,B086,2026-01-29,2026-03-15,377900.0,False,False,2026-03-05,-10.0,paid
INV-09930,B182,2026-01-29,2026-02-28,24400.0,False,False,2026-02-18,-10.0,paid
INV-01175,B020,2026-01-29,2026-02-28,63300.0,False,False,2026-03-21,21.0,paid
INV-03677,B069,2026-01-29,2026-02-28,23100.0,False,False,2026-03-24,24.0,paid
INV-10969,B198,2026-01-29,2026-03-15,7000.0,False,False,2026-04-09,25.0,paid
INV-11883,B212,2026-01-29,2026-03-15,128800.0,False,True,2026-05-03,49.0,paid
INV-04062,B076,2026-01-29,2026-03-15,20500.0,False,False,2026-03-26,11.0,paid
INV-04061,B076,2026-01-29,2026-03-15,42500.0,False,False,2026-04-04,20.0,paid
INV-09434,B174,2026-01-29,2026-02-28,36100.0,False,False,2026-02-28,0.0,paid
INV-02222,B040,2026-01-29,2026-02-28,97200.0,False,True,2026-03-20,20.0,paid
INV-09435,B174,2026-01-29,2026-02-28,75700.0,False,False,2026-06-23,115.0,paid
INV-00298,B005,2026-01-30,2026-03-01,40000.0,False,False,2026-02-27,-2.0,paid
INV-03879,B073,2026-01-30,2026-03-16,95600.0,False,False,2026-03-20,4.0,paid
INV-04147,B078,2026-01-30,2026-03-01,18400.0,False,False,2026-03-09,8.0,paid
INV-04781,B088,2026-01-30,2026-03-01,24200.0,False,False,2026-02-19,-10.0,paid
INV-00299,B005,2026-01-30,2026-03-01,34100.0,False,False,2026-02-19,-10.0,paid
INV-07928,B145,2026-01-30,2026-03-16,9300.0,False,False,2026-03-06,-10.0,paid
INV-11884,B212,2026-01-30,2026-03-16,60500.0,False,False,2026-04-14,29.0,paid
INV-00536,B010,2026-01-30,2026-03-16,5700.0,False,False,2026-03-06,-10.0,paid
INV-09028,B168,2026-01-30,2026-03-16,18400.0,False,True,2026-03-22,6.0,paid
INV-11034,B199,2026-01-31,2026-03-17,12400.0,False,False,2026-03-07,-10.0,paid
INV-02417,B046,2026-01-31,2026-03-17,13100.0,False,False,2026-03-13,-4.0,paid
INV-11035,B199,2026-01-31,2026-03-17,27200.0,True,False,2026-03-22,5.0,paid
INV-07929,B145,2026-01-31,2026-03-17,35000.0,False,False,2026-03-07,-10.0,paid
INV-05456,B098,2026-01-31,2026-03-02,12200.0,False,False,2026-02-20,-10.0,paid
INV-01338,B023,2026-01-31,2026-03-17,35000.0,False,False,2026-04-04,18.0,paid
INV-03016,B056,2026-01-31,2026-03-17,113000.0,False,False,2026-03-27,10.0,paid
INV-00729,B014,2026-01-31,2026-03-02,162000.0,False,False,2026-03-01,-1.0,paid
INV-05367,B097,2026-01-31,2026-03-02,68100.0,False,False,2026-02-26,-4.0,paid
INV-09029,B168,2026-01-31,2026-03-17,85000.0,False,False,2026-04-06,20.0,paid
INV-09931,B182,2026-02-01,2026-03-03,77100.0,False,False,2026-03-07,4.0,paid
INV-07085,B132,2026-02-01,2026-03-18,49300.0,False,False,2026-03-14,-4.0,paid
INV-03226,B062,2026-02-01,2026-03-18,11600.0,True,True,2026-05-19,62.0,paid
INV-10881,B196,2026-02-01,2026-03-03,32800.0,False,True,2026-04-05,33.0,paid
INV-08899,B167,2026-02-01,2026-03-03,51700.0,True,False,2026-04-09,37.0,paid
INV-10054,B183,2026-02-01,2026-03-18,138000.0,False,False,2026-04-11,24.0,paid
INV-08176,B151,2026-02-01,2026-03-18,55700.0,False,False,2026-03-16,-2.0,paid
INV-06587,B119,2026-02-01,2026-03-03,60900.0,False,False,2026-02-25,-6.0,paid
INV-10185,B185,2026-02-01,2026-03-18,178800.0,False,False,2026-04-09,22.0,paid
INV-04857,B089,2026-02-02,2026-03-04,121800.0,True,False,2026-03-29,25.0,paid
INV-06544,B118,2026-02-02,2026-03-04,16900.0,False,False,2026-03-29,25.0,paid
INV-08122,B149,2026-02-02,2026-03-04,73200.0,False,True,2026-04-10,37.0,paid
INV-11404,B205,2026-02-02,2026-03-19,72300.0,False,False,2026-03-16,-3.0,paid
INV-09436,B174,2026-02-02,2026-03-04,15700.0,False,False,2026-02-24,-8.0,paid
INV-01485,B025,2026-02-02,2026-03-19,9900.0,False,False,2026-04-02,14.0,paid
INV-01823,B033,2026-02-02,2026-03-19,6000.0,False,True,2026-04-15,27.0,paid
INV-07514,B139,2026-02-02,2026-03-04,28400.0,False,False,2026-03-17,13.0,paid
INV-02156,B039,2026-02-02,2026-03-19,16200.0,False,False,2026-03-24,5.0,paid
INV-11465,B206,2026-02-02,2026-03-19,21800.0,False,False,2026-03-17,-2.0,paid
INV-10300,B186,2026-02-02,2026-03-19,62600.0,False,True,2026-04-06,18.0,paid
INV-10186,B185,2026-02-02,2026-03-19,106400.0,False,False,2026-04-23,35.0,paid
INV-00233,B004,2026-02-02,2026-03-19,16100.0,False,False,2026-03-20,1.0,paid
INV-12159,B218,2026-02-02,2026-03-19,105900.0,False,False,2026-05-12,54.0,paid
INV-11885,B212,2026-02-03,2026-03-20,31600.0,False,False,2026-03-27,7.0,paid
INV-08148,B150,2026-02-03,2026-03-20,57600.0,False,False,2026-03-28,8.0,paid
INV-10832,B195,2026-02-03,2026-03-05,19200.0,False,False,2026-03-26,21.0,paid
INV-01724,B030,2026-02-03,2026-03-05,108400.0,False,False,2026-02-23,-10.0,paid
INV-00583,B011,2026-02-03,2026-03-20,28400.0,False,False,2026-05-02,43.0,paid
INV-08365,B157,2026-02-03,2026-03-05,39600.0,False,False,2026-03-17,12.0,paid
INV-09932,B182,2026-02-03,2026-03-05,38000.0,False,False,2026-02-28,-5.0,paid
INV-04566,B086,2026-02-03,2026-03-20,132900.0,False,False,2026-03-10,-10.0,paid
INV-06442,B115,2026-02-03,2026-03-20,59500.0,True,False,2026-04-25,36.0,paid
INV-04148,B078,2026-02-03,2026-03-05,16000.0,False,False,2026-03-22,17.0,paid
INV-05074,B093,2026-02-03,2026-03-20,37400.0,False,False,2026-03-16,-4.0,paid
INV-11405,B205,2026-02-03,2026-03-20,80300.0,False,False,2026-03-24,4.0,paid
INV-07245,B135,2026-02-04,2026-03-21,37900.0,False,True,2026-04-18,28.0,paid
INV-02910,B055,2026-02-04,2026-03-06,6400.0,False,False,2026-03-06,0.0,paid
INV-00859,B016,2026-02-04,2026-03-21,19100.0,False,False,2026-03-23,2.0,paid
INV-12003,B215,2026-02-04,2026-03-06,85300.0,False,False,2026-04-21,46.0,paid
INV-10187,B185,2026-02-04,2026-03-21,143700.0,False,False,2026-04-21,31.0,paid
INV-12160,B218,2026-02-04,2026-03-21,54300.0,False,False,2026-04-29,39.0,paid
INV-08366,B157,2026-02-04,2026-03-06,17100.0,False,False,2026-03-20,14.0,paid
INV-04149,B078,2026-02-04,2026-03-06,8700.0,False,False,2026-03-13,7.0,paid
INV-08623,B161,2026-02-04,2026-03-06,81900.0,False,False,2026-03-13,7.0,paid
INV-07125,B133,2026-02-04,2026-03-06,42300.0,False,False,2026-03-30,24.0,paid
INV-11886,B212,2026-02-04,2026-03-21,50800.0,False,False,2026-04-23,33.0,paid
INV-03227,B062,2026-02-04,2026-03-21,22700.0,False,False,2026-04-27,37.0,paid
INV-06303,B110,2026-02-04,2026-03-06,19700.0,True,True,2026-04-22,47.0,paid
INV-11887,B212,2026-02-04,2026-03-21,71300.0,False,False,2026-04-25,35.0,paid
INV-05457,B098,2026-02-04,2026-03-06,48300.0,False,False,2026-02-24,-10.0,paid
INV-03678,B069,2026-02-04,2026-03-06,28800.0,False,False,2026-03-21,15.0,paid
INV-08177,B151,2026-02-05,2026-03-22,82800.0,False,False,2026-03-26,4.0,paid
INV-11122,B200,2026-02-05,2026-03-07,8700.0,False,True,2026-03-23,16.0,paid
INV-10188,B185,2026-02-05,2026-03-22,194400.0,False,False,2026-04-23,32.0,paid
INV-01000,B018,2026-02-05,2026-03-07,30000.0,False,False,2026-04-10,34.0,paid
INV-10608,B191,2026-02-05,2026-03-07,56800.0,False,False,2026-03-25,18.0,paid
INV-02911,B055,2026-02-05,2026-03-07,41600.0,False,False,2026-03-30,23.0,paid
INV-04208,B080,2026-02-05,2026-03-07,148900.0,False,False,2026-03-17,10.0,paid
INV-08406,B158,2026-02-05,2026-03-22,8500.0,False,False,2026-05-06,45.0,paid
INV-01176,B020,2026-02-05,2026-03-07,80100.0,False,False,2026-03-29,22.0,paid
INV-06821,B123,2026-02-05,2026-03-22,58800.0,False,False,2026-04-17,26.0,paid
INV-09816,B180,2026-02-05,2026-03-07,13400.0,False,False,2026-03-15,8.0,paid
INV-11568,B208,2026-02-06,2026-03-08,51400.0,True,False,2026-05-03,56.0,paid
INV-04103,B077,2026-02-06,2026-03-23,28400.0,False,False,2026-03-13,-10.0,paid
INV-08080,B148,2026-02-06,2026-03-08,16300.0,False,False,2026-03-12,4.0,paid
INV-06370,B113,2026-02-06,2026-03-23,174100.0,False,False,2026-04-30,38.0,paid
INV-11888,B212,2026-02-06,2026-03-23,125400.0,False,False,2026-05-06,44.0,paid
INV-09284,B172,2026-02-06,2026-03-23,84400.0,False,False,2026-04-05,13.0,paid
INV-06128,B107,2026-02-06,2026-03-23,68900.0,False,False,2026-03-20,-3.0,paid
INV-07126,B133,2026-02-06,2026-03-08,63000.0,False,False,2026-04-20,43.0,paid
INV-06884,B126,2026-02-06,2026-03-23,170900.0,False,False,2026-03-20,-3.0,paid
INV-03017,B056,2026-02-06,2026-03-23,180000.0,False,False,2026-04-09,17.0,paid
INV-07719,B143,2026-02-06,2026-03-23,23900.0,False,False,2026-03-18,-5.0,paid
INV-10386,B187,2026-02-06,2026-03-08,105000.0,False,False,2026-03-20,12.0,paid
INV-05248,B096,2026-02-06,2026-03-23,61800.0,False,False,2026-04-19,27.0,paid
INV-09725,B178,2026-02-06,2026-03-08,22000.0,False,False,2026-03-28,20.0,paid
INV-02676,B051,2026-02-06,2026-03-08,70700.0,False,False,2026-03-21,13.0,paid
INV-08900,B167,2026-02-07,2026-03-09,83500.0,True,False,2026-04-16,38.0,paid
INV-10055,B183,2026-02-07,2026-03-24,37200.0,False,False,2026-03-30,6.0,paid
INV-01520,B026,2026-02-07,2026-03-24,43400.0,False,False,2026-04-25,32.0,paid
INV-11332,B204,2026-02-07,2026-03-09,99000.0,False,False,2026-03-22,13.0,paid
INV-02833,B054,2026-02-07,2026-03-09,8000.0,False,False,2026-02-27,-10.0,paid
INV-02677,B051,2026-02-07,2026-03-09,71200.0,False,False,2026-03-19,10.0,paid
INV-04782,B088,2026-02-07,2026-03-09,24600.0,False,False,2026-05-24,76.0,paid
INV-11889,B212,2026-02-07,2026-03-24,112800.0,False,False,2026-04-21,28.0,paid
INV-05368,B097,2026-02-07,2026-03-09,109500.0,False,False,2026-03-04,-5.0,paid
INV-01896,B035,2026-02-07,2026-03-24,101200.0,False,False,2026-03-29,5.0,paid
INV-05768,B101,2026-02-07,2026-03-24,60500.0,False,False,2026-04-07,14.0,paid
INV-09544,B175,2026-02-08,2026-03-10,92100.0,False,True,2026-03-01,-9.0,paid
INV-04390,B084,2026-02-08,2026-03-25,25700.0,False,False,2026-04-17,23.0,paid
INV-03498,B067,2026-02-08,2026-03-10,56200.0,True,False,2026-04-05,26.0,paid
INV-00803,B015,2026-02-08,2026-03-10,113700.0,False,False,2026-03-07,-3.0,paid
INV-06476,B116,2026-02-08,2026-03-25,62700.0,False,True,2026-03-21,-4.0,paid
INV-07347,B137,2026-02-08,2026-03-25,180700.0,False,False,2026-03-22,-3.0,paid
INV-09545,B175,2026-02-08,2026-03-10,82600.0,False,False,2026-02-28,-10.0,paid
INV-07017,B131,2026-02-08,2026-03-25,87800.0,False,False,2026-03-30,5.0,paid
INV-05369,B097,2026-02-08,2026-03-10,38700.0,False,False,2026-02-28,-10.0,paid
INV-03730,B070,2026-02-08,2026-03-25,56600.0,False,False,2026-03-23,-2.0,paid
INV-03762,B071,2026-02-08,2026-03-10,179600.0,False,False,2026-03-12,2.0,paid
INV-02678,B051,2026-02-08,2026-03-10,41500.0,False,False,2026-03-04,-6.0,paid
INV-07246,B135,2026-02-09,2026-03-26,45100.0,False,False,2026-04-05,10.0,paid
INV-07176,B134,2026-02-09,2026-03-26,72300.0,True,False,2026-05-09,44.0,paid
INV-08747,B163,2026-02-09,2026-03-11,37000.0,False,False,2026-03-24,13.0,paid
INV-10833,B195,2026-02-09,2026-03-11,11400.0,False,False,2026-04-12,32.0,paid
INV-06477,B116,2026-02-09,2026-03-26,90700.0,False,False,2026-03-19,-7.0,paid
INV-06267,B109,2026-02-09,2026-03-11,66100.0,False,False,2026-04-03,23.0,paid
INV-01486,B025,2026-02-09,2026-03-26,4600.0,False,False,2026-08-15,142.0,paid
INV-06698,B120,2026-02-09,2026-03-26,29800.0,False,True,2026-04-03,8.0,paid
INV-04914,B090,2026-02-09,2026-03-26,145800.0,True,False,2026-04-10,15.0,paid
INV-11123,B200,2026-02-10,2026-03-12,14500.0,False,False,2026-03-06,-6.0,paid
INV-07930,B145,2026-02-10,2026-03-27,9800.0,False,False,2026-03-19,-8.0,paid
INV-02418,B046,2026-02-10,2026-03-27,15600.0,False,False,2026-03-31,4.0,paid
INV-04567,B086,2026-02-10,2026-03-27,544000.0,False,False,2026-03-26,-1.0,paid
INV-10758,B194,2026-02-10,2026-03-27,141100.0,False,False,2026-04-02,6.0,paid
INV-09030,B168,2026-02-10,2026-03-27,55400.0,False,False,2026-03-28,1.0,paid
INV-06217,B108,2026-02-10,2026-03-12,35800.0,False,False,2026-03-23,11.0,paid
INV-07931,B145,2026-02-10,2026-03-27,18600.0,False,False,2026-03-17,-10.0,paid
INV-06478,B116,2026-02-11,2026-03-28,88100.0,False,False,2026-04-03,6.0,paid
INV-03196,B061,2026-02-11,2026-03-13,15900.0,False,False,2026-03-03,-10.0,paid
INV-04104,B077,2026-02-11,2026-03-28,62400.0,False,True,2026-04-05,8.0,paid
INV-00038,B000,2026-02-11,2026-03-28,7300.0,False,False,2026-03-26,-2.0,paid
INV-01403,B024,2026-02-11,2026-03-13,197300.0,False,False,2026-03-07,-6.0,paid
INV-08825,B165,2026-02-11,2026-03-13,11000.0,False,False,2026-03-08,-5.0,paid
INV-00037,B000,2026-02-11,2026-03-28,9600.0,False,False,2026-03-18,-10.0,paid
INV-09225,B171,2026-02-11,2026-03-13,139900.0,False,False,2026-03-23,10.0,paid
INV-11689,B211,2026-02-11,2026-03-28,181400.0,False,False,2026-05-07,40.0,paid
INV-10882,B196,2026-02-11,2026-03-13,7800.0,False,False,2026-03-31,18.0,paid
INV-06129,B107,2026-02-12,2026-03-29,67900.0,False,False,2026-03-21,-8.0,paid
INV-09933,B182,2026-02-12,2026-03-14,126400.0,True,False,2026-04-13,30.0,paid
INV-05769,B101,2026-02-12,2026-03-29,18200.0,False,True,2026-04-29,31.0,paid
INV-04858,B089,2026-02-12,2026-03-14,58100.0,True,False,2026-03-31,17.0,paid
INV-01001,B018,2026-02-12,2026-03-14,54300.0,False,False,2026-05-06,53.0,paid
INV-11890,B212,2026-02-12,2026-03-29,56000.0,False,False,2026-04-20,22.0,paid
INV-11891,B212,2026-02-12,2026-03-29,34200.0,False,False,2026-05-08,40.0,paid
INV-05650,B100,2026-02-13,2026-03-15,117400.0,False,False,2026-04-04,20.0,paid
INV-07932,B145,2026-02-13,2026-03-30,14300.0,False,False,2026-03-20,-10.0,paid
INV-11466,B206,2026-02-13,2026-03-30,12200.0,False,False,2026-04-05,6.0,paid
INV-08367,B157,2026-02-13,2026-03-15,11500.0,False,False,2026-03-26,11.0,paid
INV-00143,B002,2026-02-13,2026-03-15,119000.0,False,False,2026-03-05,-10.0,paid
INV-11989,B214,2026-02-13,2026-03-30,189000.0,False,False,2026-04-12,13.0,paid
INV-08081,B148,2026-02-13,2026-03-15,8600.0,False,False,2026-03-21,6.0,paid
INV-03228,B062,2026-02-13,2026-03-30,27300.0,False,False,2026-04-29,30.0,paid
INV-00730,B014,2026-02-13,2026-03-15,92300.0,False,False,2026-03-06,-9.0,paid
INV-03170,B060,2026-02-13,2026-03-30,33100.0,False,True,2026-04-03,4.0,paid
INV-07409,B138,2026-02-13,2026-03-15,32500.0,False,False,2026-03-05,-10.0,paid
INV-09726,B178,2026-02-14,2026-03-16,52400.0,False,False,2026-03-27,11.0,paid
INV-11892,B212,2026-02-14,2026-03-31,89300.0,False,False,2026-04-19,19.0,paid
INV-11690,B211,2026-02-14,2026-03-31,172600.0,False,False,2026-05-03,33.0,paid
INV-05770,B101,2026-02-14,2026-03-31,100500.0,False,True,2026-05-07,37.0,paid
INV-07595,B141,2026-02-14,2026-03-16,122900.0,False,False,2026-03-29,13.0,paid
INV-04649,B087,2026-02-14,2026-03-31,34600.0,False,False,2026-03-21,-10.0,paid
INV-03299,B064,2026-02-14,2026-03-31,132000.0,False,False,2026-04-14,14.0,paid
INV-06130,B107,2026-02-14,2026-03-31,24100.0,False,False,2026-03-21,-10.0,paid
INV-01339,B023,2026-02-14,2026-03-31,28200.0,False,False,2026-04-10,10.0,paid
INV-07720,B143,2026-02-14,2026-03-31,24000.0,False,False,2026-04-01,1.0,paid
INV-05853,B103,2026-02-14,2026-03-31,35500.0,False,False,2026-04-05,5.0,paid
INV-06268,B109,2026-02-15,2026-03-17,100200.0,False,False,2026-04-05,19.0,paid
INV-01997,B037,2026-02-15,2026-04-01,287500.0,False,False,2026-05-21,50.0,paid
INV-11124,B200,2026-02-15,2026-03-17,48900.0,False,True,2026-04-11,25.0,paid
INV-03880,B073,2026-02-15,2026-04-01,76300.0,False,False,2026-04-13,12.0,paid
INV-02834,B054,2026-02-15,2026-03-17,19200.0,False,False,2026-03-07,-10.0,paid
INV-00609,B012,2026-02-15,2026-04-01,73700.0,False,False,2026-04-12,11.0,paid
INV-09031,B168,2026-02-15,2026-04-01,41500.0,False,False,2026-04-15,14.0,paid
INV-10106,B184,2026-02-15,2026-03-17,44200.0,False,False,2026-04-01,15.0,paid
INV-02731,B052,2026-02-15,2026-03-17,42000.0,False,False,2026-04-20,34.0,paid
INV-09934,B182,2026-02-15,2026-03-17,21600.0,False,False,2026-03-07,-10.0,paid
INV-03837,B072,2026-02-15,2026-03-17,40000.0,False,False,2026-03-16,-1.0,paid
INV-06900,B127,2026-02-15,2026-03-17,26700.0,False,False,2026-04-05,19.0,paid
INV-08082,B148,2026-02-16,2026-03-18,8600.0,False,False,2026-03-23,5.0,paid
INV-00537,B010,2026-02-16,2026-04-02,9400.0,True,False,2026-04-13,11.0,paid
INV-07933,B145,2026-02-16,2026-04-02,8200.0,False,False,2026-03-31,-2.0,paid
INV-04569,B086,2026-02-16,2026-04-02,220800.0,False,False,2026-04-09,7.0,paid
INV-04063,B076,2026-02-16,2026-04-02,39500.0,False,False,2026-04-22,20.0,paid
INV-02912,B055,2026-02-16,2026-03-18,39500.0,False,False,2026-03-31,13.0,paid
INV-04568,B086,2026-02-16,2026-04-02,90000.0,False,False,2026-04-01,-1.0,paid
INV-02370,B045,2026-02-16,2026-04-02,11300.0,False,False,2026-05-03,31.0,paid
INV-02835,B054,2026-02-16,2026-03-18,22900.0,False,False,2026-03-15,-3.0,paid
INV-00446,B008,2026-02-16,2026-04-02,101600.0,True,False,2026-06-07,66.0,paid
INV-07859,B144,2026-02-16,2026-03-18,38800.0,False,False,2026-03-08,-10.0,paid
INV-12161,B218,2026-02-16,2026-04-02,110400.0,False,False,2026-05-27,55.0,paid
INV-06734,B121,2026-02-16,2026-04-02,49300.0,False,False,2026-04-12,10.0,paid
INV-04650,B087,2026-02-16,2026-04-02,15900.0,False,False,2026-03-23,-10.0,paid
INV-05651,B100,2026-02-17,2026-03-19,52700.0,True,False,2026-05-22,64.0,paid
INV-10189,B185,2026-02-17,2026-04-03,246400.0,False,False,2026-05-11,38.0,paid
INV-09437,B174,2026-02-17,2026-03-19,13000.0,False,False,2026-03-09,-10.0,paid
INV-06588,B119,2026-02-17,2026-03-19,49200.0,False,False,2026-03-09,-10.0,paid
INV-12162,B218,2026-02-17,2026-04-03,70900.0,False,False,2026-05-22,49.0,paid
INV-01583,B028,2026-02-17,2026-04-03,5300.0,False,False,2026-04-24,21.0,paid
INV-09192,B170,2026-02-17,2026-04-03,17500.0,False,True,2026-05-28,55.0,paid
INV-06131,B107,2026-02-17,2026-04-03,65400.0,False,False,2026-04-15,12.0,paid
INV-09438,B174,2026-02-17,2026-03-19,14200.0,False,True,2026-03-16,-3.0,paid
INV-06589,B119,2026-02-17,2026-03-19,58100.0,True,False,2026-04-05,17.0,paid
INV-05652,B100,2026-02-18,2026-03-20,48800.0,False,True,2026-04-22,33.0,paid
INV-01404,B024,2026-02-18,2026-03-20,179900.0,False,False,2026-03-10,-10.0,paid
INV-01651,B029,2026-02-18,2026-04-04,43200.0,False,False,2026-05-23,49.0,paid
INV-01274,B022,2026-02-18,2026-03-20,4000.0,False,False,2026-04-14,25.0,paid
INV-04281,B081,2026-02-18,2026-03-20,26400.0,False,False,2026-04-14,25.0,paid
INV-04280,B081,2026-02-18,2026-03-20,11200.0,False,False,2026-04-10,21.0,paid
INV-04279,B081,2026-02-18,2026-03-20,16100.0,True,False,2026-05-08,49.0,paid
INV-01177,B020,2026-02-18,2026-03-20,54500.0,False,True,2026-04-09,20.0,paid
INV-08149,B150,2026-02-18,2026-04-04,89400.0,False,False,2026-04-24,20.0,paid
INV-03018,B056,2026-02-19,2026-04-05,63900.0,False,False,2026-04-28,23.0,paid
INV-05516,B099,2026-02-19,2026-03-21,60400.0,False,False,2026-04-05,15.0,paid
INV-10454,B188,2026-02-19,2026-03-21,19900.0,False,True,2026-04-01,11.0,paid
INV-00484,B009,2026-02-19,2026-04-05,109400.0,False,False,2026-04-02,-3.0,paid
INV-05653,B100,2026-02-19,2026-03-21,29300.0,True,False,2026-05-04,44.0,paid
INV-02419,B046,2026-02-19,2026-04-05,10000.0,False,False,2026-04-12,7.0,paid
INV-10925,B197,2026-02-19,2026-04-05,70000.0,False,False,2026-04-10,5.0,paid
INV-00804,B015,2026-02-19,2026-03-21,163200.0,False,True,2026-03-11,-10.0,paid
INV-09935,B182,2026-02-19,2026-03-21,71500.0,False,False,2026-03-14,-7.0,paid
INV-11036,B199,2026-02-19,2026-04-05,6400.0,False,False,2026-03-26,-10.0,paid
INV-09439,B174,2026-02-20,2026-03-22,11500.0,False,False,2026-03-12,-10.0,paid
INV-12163,B218,2026-02-20,2026-04-06,51100.0,False,True,2026-06-02,57.0,paid
INV-02328,B043,2026-02-20,2026-04-06,24600.0,False,False,2026-04-29,23.0,paid
INV-09193,B170,2026-02-20,2026-04-06,20300.0,False,False,2026-05-11,35.0,paid
INV-10726,B193,2026-02-20,2026-04-06,63200.0,False,True,2026-05-04,28.0,paid
INV-03499,B067,2026-02-20,2026-03-22,83400.0,False,True,2026-03-13,-9.0,paid
INV-08686,B162,2026-02-20,2026-03-22,24300.0,False,False,2026-03-29,7.0,paid
INV-06218,B108,2026-02-20,2026-03-22,34600.0,False,False,2026-03-21,-1.0,paid
INV-00860,B016,2026-02-20,2026-04-06,36300.0,False,False,2026-04-21,15.0,paid
INV-00300,B005,2026-02-20,2026-03-22,32200.0,False,False,2026-03-12,-10.0,paid
INV-08150,B150,2026-02-20,2026-04-06,118300.0,False,False,2026-05-07,31.0,paid
INV-07127,B133,2026-02-20,2026-03-22,58700.0,False,True,2026-04-25,34.0,paid
INV-10664,B192,2026-02-20,2026-04-06,7600.0,False,False,2026-03-27,-10.0,paid
INV-09440,B174,2026-02-21,2026-03-23,71600.0,True,False,2026-04-03,11.0,paid
INV-10107,B184,2026-02-21,2026-03-23,50500.0,False,False,2026-04-04,12.0,paid
INV-07860,B144,2026-02-21,2026-03-23,51000.0,False,False,2026-03-13,-10.0,paid
INV-10056,B183,2026-02-21,2026-04-07,42500.0,False,False,2026-04-30,23.0,paid
INV-05654,B100,2026-02-21,2026-03-23,54000.0,False,False,2026-04-01,9.0,paid
INV-05458,B098,2026-02-21,2026-03-23,35400.0,False,False,2026-03-13,-10.0,paid
INV-06735,B121,2026-02-21,2026-04-07,72200.0,False,False,2026-04-16,9.0,paid
INV-10970,B198,2026-02-21,2026-04-07,25100.0,False,False,2026-05-23,46.0,paid
INV-02329,B043,2026-02-21,2026-04-07,24400.0,False,False,2026-05-09,32.0,paid
INV-05181,B095,2026-02-21,2026-04-07,36700.0,False,False,2026-04-28,21.0,paid
INV-09936,B182,2026-02-22,2026-03-24,45000.0,False,False,2026-03-19,-5.0,paid
INV-09937,B182,2026-02-22,2026-03-24,81900.0,False,False,2026-03-14,-10.0,paid
INV-08624,B161,2026-02-22,2026-03-24,59700.0,False,False,2026-03-25,1.0,paid
INV-06132,B107,2026-02-22,2026-04-08,42200.0,False,False,2026-04-06,-2.0,paid
INV-10971,B198,2026-02-22,2026-04-08,7500.0,False,False,2026-05-13,35.0,paid
INV-10387,B187,2026-02-22,2026-03-24,106100.0,False,False,2026-04-13,20.0,paid
INV-05182,B095,2026-02-22,2026-04-08,20000.0,False,True,2026-04-25,17.0,paid
INV-10508,B189,2026-02-22,2026-04-08,34200.0,False,False,2026-04-24,16.0,paid
INV-09771,B179,2026-02-22,2026-03-24,56100.0,False,False,2026-04-14,21.0,paid
INV-06885,B126,2026-02-22,2026-04-08,68200.0,False,False,2026-04-03,-5.0,paid
INV-00538,B010,2026-02-22,2026-04-08,1600.0,False,False,2026-04-05,-3.0,paid
INV-04915,B090,2026-02-22,2026-04-08,143200.0,True,False,2026-05-30,52.0,paid
INV-00144,B002,2026-02-22,2026-03-24,187000.0,False,False,2026-03-25,1.0,paid
INV-05249,B096,2026-02-22,2026-04-08,15500.0,False,False,2026-04-29,21.0,paid
INV-05771,B101,2026-02-22,2026-04-08,49200.0,False,False,2026-04-23,15.0,paid
INV-04783,B088,2026-02-23,2026-03-25,31400.0,False,False,2026-03-19,-6.0,paid
INV-12164,B218,2026-02-23,2026-04-09,146900.0,False,False,2026-06-01,53.0,paid
INV-02252,B041,2026-02-23,2026-04-09,22600.0,False,False,2026-04-07,-2.0,paid
INV-09325,B173,2026-02-23,2026-04-09,121300.0,False,False,2026-04-24,15.0,paid
INV-10190,B185,2026-02-23,2026-04-09,196700.0,False,False,2026-05-22,43.0,paid
INV-08261,B155,2026-02-23,2026-04-09,19300.0,False,False,2026-04-11,2.0,paid
INV-01405,B024,2026-02-23,2026-03-25,149500.0,False,False,2026-03-17,-8.0,paid
INV-08625,B161,2026-02-23,2026-03-25,119800.0,False,False,2026-04-13,19.0,paid
INV-07515,B139,2026-02-23,2026-03-25,97000.0,False,False,2026-04-04,10.0,paid
INV-07596,B141,2026-02-23,2026-03-25,205800.0,False,False,2026-04-13,19.0,paid
INV-11990,B214,2026-02-23,2026-04-09,67400.0,False,False,2026-04-25,16.0,paid
INV-11037,B199,2026-02-24,2026-04-10,14300.0,False,False,2026-03-31,-10.0,paid
INV-04174,B079,2026-02-24,2026-03-26,111800.0,False,True,2026-04-06,11.0,paid
INV-03019,B056,2026-02-24,2026-04-10,86800.0,False,False,2026-05-04,24.0,paid
INV-00805,B015,2026-02-24,2026-03-26,128100.0,False,True,2026-03-30,4.0,paid
INV-10665,B192,2026-02-24,2026-04-10,26000.0,False,True,2026-04-05,-5.0,paid
INV-05655,B100,2026-02-24,2026-03-26,41800.0,False,False,2026-04-03,8.0,paid
INV-11467,B206,2026-02-24,2026-04-10,12000.0,False,False,2026-04-16,6.0,paid
INV-00894,B017,2026-02-24,2026-03-26,38900.0,False,True,2026-03-16,-10.0,paid
INV-01002,B018,2026-02-24,2026-03-26,64200.0,False,False,2026-05-04,39.0,paid
INV-07948,B146,2026-02-24,2026-03-26,33400.0,False,False,2026-03-16,-10.0,paid
INV-04859,B089,2026-02-24,2026-03-26,76700.0,False,True,2026-04-01,6.0,paid
INV-02059,B038,2026-02-24,2026-03-26,35100.0,False,False,2026-04-04,9.0,paid
INV-09032,B168,2026-02-25,2026-04-11,71200.0,False,False,2026-04-27,16.0,paid
INV-04651,B087,2026-02-25,2026-04-11,8100.0,False,False,2026-04-01,-10.0,paid
INV-07861,B144,2026-02-25,2026-03-27,32700.0,False,False,2026-03-17,-10.0,paid
INV-05817,B102,2026-02-25,2026-04-11,44300.0,False,False,2026-04-04,-7.0,paid
INV-03020,B056,2026-02-25,2026-04-11,137800.0,False,True,2026-05-10,29.0,paid
INV-03378,B066,2026-02-25,2026-04-11,97400.0,False,False,2026-04-19,8.0,paid
INV-09546,B175,2026-02-26,2026-03-28,73800.0,False,False,2026-03-18,-10.0,paid
INV-02420,B046,2026-02-26,2026-04-12,8100.0,False,False,2026-04-20,8.0,paid
INV-00664,B013,2026-02-26,2026-04-12,15700.0,False,False,2026-05-11,29.0,paid
INV-03093,B058,2026-02-26,2026-04-12,109000.0,False,False,2026-06-13,62.0,paid
INV-12045,B216,2026-02-26,2026-04-12,21300.0,True,True,,,open
INV-03679,B069,2026-02-27,2026-03-29,106400.0,False,False,2026-05-06,38.0,paid
INV-11468,B206,2026-02-27,2026-04-13,22100.0,True,False,2026-06-08,56.0,paid
INV-07556,B140,2026-02-27,2026-04-13,5800.0,False,False,2026-05-27,44.0,paid
INV-11601,B209,2026-02-27,2026-04-13,33100.0,False,False,2026-04-11,-2.0,paid
INV-03838,B072,2026-02-27,2026-03-29,24700.0,False,False,2026-06-08,71.0,paid
INV-05987,B104,2026-02-27,2026-03-29,169100.0,False,False,2026-03-24,-5.0,paid
INV-03171,B060,2026-02-27,2026-04-13,24200.0,False,False,2026-04-14,1.0,paid
INV-03379,B066,2026-02-27,2026-04-13,127200.0,False,False,2026-04-26,13.0,paid
INV-09033,B168,2026-02-27,2026-04-13,83400.0,False,True,2026-05-12,29.0,paid
INV-05854,B103,2026-02-27,2026-04-13,45300.0,False,True,2026-04-24,11.0,paid
INV-04954,B091,2026-02-27,2026-03-29,18400.0,False,False,2026-03-31,2.0,paid
INV-10455,B188,2026-02-27,2026-03-29,21700.0,False,False,2026-04-03,5.0,paid
INV-07862,B144,2026-02-27,2026-03-29,83900.0,False,True,2026-03-28,-1.0,paid
INV-06321,B111,2026-02-27,2026-04-13,47200.0,True,False,2026-05-19,36.0,paid
INV-01340,B023,2026-02-27,2026-04-13,73900.0,False,True,2026-05-11,28.0,paid
INV-08748,B163,2026-02-27,2026-03-29,41600.0,False,False,2026-04-17,19.0,paid
INV-12165,B218,2026-02-28,2026-04-14,106200.0,False,False,2026-06-02,49.0,paid
INV-09772,B179,2026-02-28,2026-03-30,40200.0,False,False,2026-05-02,33.0,paid
INV-06082,B106,2026-02-28,2026-04-14,96600.0,False,False,2026-05-05,21.0,paid
INV-03500,B067,2026-02-28,2026-03-30,102500.0,False,False,2026-03-20,-10.0,paid
INV-03172,B060,2026-02-28,2026-04-14,55500.0,False,False,2026-04-28,14.0,paid
INV-09138,B169,2026-02-28,2026-03-30,46700.0,False,False,2026-04-01,2.0,paid
INV-11125,B200,2026-02-28,2026-03-30,38600.0,False,False,2026-04-04,5.0,paid
INV-01521,B026,2026-02-28,2026-04-14,54900.0,False,False,2026-06-04,51.0,paid
INV-05772,B101,2026-03-01,2026-04-15,72700.0,False,False,2026-05-10,25.0,paid
INV-01003,B018,2026-03-01,2026-03-31,50900.0,False,False,2026-05-15,45.0,paid
INV-09441,B174,2026-03-01,2026-03-31,42800.0,False,False,2026-04-03,3.0,paid
INV-07177,B134,2026-03-01,2026-04-15,79000.0,False,False,2026-05-09,24.0,paid
INV-12166,B218,2026-03-01,2026-04-15,178000.0,False,False,2026-05-30,45.0,paid
INV-06782,B122,2026-03-01,2026-04-15,36200.0,False,False,2026-04-06,-9.0,paid
INV-09034,B168,2026-03-01,2026-04-15,44700.0,False,False,2026-04-25,10.0,paid
INV-08193,B152,2026-03-01,2026-04-15,67700.0,True,False,2026-06-05,51.0,paid
INV-09817,B180,2026-03-01,2026-03-31,7300.0,False,False,2026-04-09,9.0,paid
INV-04652,B087,2026-03-02,2026-04-16,24100.0,False,True,2026-04-23,7.0,paid
INV-03197,B061,2026-03-02,2026-04-01,20000.0,False,False,2026-03-22,-10.0,paid
INV-05250,B096,2026-03-02,2026-04-16,108400.0,False,True,2026-05-30,44.0,paid
INV-07247,B135,2026-03-02,2026-04-16,90200.0,False,False,2026-05-11,25.0,paid
INV-07178,B134,2026-03-02,2026-04-16,44000.0,False,False,2026-05-11,25.0,paid
INV-03229,B062,2026-03-02,2026-04-16,5200.0,False,False,2026-05-09,23.0,paid
INV-04916,B090,2026-03-02,2026-04-16,541900.0,False,False,2026-04-28,12.0,paid
INV-03940,B074,2026-03-02,2026-04-01,26000.0,False,False,2026-04-14,13.0,paid
INV-04860,B089,2026-03-02,2026-04-01,65700.0,False,False,2026-04-07,6.0,paid
INV-04570,B086,2026-03-02,2026-04-16,178300.0,False,False,2026-04-11,-5.0,paid
INV-11961,B213,2026-03-02,2026-04-16,36600.0,False,False,2026-04-23,7.0,paid
INV-06133,B107,2026-03-02,2026-04-16,56600.0,False,False,2026-04-22,6.0,paid
INV-08368,B157,2026-03-02,2026-04-01,31800.0,False,False,2026-04-30,29.0,paid
INV-09938,B182,2026-03-02,2026-04-01,45100.0,False,True,2026-03-30,-2.0,paid
INV-05370,B097,2026-03-02,2026-04-01,72200.0,False,False,2026-04-15,14.0,paid
INV-08787,B164,2026-03-02,2026-04-16,12800.0,False,False,2026-04-15,-1.0,paid
INV-11333,B204,2026-03-03,2026-04-02,58900.0,False,False,2026-04-08,6.0,paid
INV-07018,B131,2026-03-03,2026-04-17,32400.0,False,False,2026-04-19,2.0,paid
INV-03502,B067,2026-03-03,2026-04-02,52500.0,False,False,2026-03-27,-6.0,paid
INV-03680,B069,2026-03-03,2026-04-02,59800.0,False,False,2026-05-05,33.0,paid
INV-03501,B067,2026-03-03,2026-04-02,77800.0,False,False,2026-03-30,-3.0,paid
INV-05988,B104,2026-03-03,2026-04-02,69000.0,False,False,2026-03-28,-5.0,paid
INV-01487,B025,2026-03-03,2026-04-17,15000.0,False,False,2026-05-18,31.0,paid
INV-09035,B168,2026-03-03,2026-04-17,93700.0,False,False,2026-05-12,25.0,paid
INV-10388,B187,2026-03-03,2026-04-02,41200.0,False,False,2026-04-17,15.0,paid
INV-00731,B014,2026-03-03,2026-04-02,124300.0,False,False,2026-04-07,5.0,paid
INV-11179,B201,2026-03-04,2026-04-18,11800.0,False,False,2026-05-24,36.0,paid
INV-08315,B156,2026-03-04,2026-04-03,12700.0,False,False,2026-04-23,20.0,paid
INV-08083,B148,2026-03-04,2026-04-03,5200.0,False,False,2026-04-17,14.0,paid
INV-01522,B026,2026-03-04,2026-04-18,71100.0,False,True,2026-05-27,39.0,paid
INV-07128,B133,2026-03-04,2026-04-03,15100.0,False,False,2026-05-19,46.0,paid
INV-10584,B190,2026-03-04,2026-04-18,166900.0,False,False,2026-05-23,35.0,paid
INV-11469,B206,2026-03-04,2026-04-18,14000.0,False,False,2026-04-28,10.0,paid
INV-01275,B022,2026-03-04,2026-04-03,2500.0,False,False,2026-04-25,22.0,paid
INV-00732,B014,2026-03-04,2026-04-03,93000.0,False,True,2026-04-25,22.0,paid
INV-11691,B211,2026-03-05,2026-04-19,201100.0,False,False,2026-05-31,42.0,paid
INV-00146,B002,2026-03-05,2026-04-04,65300.0,False,False,2026-04-13,9.0,paid
INV-05989,B104,2026-03-05,2026-04-04,53100.0,False,False,2026-03-25,-10.0,paid
INV-00145,B002,2026-03-05,2026-04-04,203100.0,False,False,2026-04-17,13.0,paid
INV-01341,B023,2026-03-05,2026-04-19,17300.0,False,False,2026-05-06,17.0,paid
INV-02421,B046,2026-03-05,2026-04-19,26900.0,False,False,2026-04-28,9.0,paid
INV-07410,B138,2026-03-05,2026-04-04,28500.0,False,False,2026-04-13,9.0,paid
INV-09653,B177,2026-03-05,2026-04-19,26400.0,False,False,2026-05-06,17.0,paid
INV-06479,B116,2026-03-05,2026-04-19,100500.0,False,False,2026-04-24,5.0,paid
INV-09547,B175,2026-03-05,2026-04-04,57500.0,False,False,2026-03-27,-8.0,paid
INV-06822,B123,2026-03-05,2026-04-19,125000.0,False,False,2026-05-27,38.0,paid
INV-11334,B204,2026-03-05,2026-04-04,202000.0,False,False,2026-04-29,25.0,paid
INV-07721,B143,2026-03-06,2026-04-20,25300.0,False,False,2026-05-03,13.0,paid
INV-09604,B176,2026-03-06,2026-04-20,7800.0,False,False,2026-05-04,14.0,paid
INV-06901,B127,2026-03-06,2026-04-05,34200.0,False,False,2026-04-30,25.0,paid
INV-06957,B129,2026-03-06,2026-04-20,51700.0,False,False,2026-05-01,11.0,paid
INV-10727,B193,2026-03-06,2026-04-20,90100.0,False,False,2026-05-20,30.0,paid
INV-05371,B097,2026-03-06,2026-04-05,76600.0,False,False,2026-04-10,5.0,paid
INV-07280,B136,2026-03-06,2026-04-05,36900.0,False,False,2026-04-08,3.0,paid
INV-07949,B146,2026-03-06,2026-04-05,55000.0,False,False,2026-04-05,0.0,paid
INV-03345,B065,2026-03-07,2026-04-06,47300.0,False,False,2026-04-18,12.0,paid
INV-06443,B115,2026-03-07,2026-04-21,41200.0,False,False,2026-04-21,0.0,paid
INV-02516,B048,2026-03-07,2026-04-21,37700.0,True,False,2026-06-30,70.0,paid
INV-06736,B121,2026-03-07,2026-04-21,123300.0,False,False,2026-05-06,15.0,paid
INV-05517,B099,2026-03-07,2026-04-06,115300.0,False,False,2026-04-24,18.0,paid
INV-00806,B015,2026-03-07,2026-04-06,65600.0,False,False,2026-04-03,-3.0,paid
INV-07863,B144,2026-03-07,2026-04-06,27300.0,False,False,2026-03-27,-10.0,paid
INV-06269,B109,2026-03-07,2026-04-06,100900.0,False,False,2026-05-02,26.0,paid
INV-09139,B169,2026-03-07,2026-04-06,32600.0,False,True,2026-05-01,25.0,paid
INV-00733,B014,2026-03-08,2026-04-07,168600.0,False,False,2026-04-22,15.0,paid
INV-01004,B018,2026-03-08,2026-04-07,20200.0,False,False,2026-05-15,38.0,paid
INV-09939,B182,2026-03-08,2026-04-07,42000.0,False,True,2026-04-17,10.0,paid
INV-04784,B088,2026-03-08,2026-04-07,35400.0,False,False,2026-03-29,-9.0,paid
INV-06219,B108,2026-03-08,2026-04-07,18200.0,False,True,2026-04-24,17.0,paid
INV-08194,B152,2026-03-08,2026-04-22,32400.0,False,False,2026-04-25,3.0,paid
INV-01224,B021,2026-03-08,2026-04-22,16900.0,False,True,2026-05-18,26.0,paid
INV-11335,B204,2026-03-08,2026-04-07,490400.0,False,False,2026-05-05,28.0,paid
INV-05818,B102,2026-03-08,2026-04-22,50400.0,False,False,2026-04-12,-10.0,paid
INV-08195,B152,2026-03-08,2026-04-22,128800.0,False,False,2026-04-28,6.0,paid
INV-01276,B022,2026-03-08,2026-04-07,5100.0,False,False,2026-05-22,45.0,paid
INV-00610,B012,2026-03-09,2026-04-23,26300.0,False,False,2026-05-05,12.0,paid
INV-01277,B022,2026-03-09,2026-04-08,8000.0,False,False,2026-05-05,27.0,paid
INV-03941,B074,2026-03-09,2026-04-08,42100.0,False,False,2026-04-30,22.0,paid
INV-12072,B217,2026-03-09,2026-04-23,35000.0,False,False,2026-05-13,20.0,paid
INV-08123,B149,2026-03-09,2026-04-08,72800.0,False,False,2026-05-11,33.0,paid
INV-01584,B028,2026-03-09,2026-04-23,23700.0,False,False,2026-06-02,40.0,paid
INV-05372,B097,2026-03-09,2026-04-08,98900.0,True,False,2026-04-29,21.0,paid
INV-07864,B144,2026-03-09,2026-04-08,39000.0,False,False,2026-03-29,-10.0,paid
INV-08003,B147,2026-03-09,2026-04-08,24000.0,False,False,2026-05-04,26.0,paid
INV-10509,B189,2026-03-09,2026-04-23,81000.0,False,False,2026-04-30,7.0,paid
INV-06220,B108,2026-03-09,2026-04-08,75800.0,False,False,2026-04-25,17.0,paid
INV-06221,B108,2026-03-10,2026-04-09,11700.0,False,False,2026-04-15,6.0,paid
INV-03942,B074,2026-03-10,2026-04-09,17400.0,False,False,2026-04-23,14.0,paid
INV-11180,B201,2026-03-10,2026-04-24,14900.0,False,True,2026-05-31,37.0,paid
INV-03503,B067,2026-03-10,2026-04-09,126100.0,False,False,2026-03-30,-10.0,paid
INV-09605,B176,2026-03-10,2026-04-24,12200.0,False,False,2026-05-14,20.0,paid
INV-09194,B170,2026-03-10,2026-04-24,8200.0,False,False,2026-05-18,24.0,paid
INV-10301,B186,2026-03-10,2026-04-24,85100.0,False,False,2026-05-13,19.0,paid
INV-08004,B147,2026-03-10,2026-04-09,17400.0,False,False,2026-04-17,8.0,paid
INV-00353,B006,2026-03-11,2026-04-25,220500.0,False,False,2026-05-17,22.0,paid
INV-11894,B212,2026-03-11,2026-04-25,59900.0,False,False,2026-05-30,35.0,paid
INV-01585,B028,2026-03-11,2026-04-25,7300.0,False,False,2026-05-27,32.0,paid
INV-09606,B176,2026-03-11,2026-04-25,14500.0,False,False,2026-05-15,20.0,paid
INV-09773,B179,2026-03-11,2026-04-10,21800.0,False,False,2026-05-08,28.0,paid
INV-07722,B143,2026-03-11,2026-04-25,42700.0,False,False,2026-05-02,7.0,paid
INV-00352,B006,2026-03-11,2026-04-25,115600.0,False,True,2026-05-25,30.0,paid
INV-01790,B032,2026-03-11,2026-04-10,7800.0,False,False,2026-05-09,29.0,paid
INV-06545,B118,2026-03-11,2026-04-10,19900.0,False,False,2026-05-04,24.0,paid
INV-11406,B205,2026-03-11,2026-04-25,28500.0,False,True,2026-04-27,2.0,paid
INV-03230,B062,2026-03-11,2026-04-25,10700.0,False,False,2026-05-19,24.0,paid
INV-04446,B085,2026-03-11,2026-04-10,67800.0,False,True,2026-05-02,22.0,paid
INV-04150,B078,2026-03-11,2026-04-10,11900.0,False,False,2026-04-23,13.0,paid
INV-11893,B212,2026-03-11,2026-04-25,60700.0,False,False,2026-05-19,24.0,paid
INV-01005,B018,2026-03-11,2026-04-10,14100.0,False,False,2026-05-19,39.0,paid
INV-00539,B010,2026-03-12,2026-04-26,10800.0,False,False,2026-05-04,8.0,paid
INV-01586,B028,2026-03-12,2026-04-26,13900.0,False,False,2026-05-31,35.0,paid
INV-04996,B092,2026-03-12,2026-04-26,17200.0,False,False,2026-04-16,-10.0,paid
INV-05075,B093,2026-03-12,2026-04-26,46100.0,False,False,2026-04-24,-2.0,paid
INV-01652,B029,2026-03-12,2026-04-26,20600.0,False,False,2026-05-30,34.0,paid
INV-08005,B147,2026-03-12,2026-04-11,10800.0,False,False,2026-04-20,9.0,paid
INV-11470,B206,2026-03-12,2026-04-26,13500.0,False,False,2026-05-04,8.0,paid
INV-01824,B033,2026-03-12,2026-04-26,27900.0,False,False,2026-05-29,33.0,paid
INV-08178,B151,2026-03-12,2026-04-26,73000.0,False,False,2026-04-27,1.0,paid
INV-08179,B151,2026-03-12,2026-04-26,38400.0,True,False,2026-06-18,53.0,paid
INV-10666,B192,2026-03-12,2026-04-26,17800.0,False,False,2026-04-16,-10.0,paid
INV-02275,B042,2026-03-12,2026-04-11,149600.0,False,False,2026-05-02,21.0,paid
INV-00147,B002,2026-03-12,2026-04-11,81300.0,False,False,2026-04-03,-8.0,paid
INV-10389,B187,2026-03-13,2026-04-12,50400.0,False,False,2026-05-01,19.0,paid
INV-03943,B074,2026-03-13,2026-04-12,26000.0,False,False,2026-04-23,11.0,paid
INV-00734,B014,2026-03-13,2026-04-12,258000.0,False,False,2026-04-24,12.0,paid
INV-10057,B183,2026-03-13,2026-04-27,264000.0,False,False,2026-06-02,36.0,paid
INV-02767,B053,2026-03-13,2026-04-12,32000.0,False,True,2026-04-19,7.0,paid
INV-06737,B121,2026-03-13,2026-04-27,63100.0,False,False,2026-05-04,7.0,paid
INV-03053,B057,2026-03-13,2026-04-12,128100.0,False,False,2026-04-08,-4.0,paid
INV-04344,B083,2026-03-13,2026-04-27,43900.0,False,False,2026-05-28,31.0,paid
INV-06444,B115,2026-03-13,2026-04-27,34800.0,False,False,2026-04-27,0.0,paid
INV-01342,B023,2026-03-13,2026-04-27,54700.0,False,False,2026-05-26,29.0,paid
INV-10302,B186,2026-03-13,2026-04-27,140200.0,False,False,2026-05-12,15.0,paid
INV-07086,B132,2026-03-13,2026-04-27,71800.0,False,False,2026-04-24,-3.0,paid
INV-02679,B051,2026-03-13,2026-04-12,69800.0,False,False,2026-05-07,25.0,paid
INV-03504,B067,2026-03-13,2026-04-12,47400.0,False,False,2026-04-04,-8.0,paid
INV-04447,B085,2026-03-13,2026-04-12,68700.0,False,False,2026-05-03,21.0,paid
INV-11126,B200,2026-03-13,2026-04-12,15000.0,False,False,2026-04-24,12.0,paid
INV-08369,B157,2026-03-14,2026-04-13,95300.0,False,False,2026-05-13,30.0,paid
INV-06546,B118,2026-03-14,2026-04-13,18400.0,True,False,2026-06-08,56.0,paid
INV-02469,B047,2026-03-14,2026-04-13,159400.0,False,False,2026-04-16,3.0,paid
INV-04209,B080,2026-03-14,2026-04-13,121200.0,False,False,2026-04-14,1.0,paid
INV-11336,B204,2026-03-14,2026-04-13,130200.0,False,False,2026-05-06,23.0,paid
INV-07597,B141,2026-03-14,2026-04-13,76100.0,False,False,2026-04-30,17.0,paid
INV-07950,B146,2026-03-14,2026-04-13,38300.0,True,False,2026-05-06,23.0,paid
INV-06783,B122,2026-03-14,2026-04-28,57100.0,False,False,2026-04-18,-10.0,paid
INV-00807,B015,2026-03-14,2026-04-13,147800.0,False,False,2026-04-03,-10.0,paid
INV-10303,B186,2026-03-14,2026-04-28,109100.0,False,False,2026-05-16,18.0,paid
INV-02253,B041,2026-03-15,2026-04-29,38500.0,False,False,2026-05-05,6.0,paid
INV-01488,B025,2026-03-15,2026-04-29,11900.0,False,False,2026-05-31,32.0,paid
INV-08626,B161,2026-03-15,2026-04-14,65800.0,False,False,2026-05-01,17.0,paid
INV-00391,B007,2026-03-15,2026-04-14,130300.0,False,False,2026-05-09,25.0,paid
INV-01406,B024,2026-03-15,2026-04-14,276300.0,False,False,2026-05-12,28.0,paid
INV-11038,B199,2026-03-15,2026-04-29,7400.0,False,False,2026-04-19,-10.0,paid
INV-11275,B203,2026-03-15,2026-04-14,7000.0,False,False,2026-05-23,39.0,paid
INV-02330,B043,2026-03-15,2026-04-29,12700.0,False,False,2026-05-18,19.0,paid
INV-06989,B130,2026-03-15,2026-04-14,66100.0,False,False,2026-04-16,2.0,paid
INV-01653,B029,2026-03-16,2026-04-30,52500.0,False,False,2026-06-12,43.0,paid
INV-04571,B086,2026-03-16,2026-04-30,292400.0,False,False,2026-04-22,-8.0,paid
INV-04917,B090,2026-03-16,2026-04-30,63500.0,False,False,2026-05-20,20.0,paid
INV-05657,B100,2026-03-16,2026-04-15,75900.0,False,False,2026-05-11,26.0,paid
INV-04151,B078,2026-03-16,2026-04-15,18700.0,False,False,2026-04-18,3.0,paid
INV-05119,B094,2026-03-16,2026-04-30,41000.0,False,False,2026-04-30,0.0,paid
INV-05656,B100,2026-03-16,2026-04-15,94100.0,False,False,2026-05-08,23.0,paid
INV-02157,B039,2026-03-17,2026-05-01,10900.0,False,False,2026-05-02,1.0,paid
INV-03731,B070,2026-03-17,2026-05-01,303500.0,False,False,2026-05-17,16.0,paid
INV-11895,B212,2026-03-17,2026-05-01,67000.0,False,False,2026-05-31,30.0,paid
INV-11962,B213,2026-03-17,2026-05-01,41100.0,False,False,2026-05-10,9.0,paid
INV-08788,B164,2026-03-17,2026-05-01,31900.0,False,False,2026-05-17,16.0,paid
INV-11337,B204,2026-03-17,2026-04-16,80800.0,False,False,2026-05-10,24.0,paid
INV-07865,B144,2026-03-18,2026-04-17,172500.0,False,False,2026-04-21,4.0,paid
INV-04572,B086,2026-03-18,2026-05-02,319000.0,False,False,2026-05-02,0.0,paid
INV-03732,B070,2026-03-18,2026-05-02,65300.0,False,False,2026-05-13,11.0,paid
INV-10390,B187,2026-03-18,2026-04-17,71300.0,True,False,2026-06-15,59.0,paid
INV-09226,B171,2026-03-18,2026-04-17,307000.0,False,False,2026-05-06,19.0,paid
INV-09036,B168,2026-03-18,2026-05-02,91500.0,False,False,2026-05-20,18.0,paid
INV-11536,B207,2026-03-18,2026-04-17,42500.0,False,True,2026-05-06,19.0,paid
INV-02913,B055,2026-03-18,2026-04-17,27000.0,False,False,2026-05-18,31.0,paid
INV-06547,B118,2026-03-18,2026-04-17,25900.0,False,False,2026-05-24,37.0,paid
INV-09442,B174,2026-03-18,2026-04-17,33100.0,False,False,2026-04-25,8.0,paid
INV-03505,B067,2026-03-18,2026-04-17,93300.0,False,False,2026-04-17,0.0,paid
INV-04282,B081,2026-03-18,2026-04-17,14400.0,False,False,2026-05-23,36.0,paid
INV-09607,B176,2026-03-19,2026-05-03,7300.0,False,False,2026-05-23,20.0,paid
INV-02836,B054,2026-03-19,2026-04-18,12100.0,False,False,2026-04-09,-9.0,paid
INV-03021,B056,2026-03-19,2026-05-03,113400.0,False,True,2026-05-31,28.0,paid
INV-11277,B203,2026-03-19,2026-04-18,8800.0,False,False,2026-05-07,19.0,paid
INV-11276,B203,2026-03-19,2026-04-18,7300.0,True,False,2026-06-20,63.0,paid
INV-10585,B190,2026-03-19,2026-05-03,120700.0,False,False,2026-06-08,36.0,paid
INV-12167,B218,2026-03-19,2026-05-03,75000.0,True,False,2026-07-08,66.0,paid
INV-00392,B007,2026-03-19,2026-04-18,175100.0,False,False,2026-05-06,18.0,paid
INV-11896,B212,2026-03-19,2026-05-03,181300.0,False,False,2026-06-15,43.0,paid
INV-09548,B175,2026-03-19,2026-04-18,97700.0,False,True,2026-04-19,1.0,paid
INV-11127,B200,2026-03-19,2026-04-18,15200.0,False,False,2026-04-25,7.0,paid
INV-07934,B145,2026-03-19,2026-05-03,6000.0,False,False,2026-04-23,-10.0,paid
INV-10304,B186,2026-03-19,2026-05-03,149000.0,False,False,2026-05-22,19.0,paid
INV-03346,B065,2026-03-19,2026-04-18,225300.0,False,False,2026-04-30,12.0,paid
INV-10191,B185,2026-03-19,2026-05-03,117200.0,False,False,2026-06-11,39.0,paid
INV-03982,B075,2026-03-19,2026-05-03,47900.0,False,False,2026-05-19,16.0,paid
INV-11128,B200,2026-03-19,2026-04-18,13600.0,False,False,2026-05-01,13.0,paid
INV-00861,B016,2026-03-20,2026-05-04,27900.0,False,False,2026-05-08,4.0,paid
INV-08006,B147,2026-03-20,2026-04-19,19700.0,False,False,2026-04-29,10.0,paid
INV-01407,B024,2026-03-20,2026-04-19,242700.0,False,False,2026-05-17,28.0,paid
INV-04283,B081,2026-03-20,2026-04-19,16900.0,False,True,2026-05-26,37.0,paid
INV-09443,B174,2026-03-20,2026-04-19,24600.0,False,False,2026-04-09,-10.0,paid
INV-01850,B034,2026-03-20,2026-05-04,130800.0,False,True,2026-05-22,18.0,paid
INV-08826,B165,2026-03-20,2026-04-19,12800.0,False,False,2026-04-13,-6.0,paid
INV-07179,B134,2026-03-20,2026-05-04,28000.0,True,False,2026-06-20,47.0,paid
INV-05773,B101,2026-03-20,2026-05-04,38600.0,False,False,2026-05-30,26.0,paid
INV-11897,B212,2026-03-21,2026-05-05,96900.0,False,True,2026-06-07,33.0,paid
INV-05373,B097,2026-03-21,2026-04-20,65800.0,False,False,2026-04-30,10.0,paid
INV-11129,B200,2026-03-21,2026-04-20,15000.0,False,False,2026-04-27,7.0,paid
INV-04785,B088,2026-03-21,2026-04-20,16200.0,False,False,2026-04-10,-10.0,paid
INV-07557,B140,2026-03-21,2026-05-05,9800.0,False,False,2026-06-14,40.0,paid
INV-05251,B096,2026-03-21,2026-05-05,81800.0,True,False,2026-07-13,69.0,paid
INV-02545,B049,2026-03-21,2026-05-05,29600.0,False,False,2026-04-27,-8.0,paid
INV-10058,B183,2026-03-21,2026-05-05,123600.0,False,False,2026-06-12,38.0,paid
INV-04345,B083,2026-03-21,2026-05-05,69200.0,True,False,2026-06-18,44.0,paid
INV-07951,B146,2026-03-21,2026-04-20,75400.0,False,False,2026-05-09,19.0,paid
INV-08151,B150,2026-03-22,2026-05-06,81900.0,False,False,2026-05-24,18.0,paid
INV-00039,B000,2026-03-22,2026-05-06,19500.0,False,False,2026-05-12,6.0,paid
INV-08627,B161,2026-03-22,2026-04-21,84300.0,False,False,2026-04-27,6.0,paid
INV-00393,B007,2026-03-22,2026-04-21,128400.0,False,False,2026-05-10,19.0,paid
INV-08789,B164,2026-03-22,2026-05-06,14400.0,False,False,2026-05-24,18.0,paid
INV-07281,B136,2026-03-22,2026-04-21,107100.0,False,False,2026-04-24,3.0,paid
INV-05374,B097,2026-03-22,2026-04-21,72100.0,False,False,2026-04-24,3.0,paid
INV-07724,B143,2026-03-22,2026-05-06,36300.0,False,False,2026-05-17,11.0,paid
INV-07411,B138,2026-03-22,2026-04-21,19300.0,False,False,2026-04-29,8.0,paid
INV-07723,B143,2026-03-22,2026-05-06,24300.0,False,False,2026-05-11,5.0,paid
INV-05252,B096,2026-03-23,2026-05-07,139700.0,False,True,2026-06-23,47.0,paid
INV-10059,B183,2026-03-24,2026-05-08,115700.0,False,False,2026-06-18,41.0,paid
INV-04918,B090,2026-03-24,2026-05-08,104900.0,False,False,2026-05-08,0.0,paid
INV-03054,B057,2026-03-24,2026-04-23,112600.0,False,False,2026-04-17,-6.0,paid
INV-07180,B134,2026-03-24,2026-05-08,87200.0,False,False,2026-06-13,36.0,paid
INV-02583,B050,2026-03-25,2026-04-24,21000.0,False,False,2026-05-17,23.0,paid
INV-07558,B140,2026-03-25,2026-05-09,7500.0,False,False,2026-06-16,38.0,paid
INV-01769,B031,2026-03-25,2026-04-24,31300.0,False,False,2026-05-04,10.0,paid
INV-03022,B056,2026-03-25,2026-05-09,163800.0,False,False,2026-05-31,22.0,paid
INV-05120,B094,2026-03-25,2026-05-09,32500.0,False,False,2026-05-03,-6.0,paid
INV-05990,B104,2026-03-25,2026-04-24,56400.0,False,False,2026-04-27,3.0,paid
INV-03733,B070,2026-03-25,2026-05-09,57500.0,False,False,2026-05-15,6.0,paid
INV-03839,B072,2026-03-25,2026-04-24,45700.0,False,False,2026-08-25,123.0,paid
INV-08901,B167,2026-03-25,2026-04-24,19900.0,False,True,2026-05-14,20.0,paid
INV-08749,B163,2026-03-25,2026-04-24,26500.0,True,False,2026-06-16,53.0,paid
INV-00394,B007,2026-03-25,2026-04-24,212600.0,False,False,2026-05-10,16.0,paid
INV-01489,B025,2026-03-25,2026-05-09,20300.0,False,True,,,open
INV-03611,B068,2026-03-25,2026-04-24,105400.0,False,False,2026-04-14,-10.0,paid
INV-10391,B187,2026-03-26,2026-04-25,140700.0,True,False,2026-06-22,58.0,paid
INV-09140,B169,2026-03-26,2026-04-25,89100.0,True,False,2026-06-10,46.0,paid
INV-00808,B015,2026-03-26,2026-04-25,71600.0,False,False,2026-04-25,0.0,paid
INV-06445,B115,2026-03-26,2026-05-10,25800.0,False,False,,,open
INV-01770,B031,2026-03-26,2026-04-25,11800.0,False,False,2026-04-24,-1.0,paid
INV-03506,B067,2026-03-26,2026-04-25,117000.0,False,True,2026-04-26,1.0,paid
INV-01851,B034,2026-03-26,2026-05-10,403400.0,False,False,2026-05-26,16.0,paid
INV-03681,B069,2026-03-26,2026-04-25,57900.0,False,False,2026-05-23,28.0,paid
INV-05076,B093,2026-03-27,2026-05-11,30000.0,False,True,2026-05-29,18.0,paid
INV-11130,B200,2026-03-27,2026-04-26,13700.0,False,False,2026-05-02,6.0,paid
INV-11898,B212,2026-03-27,2026-05-11,70700.0,False,False,2026-06-13,33.0,paid
INV-08007,B147,2026-03-27,2026-04-26,21000.0,False,False,2026-05-10,14.0,paid
INV-02331,B043,2026-03-27,2026-05-11,23900.0,False,True,2026-06-19,39.0,paid
INV-10108,B184,2026-03-27,2026-04-26,74600.0,False,False,2026-05-10,14.0,paid
INV-05991,B104,2026-03-27,2026-04-26,64300.0,True,False,2026-06-02,37.0,paid
INV-08628,B161,2026-03-27,2026-04-26,89800.0,False,False,2026-05-05,9.0,paid
INV-11039,B199,2026-03-27,2026-05-11,11600.0,False,False,2026-05-02,-9.0,paid
INV-01490,B025,2026-03-27,2026-05-11,21300.0,False,False,2026-06-10,30.0,paid
INV-05183,B095,2026-03-27,2026-05-11,19600.0,False,False,2026-05-17,6.0,paid
INV-11537,B207,2026-03-27,2026-04-26,25100.0,False,False,2026-04-23,-3.0,paid
INV-04310,B082,2026-03-27,2026-05-11,58200.0,False,True,2026-06-02,22.0,paid
INV-09818,B180,2026-03-27,2026-04-26,4000.0,False,False,2026-05-20,24.0,paid
INV-02680,B051,2026-03-28,2026-04-27,44400.0,False,False,2026-05-10,13.0,paid
INV-00862,B016,2026-03-28,2026-05-12,46500.0,False,False,2026-05-29,17.0,paid
INV-10060,B183,2026-03-28,2026-05-12,181000.0,False,False,2026-06-19,38.0,paid
INV-08844,B166,2026-03-28,2026-04-27,46400.0,False,False,2026-04-23,-4.0,paid
INV-00540,B010,2026-03-28,2026-05-12,4700.0,False,False,2026-05-11,-1.0,paid
INV-08471,B159,2026-03-28,2026-05-12,47400.0,False,False,2026-05-24,12.0,paid
INV-07412,B138,2026-03-28,2026-04-27,21700.0,False,False,2026-04-24,-3.0,paid
INV-06270,B109,2026-03-28,2026-04-27,46900.0,False,False,2026-06-05,39.0,paid
INV-11899,B212,2026-03-28,2026-05-12,88900.0,False,False,2026-07-07,56.0,paid
INV-08750,B163,2026-03-29,2026-04-28,93000.0,True,True,2026-07-08,71.0,paid
INV-06902,B127,2026-03-29,2026-04-28,59600.0,False,False,2026-05-21,23.0,paid
INV-02158,B039,2026-03-29,2026-05-13,13300.0,False,False,2026-05-14,1.0,paid
INV-04064,B076,2026-03-29,2026-05-13,34600.0,False,False,2026-06-03,21.0,paid
INV-08495,B160,2026-03-29,2026-04-28,471600.0,False,False,2026-05-13,15.0,paid
INV-06271,B109,2026-03-29,2026-04-28,61800.0,False,False,2026-05-24,26.0,paid
INV-07725,B143,2026-03-29,2026-05-13,27900.0,False,False,2026-05-20,7.0,paid
INV-03347,B065,2026-03-30,2026-04-29,70900.0,False,True,2026-05-08,9.0,paid
INV-10834,B195,2026-03-30,2026-04-29,8100.0,False,False,2026-05-25,26.0,paid
INV-10305,B186,2026-03-30,2026-05-14,171700.0,False,False,2026-05-27,13.0,paid
INV-06699,B120,2026-03-30,2026-05-14,25100.0,True,False,2026-06-28,45.0,paid
INV-00736,B014,2026-03-30,2026-04-29,111600.0,False,False,2026-05-08,9.0,paid
INV-05375,B097,2026-03-30,2026-04-29,37000.0,False,True,2026-05-13,14.0,paid
INV-10609,B191,2026-03-30,2026-04-29,44100.0,False,False,,,open
INV-09549,B175,2026-03-30,2026-04-29,82300.0,False,False,2026-04-30,1.0,paid
INV-09727,B178,2026-03-30,2026-04-29,52100.0,False,False,2026-05-09,10.0,paid
INV-10610,B191,2026-03-30,2026-04-29,33000.0,False,False,2026-05-10,11.0,paid
INV-11900,B212,2026-03-30,2026-05-14,83500.0,False,False,2026-06-16,33.0,paid
INV-00735,B014,2026-03-30,2026-04-29,49600.0,False,False,2026-05-10,11.0,paid
INV-11278,B203,2026-03-31,2026-04-30,5700.0,False,False,2026-05-30,30.0,paid
INV-11538,B207,2026-03-31,2026-04-30,35400.0,False,False,2026-05-04,4.0,paid
INV-03881,B073,2026-03-31,2026-05-15,176200.0,False,False,2026-07-13,59.0,paid
INV-10510,B189,2026-03-31,2026-05-15,44300.0,False,False,2026-05-30,15.0,paid
INV-10192,B185,2026-03-31,2026-05-15,284100.0,False,False,2026-06-27,43.0,paid
INV-00809,B015,2026-03-31,2026-04-30,105600.0,False,False,2026-05-05,5.0,paid
INV-04573,B086,2026-03-31,2026-05-15,406600.0,False,False,2026-05-09,-6.0,paid
INV-10061,B183,2026-03-31,2026-05-15,174500.0,False,False,2026-06-21,37.0,paid
INV-04448,B085,2026-03-31,2026-04-30,39500.0,False,False,2026-05-10,10.0,paid
INV-12168,B218,2026-03-31,2026-05-15,57800.0,False,False,2026-07-06,52.0,paid
INV-01006,B018,2026-03-31,2026-04-30,18000.0,False,False,2026-05-28,28.0,paid
INV-09608,B176,2026-03-31,2026-05-15,18700.0,False,False,2026-06-09,25.0,paid
INV-09227,B171,2026-03-31,2026-04-30,229800.0,False,True,2026-05-20,20.0,paid
INV-11338,B204,2026-03-31,2026-04-30,87600.0,False,False,2026-05-11,11.0,paid
INV-05253,B096,2026-04-01,2026-05-16,22000.0,False,True,2026-06-22,37.0,paid
INV-08180,B151,2026-04-01,2026-05-16,107600.0,False,False,2026-06-02,17.0,paid
INV-05376,B097,2026-04-01,2026-05-01,45500.0,False,False,2026-05-14,13.0,paid
INV-06548,B118,2026-04-01,2026-05-01,6800.0,False,False,2026-05-26,25.0,paid
INV-05992,B104,2026-04-01,2026-05-01,70800.0,False,False,2026-04-21,-10.0,paid
INV-03840,B072,2026-04-01,2026-05-01,28800.0,False,False,2026-05-08,7.0,paid
INV-10926,B197,2026-04-01,2026-05-16,53500.0,False,False,2026-05-23,7.0,paid
INV-08902,B167,2026-04-02,2026-05-02,40000.0,True,True,2026-07-03,62.0,paid
INV-03198,B061,2026-04-02,2026-05-02,47200.0,False,False,2026-04-22,-10.0,paid
INV-03682,B069,2026-04-02,2026-05-02,51600.0,False,False,2026-06-01,30.0,paid
INV-03095,B058,2026-04-02,2026-05-17,50000.0,False,False,2026-06-17,31.0,paid
INV-10193,B185,2026-04-02,2026-05-17,242900.0,False,False,2026-06-29,43.0,paid
INV-03094,B058,2026-04-02,2026-05-17,162500.0,False,False,2026-06-11,25.0,paid
INV-01007,B018,2026-04-02,2026-05-02,10200.0,False,False,2026-06-08,37.0,paid
INV-01225,B021,2026-04-02,2026-05-17,10900.0,False,False,2026-05-17,0.0,paid
INV-03841,B072,2026-04-02,2026-05-02,45300.0,False,False,2026-05-20,18.0,paid
INV-02332,B043,2026-04-02,2026-05-17,21000.0,False,False,2026-06-22,36.0,paid
INV-06222,B108,2026-04-02,2026-05-02,23400.0,False,False,2026-05-09,7.0,paid
INV-02768,B053,2026-04-02,2026-05-02,47200.0,False,False,2026-04-28,-4.0,paid
INV-01408,B024,2026-04-02,2026-05-02,136900.0,False,False,2026-05-18,16.0,paid
INV-07348,B137,2026-04-03,2026-05-18,266100.0,False,False,2026-06-01,14.0,paid
INV-02060,B038,2026-04-03,2026-05-03,37100.0,False,False,2026-05-19,16.0,paid
INV-08370,B157,2026-04-03,2026-05-03,22400.0,False,False,2026-05-14,11.0,paid
INV-03763,B071,2026-04-03,2026-05-03,44200.0,False,False,2026-04-29,-4.0,paid
INV-11040,B199,2026-04-03,2026-05-18,13300.0,False,False,2026-05-19,1.0,paid
INV-04152,B078,2026-04-03,2026-05-03,25600.0,False,False,2026-05-11,8.0,paid
INV-05377,B097,2026-04-03,2026-05-03,35400.0,False,False,2026-05-03,0.0,paid
INV-06223,B108,2026-04-03,2026-05-03,11800.0,False,False,2026-05-12,9.0,paid
INV-09845,B181,2026-04-04,2026-05-19,83700.0,False,False,2026-05-31,12.0,paid
INV-02914,B055,2026-04-04,2026-05-04,28700.0,False,False,2026-05-21,17.0,paid
INV-05184,B095,2026-04-04,2026-05-19,54600.0,False,False,2026-06-02,14.0,paid
INV-00395,B007,2026-04-04,2026-05-04,72500.0,False,False,2026-05-12,8.0,paid
INV-06134,B107,2026-04-04,2026-05-19,50000.0,True,False,2026-07-11,53.0,paid
INV-06700,B120,2026-04-04,2026-05-19,74900.0,False,False,2026-05-29,10.0,paid
INV-01587,B028,2026-04-04,2026-05-19,10300.0,False,False,2026-06-22,34.0,paid
INV-12169,B218,2026-04-04,2026-05-19,39400.0,False,False,2026-06-28,40.0,paid
INV-03612,B068,2026-04-04,2026-05-04,63300.0,False,False,2026-04-24,-10.0,paid
INV-10194,B185,2026-04-04,2026-05-19,545100.0,False,False,2026-07-07,49.0,paid
INV-07087,B132,2026-04-04,2026-05-19,44700.0,False,False,2026-05-16,-3.0,paid
INV-06990,B130,2026-04-04,2026-05-04,25100.0,False,False,2026-04-29,-5.0,paid
INV-03096,B058,2026-04-04,2026-05-19,183800.0,False,False,2026-06-26,38.0,paid
INV-03097,B058,2026-04-04,2026-05-19,75400.0,False,False,2026-06-04,16.0,paid
INV-00584,B011,2026-04-05,2026-05-20,32600.0,False,False,2026-06-14,25.0,paid
INV-05254,B096,2026-04-05,2026-05-20,33300.0,False,False,2026-06-21,32.0,paid
INV-03023,B056,2026-04-05,2026-05-20,73400.0,False,False,2026-06-03,14.0,paid
INV-06502,B117,2026-04-05,2026-05-05,63500.0,False,False,2026-05-17,12.0,paid
INV-03613,B068,2026-04-05,2026-05-05,77400.0,False,True,2026-05-11,6.0,paid
INV-10667,B192,2026-04-05,2026-05-20,5500.0,False,False,2026-05-10,-10.0,paid
INV-09037,B168,2026-04-05,2026-05-20,218900.0,False,False,2026-06-23,34.0,paid
INV-06958,B129,2026-04-05,2026-05-20,85100.0,True,False,2026-06-15,26.0,paid
INV-11471,B206,2026-04-05,2026-05-20,32900.0,False,False,2026-05-28,8.0,paid
INV-11041,B199,2026-04-05,2026-05-20,9200.0,False,False,2026-05-13,-7.0,paid
INV-00148,B002,2026-04-05,2026-05-05,50700.0,False,True,2026-05-26,21.0,paid
INV-05378,B097,2026-04-06,2026-05-06,69400.0,False,False,2026-05-09,3.0,paid
INV-09285,B172,2026-04-06,2026-05-21,26800.0,False,False,2026-06-05,15.0,paid
INV-03507,B067,2026-04-06,2026-05-06,39700.0,False,False,2026-05-03,-3.0,paid
INV-05658,B100,2026-04-06,2026-05-06,69400.0,False,False,2026-05-23,17.0,paid
INV-09550,B175,2026-04-06,2026-05-06,72200.0,False,False,2026-05-04,-2.0,paid
INV-09038,B168,2026-04-06,2026-05-21,90200.0,False,False,2026-05-31,10.0,paid
INV-11901,B212,2026-04-06,2026-05-21,74800.0,False,False,2026-06-23,33.0,paid
INV-10456,B188,2026-04-06,2026-05-06,17000.0,False,False,2026-05-12,6.0,paid
INV-06701,B120,2026-04-07,2026-05-22,41200.0,False,False,2026-05-30,8.0,paid
INV-00665,B013,2026-04-07,2026-05-22,5100.0,False,False,2026-05-29,7.0,paid
INV-01278,B022,2026-04-07,2026-05-07,17600.0,False,False,2026-06-15,39.0,paid
INV-07129,B133,2026-04-07,2026-05-07,33300.0,False,False,2026-05-17,10.0,paid
INV-03882,B073,2026-04-07,2026-05-22,125800.0,False,False,2026-07-13,52.0,paid
INV-09195,B170,2026-04-07,2026-05-22,13400.0,False,False,2026-06-19,28.0,paid
INV-00737,B014,2026-04-07,2026-05-07,113100.0,False,False,2026-05-21,14.0,paid
INV-11902,B212,2026-04-07,2026-05-22,97600.0,False,False,2026-06-27,36.0,paid
INV-03842,B072,2026-04-07,2026-05-07,9000.0,False,False,2026-05-11,4.0,paid
INV-10759,B194,2026-04-07,2026-05-22,120800.0,False,False,2026-06-10,19.0,paid
INV-01409,B024,2026-04-07,2026-05-07,127900.0,False,False,2026-05-21,14.0,paid
INV-03764,B071,2026-04-07,2026-05-07,39700.0,False,False,2026-05-16,9.0,paid
INV-04786,B088,2026-04-07,2026-05-07,44100.0,False,False,2026-04-27,-10.0,paid
INV-07248,B135,2026-04-07,2026-05-22,13300.0,False,False,2026-06-07,16.0,paid
INV-02837,B054,2026-04-08,2026-05-08,15800.0,False,False,2026-04-28,-10.0,paid
INV-04955,B091,2026-04-08,2026-05-08,6900.0,False,False,2026-05-20,12.0,paid
INV-07516,B139,2026-04-08,2026-05-08,70900.0,False,False,2026-05-23,15.0,paid
INV-01008,B018,2026-04-08,2026-05-08,59600.0,False,False,2026-06-18,41.0,paid
INV-10586,B190,2026-04-08,2026-05-23,151200.0,False,True,2026-07-11,49.0,paid
INV-02517,B048,2026-04-08,2026-05-23,66600.0,False,False,2026-06-07,15.0,paid
INV-02422,B046,2026-04-08,2026-05-23,18700.0,False,False,2026-05-29,6.0,paid
INV-04574,B086,2026-04-08,2026-05-23,214600.0,False,False,2026-05-28,5.0,paid
INV-04065,B076,2026-04-09,2026-05-24,42000.0,False,False,2026-06-07,14.0,paid
INV-01410,B024,2026-04-09,2026-05-09,113500.0,False,False,2026-05-27,18.0,paid
INV-11539,B207,2026-04-09,2026-05-09,39600.0,False,False,2026-05-18,9.0,paid
INV-01491,B025,2026-04-09,2026-05-24,10800.0,False,False,2026-06-08,15.0,paid
INV-11903,B212,2026-04-09,2026-05-24,47000.0,False,False,2026-07-06,43.0,paid
INV-09039,B168,2026-04-09,2026-05-24,36700.0,False,False,2026-06-13,20.0,paid
INV-00149,B002,2026-04-09,2026-05-09,108500.0,True,False,2026-05-27,18.0,paid
INV-08629,B161,2026-04-09,2026-05-09,100000.0,False,False,2026-05-24,15.0,paid
INV-11692,B211,2026-04-09,2026-05-24,75700.0,False,False,2026-07-07,44.0,paid
INV-04861,B089,2026-04-09,2026-05-09,58700.0,False,False,2026-05-13,4.0,paid
INV-05855,B103,2026-04-09,2026-05-24,26500.0,False,True,2026-06-10,17.0,paid
INV-09551,B175,2026-04-10,2026-05-10,83100.0,False,True,2026-05-11,1.0,paid
INV-11472,B206,2026-04-10,2026-05-25,41400.0,False,True,2026-06-15,21.0,paid
INV-10668,B192,2026-04-10,2026-05-25,12000.0,False,False,2026-05-15,-10.0,paid
INV-02584,B050,2026-04-10,2026-05-10,104600.0,False,True,2026-07-02,53.0,paid
INV-11339,B204,2026-04-10,2026-05-10,377600.0,False,False,2026-05-26,16.0,paid
INV-00354,B006,2026-04-10,2026-05-25,197100.0,False,False,2026-06-16,22.0,paid
INV-11042,B199,2026-04-10,2026-05-25,7700.0,False,False,2026-05-15,-10.0,paid
INV-01654,B029,2026-04-10,2026-05-25,45100.0,False,False,2026-07-19,55.0,paid
INV-08751,B163,2026-04-10,2026-05-10,45400.0,False,True,2026-05-28,18.0,paid
INV-10306,B186,2026-04-11,2026-05-26,82700.0,False,False,2026-05-29,3.0,paid
INV-06784,B122,2026-04-11,2026-05-26,14700.0,False,False,2026-05-18,-8.0,paid
INV-05379,B097,2026-04-11,2026-05-11,31100.0,False,False,2026-05-04,-7.0,paid
INV-10195,B185,2026-04-11,2026-05-26,144600.0,False,False,2026-07-15,50.0,paid
INV-01178,B020,2026-04-11,2026-05-11,126900.0,False,False,2026-06-02,22.0,paid
INV-03734,B070,2026-04-11,2026-05-26,273400.0,False,False,2026-06-11,16.0,paid
INV-10457,B188,2026-04-11,2026-05-11,29000.0,False,False,2026-06-04,24.0,paid
INV-01009,B018,2026-04-11,2026-05-11,24400.0,False,False,2026-06-17,37.0,paid
INV-01492,B025,2026-04-11,2026-05-26,17100.0,False,False,2026-06-18,23.0,paid
INV-05121,B094,2026-04-11,2026-05-26,51400.0,False,False,2026-05-20,-6.0,paid
INV-03683,B069,2026-04-12,2026-05-12,67900.0,False,False,2026-06-17,36.0,paid
INV-05077,B093,2026-04-12,2026-05-27,47700.0,False,False,2026-06-11,15.0,paid
INV-08316,B156,2026-04-12,2026-05-12,13400.0,False,False,2026-06-04,23.0,paid
INV-07181,B134,2026-04-12,2026-05-27,33200.0,False,True,2026-06-29,33.0,paid
INV-09286,B172,2026-04-12,2026-05-27,27300.0,False,True,,,open
INV-11340,B204,2026-04-12,2026-05-12,196100.0,False,False,2026-05-27,15.0,paid
INV-01010,B018,2026-04-12,2026-05-12,8400.0,False,False,2026-06-17,36.0,paid
INV-07088,B132,2026-04-12,2026-05-27,17400.0,False,True,2026-05-28,1.0,paid
INV-03508,B067,2026-04-12,2026-05-12,89200.0,False,False,2026-05-02,-10.0,paid
INV-06480,B116,2026-04-12,2026-05-27,113100.0,False,False,2026-06-07,11.0,paid
INV-09609,B176,2026-04-12,2026-05-27,12400.0,False,False,2026-06-23,27.0,paid
INV-02371,B045,2026-04-12,2026-05-27,20900.0,False,False,2026-06-12,16.0,paid
INV-00541,B010,2026-04-13,2026-05-28,9400.0,False,False,2026-05-28,0.0,paid
INV-02423,B046,2026-04-13,2026-05-28,12100.0,False,False,2026-06-09,12.0,paid
INV-12046,B216,2026-04-13,2026-05-28,16100.0,True,False,2026-07-15,48.0,paid
INV-01655,B029,2026-04-13,2026-05-28,40900.0,False,False,2026-07-19,52.0,paid
INV-01411,B024,2026-04-13,2026-05-13,478400.0,False,False,2026-06-30,48.0,paid
INV-07726,B143,2026-04-13,2026-05-28,15900.0,False,False,2026-06-01,4.0,paid
INV-07089,B132,2026-04-14,2026-05-29,64500.0,False,False,2026-05-31,2.0,paid
INV-02159,B039,2026-04-14,2026-05-29,21400.0,False,False,2026-06-14,16.0,paid
INV-09326,B173,2026-04-14,2026-05-29,82600.0,False,False,2026-06-11,13.0,paid
INV-08084,B148,2026-04-14,2026-05-14,6500.0,False,True,2026-06-02,19.0,paid
INV-09610,B176,2026-04-14,2026-05-29,9800.0,False,False,2026-07-11,43.0,paid
INV-12170,B218,2026-04-14,2026-05-29,70000.0,False,False,2026-07-01,33.0,paid
INV-00666,B013,2026-04-14,2026-05-29,8900.0,False,False,2026-06-29,31.0,paid
INV-09846,B181,2026-04-14,2026-05-29,121500.0,False,False,2026-06-13,15.0,paid
INV-07727,B143,2026-04-14,2026-05-29,21100.0,False,False,2026-06-06,8.0,paid
INV-10669,B192,2026-04-14,2026-05-29,25000.0,False,False,2026-05-19,-10.0,paid
INV-09940,B182,2026-04-15,2026-05-15,92800.0,False,False,2026-05-25,10.0,paid
INV-05380,B097,2026-04-15,2026-05-15,61700.0,True,False,2026-06-05,21.0,paid
INV-04787,B088,2026-04-15,2026-05-15,29200.0,False,False,2026-05-11,-4.0,paid
INV-04153,B078,2026-04-15,2026-05-15,22000.0,True,False,2026-06-30,46.0,paid
INV-11181,B201,2026-04-15,2026-05-30,15000.0,False,False,2026-07-01,32.0,paid
INV-05993,B104,2026-04-15,2026-05-15,78500.0,False,False,2026-05-14,-1.0,paid
INV-06272,B109,2026-04-15,2026-05-15,32000.0,False,False,2026-06-19,35.0,paid
INV-04067,B076,2026-04-15,2026-05-30,82400.0,True,False,2026-08-04,66.0,paid
INV-03231,B062,2026-04-15,2026-05-30,9100.0,False,False,2026-07-07,38.0,paid
INV-09847,B181,2026-04-15,2026-05-30,65500.0,False,False,2026-06-12,13.0,paid
INV-04066,B076,2026-04-15,2026-05-30,83600.0,False,False,2026-06-25,26.0,paid
INV-04862,B089,2026-04-15,2026-05-15,32200.0,False,False,2026-05-15,0.0,paid
INV-02254,B041,2026-04-15,2026-05-30,50200.0,False,False,2026-06-14,15.0,paid
INV-10196,B185,2026-04-15,2026-05-30,101500.0,False,False,2026-07-01,32.0,paid
INV-08085,B148,2026-04-15,2026-05-15,8100.0,False,False,2026-05-31,16.0,paid
INV-08827,B165,2026-04-16,2026-05-16,9300.0,False,False,2026-05-10,-6.0,paid
INV-01998,B037,2026-04-16,2026-05-31,184400.0,False,False,2026-07-15,45.0,paid
INV-03509,B067,2026-04-16,2026-05-16,64700.0,False,False,2026-05-13,-3.0,paid
INV-00301,B005,2026-04-16,2026-05-16,56900.0,True,False,2026-06-24,39.0,paid
INV-03765,B071,2026-04-16,2026-05-16,14600.0,False,False,2026-05-15,-1.0,paid
INV-01931,B036,2026-04-16,2026-05-31,58600.0,False,False,2026-06-16,16.0,paid
INV-01725,B030,2026-04-16,2026-05-16,52300.0,True,False,2026-05-31,15.0,paid
INV-01011,B018,2026-04-16,2026-05-16,24000.0,False,False,2026-06-30,45.0,paid
INV-11131,B200,2026-04-16,2026-05-16,34600.0,False,False,2026-06-06,21.0,paid
INV-04068,B076,2026-04-16,2026-05-31,106600.0,False,False,2026-06-18,18.0,paid
INV-06549,B118,2026-04-16,2026-05-16,3200.0,False,False,2026-06-17,32.0,paid
INV-11904,B212,2026-04-16,2026-05-31,52900.0,False,True,2026-06-23,23.0,paid
INV-11341,B204,2026-04-16,2026-05-16,58800.0,False,False,2026-06-01,16.0,paid
INV-08845,B166,2026-04-17,2026-05-17,116400.0,False,False,2026-05-24,7.0,paid
INV-07866,B144,2026-04-17,2026-05-17,45400.0,False,False,2026-05-07,-10.0,paid
INV-04284,B081,2026-04-17,2026-05-17,30000.0,False,True,2026-07-02,46.0,paid
INV-02769,B053,2026-04-17,2026-05-17,39700.0,False,False,2026-05-18,1.0,paid
INV-00150,B002,2026-04-17,2026-05-17,106100.0,False,False,2026-05-21,4.0,paid
INV-08790,B164,2026-04-17,2026-06-01,10500.0,False,False,2026-05-29,-3.0,paid
INV-10760,B194,2026-04-17,2026-06-01,82100.0,False,False,2026-06-02,1.0,paid
INV-06481,B116,2026-04-17,2026-06-01,73300.0,False,False,2026-06-17,16.0,paid
INV-02681,B051,2026-04-17,2026-05-17,100700.0,False,False,2026-05-29,12.0,paid
INV-01523,B026,2026-04-17,2026-06-01,79900.0,False,False,2026-08-04,64.0,paid
INV-03684,B069,2026-04-17,2026-05-17,109800.0,True,False,2026-07-09,53.0,paid
INV-07935,B145,2026-04-18,2026-06-02,26500.0,False,False,2026-06-01,-1.0,paid
INV-10611,B191,2026-04-18,2026-05-18,78600.0,False,False,2026-06-13,26.0,paid
INV-05185,B095,2026-04-18,2026-06-02,42200.0,False,False,2026-06-17,15.0,paid
INV-03300,B064,2026-04-18,2026-06-02,239300.0,False,False,2026-06-16,14.0,paid
INV-11905,B212,2026-04-18,2026-06-02,101100.0,False,False,2026-06-06,4.0,paid
INV-11540,B207,2026-04-18,2026-05-18,56600.0,False,False,2026-05-17,-1.0,paid
INV-03232,B062,2026-04-18,2026-06-02,11100.0,False,False,2026-07-10,38.0,paid
INV-06590,B119,2026-04-18,2026-05-18,60200.0,False,False,2026-05-08,-10.0,paid
INV-07249,B135,2026-04-18,2026-06-02,110700.0,False,False,2026-07-09,37.0,paid
INV-12047,B216,2026-04-18,2026-06-02,11700.0,False,False,2026-06-22,20.0,paid
INV-04788,B088,2026-04-18,2026-05-18,25900.0,False,False,2026-05-08,-10.0,paid
INV-01012,B018,2026-04-18,2026-05-18,22400.0,False,False,2026-06-25,38.0,paid
INV-10062,B183,2026-04-19,2026-06-03,198400.0,False,False,2026-07-08,35.0,paid
INV-09848,B181,2026-04-19,2026-06-03,54500.0,False,False,2026-06-16,13.0,paid
INV-07090,B132,2026-04-19,2026-06-03,62100.0,False,False,2026-06-04,1.0,paid
INV-10307,B186,2026-04-19,2026-06-03,88000.0,False,False,2026-06-15,12.0,paid
INV-11906,B212,2026-04-19,2026-06-03,76300.0,False,False,2026-06-14,11.0,paid
INV-02838,B054,2026-04-19,2026-05-19,10300.0,False,False,2026-05-23,4.0,paid
INV-02223,B040,2026-04-19,2026-05-19,75800.0,False,False,2026-05-15,-4.0,paid
INV-01013,B018,2026-04-20,2026-05-20,46100.0,False,False,2026-06-26,37.0,paid
INV-06550,B118,2026-04-20,2026-05-20,7000.0,False,False,2026-06-28,39.0,paid
INV-06067,B105,2026-04-20,2026-05-20,71100.0,False,False,2026-05-16,-4.0,paid
INV-00447,B008,2026-04-20,2026-06-04,23100.0,False,False,2026-09-29,117.0,paid
INV-04346,B083,2026-04-20,2026-06-04,40100.0,False,False,2026-06-24,20.0,paid
INV-08630,B161,2026-04-20,2026-05-20,79800.0,False,False,2026-06-09,20.0,paid
INV-01588,B028,2026-04-20,2026-06-04,7600.0,False,False,2026-07-10,36.0,paid
INV-08752,B163,2026-04-20,2026-05-20,77800.0,True,False,2026-07-04,45.0,paid
INV-03944,B074,2026-04-20,2026-05-20,8200.0,False,False,2026-05-31,11.0,paid
INV-11132,B200,2026-04-20,2026-05-20,27400.0,False,True,2026-06-18,29.0,paid
INV-02061,B038,2026-04-20,2026-05-20,57900.0,False,False,2026-06-04,15.0,paid
INV-02160,B039,2026-04-20,2026-06-04,19700.0,False,True,2026-09-27,115.0,paid
INV-05122,B094,2026-04-20,2026-06-04,21400.0,False,False,2026-05-28,-7.0,paid
INV-11043,B199,2026-04-20,2026-06-04,8500.0,False,False,2026-05-25,-10.0,paid
INV-01999,B037,2026-04-20,2026-06-04,138700.0,False,False,2026-07-06,32.0,paid
INV-10308,B186,2026-04-21,2026-06-05,96200.0,False,False,2026-06-23,18.0,paid
INV-01343,B023,2026-04-21,2026-06-05,12100.0,False,False,2026-06-17,12.0,paid
INV-11541,B207,2026-04-21,2026-05-21,37700.0,False,False,2026-05-27,6.0,paid
INV-09141,B169,2026-04-21,2026-05-21,87700.0,False,False,2026-06-07,17.0,paid
INV-11907,B212,2026-04-21,2026-06-05,73700.0,False,False,2026-06-07,2.0,paid
INV-04347,B083,2026-04-21,2026-06-05,53000.0,False,False,2026-07-09,34.0,paid
INV-04863,B089,2026-04-21,2026-05-21,64900.0,False,True,2026-05-23,2.0,paid
INV-00863,B016,2026-04-21,2026-06-05,41400.0,False,False,2026-06-16,11.0,paid
INV-05255,B096,2026-04-21,2026-06-05,63500.0,False,False,2026-07-13,38.0,paid
INV-06273,B109,2026-04-22,2026-05-22,33900.0,False,True,2026-06-18,27.0,paid
INV-07867,B144,2026-04-22,2026-05-22,54400.0,False,False,2026-06-01,10.0,paid
INV-08472,B159,2026-04-22,2026-06-06,96500.0,False,False,2026-06-28,22.0,paid
INV-08008,B147,2026-04-22,2026-05-22,12700.0,False,False,2026-06-11,20.0,paid
INV-08631,B161,2026-04-22,2026-05-22,107300.0,False,False,2026-05-26,4.0,paid
INV-10883,B196,2026-04-22,2026-05-22,34100.0,False,False,2026-06-23,32.0,paid
INV-01897,B035,2026-04-23,2026-06-07,41300.0,False,False,2026-06-19,12.0,paid
INV-04210,B080,2026-04-23,2026-05-23,92100.0,False,False,2026-05-31,8.0,paid
INV-01726,B030,2026-04-23,2026-05-23,148000.0,False,False,2026-05-27,4.0,paid
INV-05123,B094,2026-04-23,2026-06-07,21800.0,False,False,2026-06-05,-2.0,paid
INV-10728,B193,2026-04-23,2026-06-07,65300.0,False,False,2026-07-15,38.0,paid
INV-11649,B210,2026-04-23,2026-05-23,100900.0,False,False,2026-06-14,22.0,paid
INV-03883,B073,2026-04-23,2026-06-07,98500.0,False,False,2026-07-29,52.0,paid
INV-11908,B212,2026-04-23,2026-06-07,34600.0,False,False,2026-06-10,3.0,paid
INV-10309,B186,2026-04-23,2026-06-07,167400.0,False,False,2026-06-29,22.0,paid
INV-02470,B047,2026-04-23,2026-05-23,102600.0,False,True,2026-05-25,2.0,paid
INV-08632,B161,2026-04-23,2026-05-23,78300.0,False,False,2026-06-12,20.0,paid
INV-07728,B143,2026-04-23,2026-06-07,65500.0,False,False,2026-07-03,26.0,paid
INV-00151,B002,2026-04-23,2026-05-23,75500.0,False,False,2026-05-24,1.0,paid
INV-02000,B037,2026-04-23,2026-06-07,130500.0,False,False,2026-07-18,41.0,paid
INV-06903,B127,2026-04-23,2026-05-23,63200.0,False,False,2026-06-07,15.0,paid
INV-10392,B187,2026-04-23,2026-05-23,120200.0,False,False,2026-06-20,28.0,paid
INV-03945,B074,2026-04-23,2026-05-23,6700.0,True,True,2026-07-17,55.0,paid
INV-05381,B097,2026-04-24,2026-05-24,27500.0,False,False,2026-05-27,3.0,paid
INV-09941,B182,2026-04-24,2026-05-24,47500.0,False,False,2026-05-25,1.0,paid
INV-05994,B104,2026-04-24,2026-05-24,78600.0,False,False,2026-05-28,4.0,paid
INV-12171,B218,2026-04-24,2026-06-08,39400.0,False,False,2026-07-29,51.0,paid
INV-04154,B078,2026-04-24,2026-05-24,18600.0,False,False,2026-06-06,13.0,paid
INV-12048,B216,2026-04-24,2026-06-08,23300.0,False,True,2026-07-30,52.0,paid
INV-04348,B083,2026-04-24,2026-06-08,34700.0,False,False,2026-06-29,21.0,paid
INV-01898,B035,2026-04-24,2026-06-08,30400.0,False,False,2026-06-05,-3.0,paid
INV-02585,B050,2026-04-25,2026-05-25,41200.0,False,False,2026-06-16,22.0,paid
INV-00864,B016,2026-04-25,2026-06-09,62100.0,False,False,2026-07-11,32.0,paid
INV-07349,B137,2026-04-25,2026-06-09,76300.0,False,False,2026-06-14,5.0,paid
INV-00152,B002,2026-04-25,2026-05-25,114600.0,False,False,2026-05-15,-10.0,paid
INV-06959,B129,2026-04-25,2026-06-09,107800.0,False,False,2026-06-02,-7.0,paid
INV-06399,B114,2026-04-25,2026-06-09,6500.0,False,False,2026-06-18,9.0,paid
INV-11909,B212,2026-04-25,2026-06-09,64800.0,False,False,2026-06-08,-1.0,paid
INV-01344,B023,2026-04-25,2026-06-09,23900.0,False,False,2026-06-19,10.0,paid
INV-10612,B191,2026-04-25,2026-05-25,66200.0,False,False,2026-06-12,18.0,paid
INV-04391,B084,2026-04-25,2026-06-09,7300.0,False,False,2026-07-08,29.0,paid
INV-08086,B148,2026-04-25,2026-05-25,4600.0,False,True,2026-06-10,16.0,paid
INV-08753,B163,2026-04-25,2026-05-25,28500.0,False,False,2026-06-14,20.0,paid
INV-04919,B090,2026-04-25,2026-06-09,48200.0,True,False,2026-07-03,24.0,paid
INV-08633,B161,2026-04-25,2026-05-25,78500.0,False,False,2026-06-06,12.0,paid
INV-10835,B195,2026-04-25,2026-05-25,11800.0,False,False,2026-06-27,33.0,paid
INV-03983,B075,2026-04-25,2026-06-09,379700.0,False,False,2026-07-14,35.0,paid
INV-08473,B159,2026-04-26,2026-06-10,325700.0,False,False,2026-07-07,27.0,paid
INV-00485,B009,2026-04-26,2026-06-10,50700.0,False,False,2026-06-19,9.0,paid
INV-00234,B004,2026-04-26,2026-06-10,8800.0,False,False,2026-06-09,-1.0,paid
INV-12192,B219,2026-04-26,2026-05-26,3700.0,False,False,2026-05-16,-10.0,paid
INV-06886,B126,2026-04-26,2026-06-10,170500.0,True,False,2026-07-22,42.0,paid
INV-06224,B108,2026-04-26,2026-05-26,6900.0,False,True,2026-06-11,16.0,paid
INV-04285,B081,2026-04-26,2026-05-26,12800.0,False,True,2026-07-13,48.0,paid
INV-03132,B059,2026-04-26,2026-06-10,4300.0,False,False,2026-07-02,22.0,paid
INV-01345,B023,2026-04-26,2026-06-10,20300.0,False,False,2026-06-25,15.0,paid
INV-09849,B181,2026-04-27,2026-06-11,65500.0,False,False,2026-06-26,15.0,paid
INV-12173,B218,2026-04-27,2026-06-11,56600.0,False,False,2026-08-04,54.0,paid
INV-12172,B218,2026-04-27,2026-06-11,120000.0,True,False,2026-09-10,91.0,paid
INV-06225,B108,2026-04-27,2026-05-27,19300.0,False,False,,,open
INV-01899,B035,2026-04-27,2026-06-11,46300.0,False,False,2026-06-22,11.0,paid
INV-09774,B179,2026-04-27,2026-05-27,75600.0,False,False,2026-07-03,37.0,paid
INV-10670,B192,2026-04-27,2026-06-11,12400.0,False,False,2026-06-04,-7.0,paid
INV-04997,B092,2026-04-27,2026-06-11,18000.0,False,False,2026-06-08,-3.0,paid
INV-04211,B080,2026-04-27,2026-05-27,216500.0,False,False,2026-06-10,14.0,paid
INV-02915,B055,2026-04-27,2026-05-27,53200.0,False,False,2026-06-21,25.0,paid
INV-03024,B056,2026-04-27,2026-06-11,63400.0,False,False,2026-06-24,13.0,paid
INV-08828,B165,2026-04-27,2026-05-27,9500.0,False,True,2026-08-20,85.0,paid
INV-11133,B200,2026-04-27,2026-05-27,15700.0,False,False,2026-06-06,10.0,paid
INV-04920,B090,2026-04-27,2026-06-11,91800.0,False,False,2026-06-19,8.0,paid
INV-09819,B180,2026-04-27,2026-05-27,10400.0,False,False,2026-06-27,31.0,paid
INV-03614,B068,2026-04-27,2026-05-27,48000.0,False,False,2026-05-17,-10.0,paid
INV-03946,B074,2026-04-28,2026-05-28,15300.0,False,False,2026-05-29,1.0,paid
INV-11569,B208,2026-04-28,2026-05-28,68600.0,False,False,2026-07-08,41.0,paid
INV-08474,B159,2026-04-28,2026-06-12,127000.0,False,False,2026-07-07,25.0,paid
INV-00396,B007,2026-04-28,2026-05-28,87600.0,False,False,2026-06-11,14.0,paid
INV-08846,B166,2026-04-28,2026-05-28,108900.0,False,False,2026-06-15,18.0,paid
INV-05774,B101,2026-04-28,2026-06-12,45500.0,False,False,2026-07-13,31.0,paid
INV-08371,B157,2026-04-28,2026-05-28,21100.0,False,False,2026-06-18,21.0,paid
INV-09040,B168,2026-04-28,2026-06-12,114000.0,False,False,2026-07-05,23.0,paid
INV-02358,B044,2026-04-29,2026-05-29,108200.0,False,False,2026-06-25,27.0,paid
INV-11910,B212,2026-04-29,2026-06-13,36000.0,False,False,2026-06-12,-1.0,paid
INV-01548,B027,2026-04-29,2026-05-29,119000.0,False,True,2026-06-02,4.0,paid
INV-11134,B200,2026-04-29,2026-05-29,29900.0,False,False,2026-06-20,22.0,paid
INV-01825,B033,2026-04-29,2026-06-13,31300.0,False,False,2026-07-25,42.0,paid
INV-07598,B141,2026-04-29,2026-05-29,120600.0,False,False,2026-06-03,5.0,paid
INV-09820,B180,2026-04-29,2026-05-29,5800.0,False,False,2026-06-15,17.0,paid
INV-05078,B093,2026-04-29,2026-06-13,34800.0,False,False,2026-06-15,2.0,paid
INV-09327,B173,2026-04-29,2026-06-13,75900.0,False,False,2026-06-22,9.0,paid
INV-02839,B054,2026-04-29,2026-05-29,10000.0,False,False,2026-05-29,0.0,paid
INV-05819,B102,2026-04-30,2026-06-14,71700.0,False,False,2026-06-18,4.0,paid
INV-12174,B218,2026-04-30,2026-06-14,98400.0,False,False,2026-07-20,36.0,paid
INV-08152,B150,2026-04-30,2026-06-14,78000.0,False,False,2026-07-05,21.0,paid
INV-10671,B192,2026-04-30,2026-06-14,10900.0,False,True,2026-06-17,3.0,paid
INV-11911,B212,2026-04-30,2026-06-14,98100.0,False,False,2026-06-27,13.0,paid
INV-03268,B063,2026-04-30,2026-05-30,32500.0,False,False,2026-06-06,7.0,paid
INV-08754,B163,2026-04-30,2026-05-30,31100.0,True,False,2026-07-07,38.0,paid
INV-11650,B210,2026-04-30,2026-05-30,126000.0,False,False,,,open
INV-09041,B168,2026-04-30,2026-06-14,58100.0,False,False,2026-06-24,10.0,paid
INV-04575,B086,2026-04-30,2026-06-14,246400.0,False,False,2026-06-17,3.0,paid
INV-05995,B104,2026-04-30,2026-05-30,121000.0,False,False,2026-06-03,4.0,paid
INV-09552,B175,2026-05-01,2026-05-31,192900.0,False,False,2026-06-10,10.0,paid
INV-00397,B007,2026-05-01,2026-05-31,234100.0,False,False,2026-06-23,23.0,paid
INV-03615,B068,2026-05-01,2026-05-31,33500.0,False,True,2026-05-28,-3.0,paid
INV-10109,B184,2026-05-01,2026-05-31,47100.0,False,True,2026-06-16,16.0,paid
INV-04069,B076,2026-05-01,2026-06-15,42100.0,False,False,2026-06-25,10.0,paid
INV-11342,B204,2026-05-01,2026-05-31,142700.0,True,False,2026-07-18,48.0,paid
INV-08236,B154,2026-05-01,2026-06-15,53400.0,False,False,2026-06-23,8.0,paid
INV-00073,B001,2026-05-01,2026-06-15,32200.0,False,False,2026-06-29,14.0,paid
INV-01493,B025,2026-05-01,2026-06-15,10900.0,False,False,2026-07-16,31.0,paid
INV-11602,B209,2026-05-01,2026-06-15,58000.0,True,True,2026-08-08,54.0,paid
INV-05382,B097,2026-05-01,2026-05-31,27500.0,False,False,2026-05-29,-2.0,paid
INV-11044,B199,2026-05-01,2026-06-15,11600.0,False,False,2026-06-10,-5.0,paid
INV-04653,B087,2026-05-02,2026-06-16,37500.0,False,False,2026-06-23,7.0,paid
INV-02770,B053,2026-05-02,2026-06-01,125500.0,False,False,2026-06-08,7.0,paid
INV-05518,B099,2026-05-02,2026-06-01,64400.0,False,False,2026-06-13,12.0,paid
INV-05820,B102,2026-05-02,2026-06-16,19800.0,False,False,2026-06-06,-10.0,paid
INV-05383,B097,2026-05-02,2026-06-01,47600.0,False,False,2026-05-31,-1.0,paid
INV-07250,B135,2026-05-02,2026-06-16,44300.0,False,False,2026-07-18,32.0,paid
INV-05519,B099,2026-05-02,2026-06-01,60000.0,False,True,2026-06-26,25.0,paid
INV-00865,B016,2026-05-03,2026-06-17,35400.0,False,False,2026-06-29,12.0,paid
INV-08153,B150,2026-05-03,2026-06-17,58400.0,False,False,2026-07-18,31.0,paid
INV-02001,B037,2026-05-03,2026-06-17,105800.0,False,False,2026-06-25,8.0,paid
INV-10197,B185,2026-05-03,2026-06-17,107000.0,False,False,2026-07-15,28.0,paid
INV-00667,B013,2026-05-03,2026-06-17,8100.0,False,False,2026-07-08,21.0,paid
INV-07251,B135,2026-05-03,2026-06-17,57100.0,True,False,2026-08-07,51.0,paid
INV-03766,B071,2026-05-03,2026-06-02,29000.0,False,False,2026-06-03,1.0,paid
INV-04286,B081,2026-05-03,2026-06-02,23000.0,False,False,2026-07-05,33.0,paid
INV-07952,B146,2026-05-03,2026-06-02,23200.0,False,False,2026-06-12,10.0,paid
INV-05520,B099,2026-05-03,2026-06-02,69800.0,False,False,2026-06-19,17.0,paid
INV-03947,B074,2026-05-03,2026-06-02,16800.0,False,False,2026-06-07,5.0,paid
INV-05821,B102,2026-05-03,2026-06-17,35900.0,False,True,2026-06-22,5.0,paid
INV-08903,B167,2026-05-03,2026-06-02,16800.0,False,False,2026-06-23,21.0,paid
INV-10063,B183,2026-05-03,2026-06-17,116300.0,False,False,2026-07-14,27.0,paid
INV-00448,B008,2026-05-03,2026-06-17,16600.0,False,False,2026-07-02,15.0,paid
INV-07413,B138,2026-05-03,2026-06-02,53300.0,False,False,2026-06-06,4.0,paid
INV-10064,B183,2026-05-04,2026-06-18,111800.0,False,False,2026-07-21,33.0,paid
INV-06960,B129,2026-05-04,2026-06-18,182200.0,False,False,2026-06-21,3.0,paid
INV-11603,B209,2026-05-04,2026-06-18,60800.0,False,False,2026-07-02,14.0,paid
INV-11912,B212,2026-05-04,2026-06-18,78200.0,False,False,2026-06-18,0.0,paid
INV-00895,B017,2026-05-04,2026-06-03,40300.0,False,False,2026-05-29,-5.0,paid
INV-09821,B180,2026-05-04,2026-06-03,19000.0,False,False,2026-06-29,26.0,paid
INV-05996,B104,2026-05-04,2026-06-03,91500.0,False,False,2026-06-01,-2.0,paid
INV-05079,B093,2026-05-04,2026-06-18,76500.0,False,False,2026-06-23,5.0,paid
INV-04449,B085,2026-05-04,2026-06-03,55500.0,False,False,2026-06-23,20.0,paid
INV-09142,B169,2026-05-04,2026-06-03,99200.0,False,False,2026-06-19,16.0,paid
INV-09728,B178,2026-05-04,2026-06-03,12800.0,False,False,2026-06-07,4.0,paid
INV-00738,B014,2026-05-04,2026-06-03,93900.0,True,False,2026-07-30,57.0,paid
INV-11045,B199,2026-05-04,2026-06-18,13100.0,False,False,2026-06-10,-8.0,paid
INV-08407,B158,2026-05-04,2026-06-18,8700.0,False,False,2026-08-05,48.0,paid
INV-02276,B042,2026-05-04,2026-06-03,110700.0,False,False,2026-07-01,28.0,paid
INV-08755,B163,2026-05-05,2026-06-04,77200.0,True,False,2026-07-26,52.0,paid
INV-05459,B098,2026-05-05,2026-06-04,12400.0,False,False,2026-05-26,-9.0,paid
INV-11182,B201,2026-05-05,2026-06-19,35400.0,False,False,2026-08-03,45.0,paid
INV-01826,B033,2026-05-05,2026-06-19,11200.0,False,False,2026-07-21,32.0,paid
INV-12073,B217,2026-05-05,2026-06-19,46800.0,False,False,2026-07-02,13.0,paid
INV-05659,B100,2026-05-05,2026-06-04,59600.0,False,False,2026-06-22,18.0,paid
INV-03948,B074,2026-05-05,2026-06-04,11000.0,False,False,2026-09-08,96.0,paid
INV-02916,B055,2026-05-05,2026-06-04,19100.0,False,False,2026-06-30,26.0,paid
INV-11204,B202,2026-05-05,2026-06-04,21400.0,False,False,2026-07-10,36.0,paid
INV-08237,B154,2026-05-05,2026-06-19,19600.0,False,True,2026-07-05,16.0,paid
INV-08634,B161,2026-05-05,2026-06-04,155500.0,False,False,2026-06-25,21.0,paid
INV-02424,B046,2026-05-06,2026-06-20,18400.0,False,False,2026-08-08,49.0,paid
INV-04789,B088,2026-05-06,2026-06-05,80500.0,False,True,2026-06-20,15.0,paid
INV-09328,B173,2026-05-06,2026-06-20,37100.0,False,False,2026-06-21,1.0,paid
INV-06274,B109,2026-05-06,2026-06-05,158400.0,False,False,2026-07-11,36.0,paid
INV-08196,B152,2026-05-06,2026-06-20,77100.0,False,True,2026-07-07,17.0,paid
INV-04921,B090,2026-05-06,2026-06-20,121700.0,False,False,2026-06-30,10.0,paid
INV-09143,B169,2026-05-06,2026-06-05,25500.0,False,False,2026-06-20,15.0,paid
INV-01827,B033,2026-05-06,2026-06-20,56300.0,True,False,2026-08-28,69.0,paid
INV-03510,B067,2026-05-06,2026-06-05,43800.0,False,False,2026-05-29,-7.0,paid
INV-09729,B178,2026-05-06,2026-06-05,14800.0,False,False,2026-06-15,10.0,paid
INV-11135,B200,2026-05-06,2026-06-05,18800.0,False,False,2026-06-17,12.0,paid
INV-09287,B172,2026-05-07,2026-06-21,45400.0,False,False,2026-07-01,10.0,paid
INV-06322,B111,2026-05-07,2026-06-21,78900.0,True,True,2026-08-21,61.0,paid
INV-07936,B145,2026-05-07,2026-06-21,27900.0,False,False,2026-06-26,5.0,paid
INV-05256,B096,2026-05-07,2026-06-21,88300.0,False,False,2026-07-21,30.0,paid
INV-05660,B100,2026-05-07,2026-06-06,89200.0,False,False,2026-06-25,19.0,paid
INV-05856,B103,2026-05-07,2026-06-21,76600.0,False,False,2026-07-10,19.0,paid
INV-03685,B069,2026-05-07,2026-06-06,63100.0,True,False,2026-08-07,62.0,paid
INV-11542,B207,2026-05-07,2026-06-06,32800.0,False,False,2026-06-07,1.0,paid
INV-08087,B148,2026-05-07,2026-06-06,7000.0,False,False,2026-06-17,11.0,paid
INV-04864,B089,2026-05-08,2026-06-07,87900.0,False,False,2026-06-20,13.0,paid
INV-10672,B192,2026-05-08,2026-06-22,63400.0,False,False,2026-06-22,0.0,paid
INV-00585,B011,2026-05-08,2026-06-22,29500.0,False,False,2026-07-13,21.0,paid
INV-09611,B176,2026-05-08,2026-06-22,7500.0,True,False,2026-08-10,49.0,paid
INV-07130,B133,2026-05-08,2026-06-07,33200.0,False,False,2026-06-13,6.0,paid
INV-01412,B024,2026-05-08,2026-06-07,186800.0,False,False,2026-07-10,33.0,paid
INV-02518,B048,2026-05-08,2026-06-22,43700.0,False,False,2026-07-17,25.0,paid
INV-07868,B144,2026-05-08,2026-06-07,39800.0,False,False,2026-06-04,-3.0,paid
INV-00355,B006,2026-05-08,2026-06-22,59700.0,False,False,2026-07-10,18.0,paid
INV-04576,B086,2026-05-08,2026-06-22,214000.0,False,False,2026-06-28,6.0,paid
INV-06702,B120,2026-05-08,2026-06-22,37000.0,False,False,2026-07-03,11.0,paid
INV-00153,B002,2026-05-08,2026-06-07,138500.0,False,False,2026-06-17,10.0,paid
INV-05186,B095,2026-05-08,2026-06-22,74000.0,False,False,2026-07-13,21.0,paid
INV-04998,B092,2026-05-08,2026-06-22,16700.0,False,False,2026-06-16,-6.0,paid
INV-02425,B046,2026-05-08,2026-06-22,11400.0,False,True,2026-08-12,51.0,paid
INV-02277,B042,2026-05-08,2026-06-07,228500.0,False,False,2026-06-21,14.0,paid
INV-09329,B173,2026-05-08,2026-06-22,119900.0,False,False,2026-07-09,17.0,paid
INV-03233,B062,2026-05-08,2026-06-22,17600.0,False,False,2026-08-05,44.0,paid
INV-04155,B078,2026-05-08,2026-06-07,26800.0,False,False,2026-06-28,21.0,paid
INV-07729,B143,2026-05-09,2026-06-23,15400.0,False,False,2026-06-24,1.0,paid
INV-02771,B053,2026-05-09,2026-06-08,75400.0,False,False,2026-06-06,-2.0,paid
INV-10065,B183,2026-05-09,2026-06-23,115200.0,False,False,2026-08-07,45.0,paid
INV-11473,B206,2026-05-09,2026-06-23,28900.0,False,False,2026-06-29,6.0,paid
INV-07252,B135,2026-05-09,2026-06-23,25100.0,False,False,2026-07-04,11.0,paid
INV-07869,B144,2026-05-09,2026-06-08,60700.0,False,False,2026-05-30,-9.0,paid
INV-09042,B168,2026-05-09,2026-06-23,118000.0,False,False,2026-07-18,25.0,paid
INV-00810,B015,2026-05-09,2026-06-08,52500.0,False,False,2026-05-31,-8.0,paid
INV-08635,B161,2026-05-09,2026-06-08,169700.0,False,True,2026-07-01,23.0,paid
INV-02161,B039,2026-05-09,2026-06-23,14100.0,False,False,2026-07-17,24.0,paid
INV-09288,B172,2026-05-09,2026-06-23,23900.0,False,True,2026-07-15,22.0,paid
INV-07517,B139,2026-05-10,2026-06-09,49500.0,False,False,2026-06-27,18.0,paid
INV-06371,B113,2026-05-10,2026-06-24,45800.0,False,True,2026-08-06,43.0,paid
INV-07131,B133,2026-05-10,2026-06-09,41600.0,False,False,2026-06-02,-7.0,paid
INV-06591,B119,2026-05-10,2026-06-09,24000.0,False,False,2026-05-30,-10.0,paid
INV-02772,B053,2026-05-11,2026-06-10,82100.0,False,False,2026-06-21,11.0,paid
INV-04070,B076,2026-05-11,2026-06-25,44300.0,False,False,2026-07-17,22.0,paid
INV-06904,B127,2026-05-11,2026-06-10,23500.0,False,False,2026-06-20,10.0,paid
INV-03511,B067,2026-05-11,2026-06-10,109800.0,False,False,2026-06-07,-3.0,paid
INV-11913,B212,2026-05-11,2026-06-25,118400.0,False,False,2026-07-06,11.0,paid
INV-04392,B084,2026-05-11,2026-06-25,12500.0,False,False,2026-07-22,27.0,paid
INV-11693,B211,2026-05-11,2026-06-25,91400.0,True,True,2026-09-12,79.0,paid
INV-00074,B001,2026-05-11,2026-06-25,17700.0,False,True,2026-07-13,18.0,paid
INV-10613,B191,2026-05-11,2026-06-10,46800.0,False,False,2026-06-24,14.0,paid
INV-09330,B173,2026-05-11,2026-06-25,54300.0,True,False,2026-08-12,48.0,paid
INV-06226,B108,2026-05-11,2026-06-10,11300.0,False,False,2026-06-18,8.0,paid
INV-02333,B043,2026-05-12,2026-06-26,22700.0,False,True,2026-08-05,40.0,paid
INV-10884,B196,2026-05-12,2026-06-11,108300.0,False,False,2026-07-22,41.0,paid
INV-10885,B196,2026-05-12,2026-06-11,41500.0,False,False,2026-07-21,40.0,paid
INV-10393,B187,2026-05-12,2026-06-11,100400.0,False,False,2026-07-12,31.0,paid
INV-08756,B163,2026-05-12,2026-06-11,33500.0,False,False,2026-06-26,15.0,paid
INV-11651,B210,2026-05-12,2026-06-11,132900.0,False,False,2026-07-05,24.0,paid
INV-08088,B148,2026-05-12,2026-06-11,6100.0,False,False,2026-06-24,13.0,paid
INV-11474,B206,2026-05-12,2026-06-26,31500.0,False,False,2026-07-16,20.0,paid
INV-10310,B186,2026-05-13,2026-06-27,78100.0,False,False,2026-07-06,9.0,paid
INV-07870,B144,2026-05-13,2026-06-12,47400.0,False,False,2026-06-02,-10.0,paid
INV-09331,B173,2026-05-13,2026-06-27,21100.0,False,False,2026-06-30,3.0,paid
INV-09043,B168,2026-05-13,2026-06-27,25900.0,False,False,2026-06-29,2.0,paid
INV-09196,B170,2026-05-13,2026-06-27,17700.0,False,True,2026-08-09,43.0,paid
INV-03884,B073,2026-05-13,2026-06-27,111900.0,False,False,2026-08-11,45.0,paid
INV-08408,B158,2026-05-13,2026-06-27,10900.0,False,False,,,open
INV-03512,B067,2026-05-13,2026-06-12,64300.0,False,False,2026-06-10,-2.0,paid
INV-11343,B204,2026-05-14,2026-06-13,276000.0,True,False,2026-08-27,75.0,paid
INV-07559,B140,2026-05-14,2026-06-28,8600.0,False,False,2026-07-05,7.0,paid
INV-10972,B198,2026-05-14,2026-06-28,8200.0,False,False,2026-08-19,52.0,paid
INV-05661,B100,2026-05-14,2026-06-13,47000.0,False,False,2026-07-16,33.0,paid
INV-06961,B129,2026-05-14,2026-06-28,56100.0,False,False,2026-07-08,10.0,paid
INV-11963,B213,2026-05-14,2026-06-28,36200.0,False,False,2026-06-29,1.0,paid
INV-05384,B097,2026-05-14,2026-06-13,106700.0,False,False,2026-06-28,15.0,paid
INV-11136,B200,2026-05-14,2026-06-13,40200.0,False,True,2026-07-02,19.0,paid
INV-11604,B209,2026-05-14,2026-06-28,50000.0,False,False,2026-07-14,16.0,paid
INV-11475,B206,2026-05-14,2026-06-28,12600.0,False,False,2026-07-07,9.0,paid
INV-06068,B105,2026-05-14,2026-06-13,99200.0,False,False,2026-06-16,3.0,paid
INV-08757,B163,2026-05-14,2026-06-13,32100.0,False,False,2026-06-29,16.0,paid
INV-03616,B068,2026-05-14,2026-06-13,32000.0,False,False,2026-06-03,-10.0,paid
INV-06344,B112,2026-05-15,2026-06-29,16700.0,False,False,2026-06-25,-4.0,paid
INV-04156,B078,2026-05-15,2026-06-14,5500.0,False,False,2026-06-13,-1.0,paid
INV-07132,B133,2026-05-15,2026-06-14,35500.0,False,False,2026-06-30,16.0,paid
INV-11914,B212,2026-05-15,2026-06-29,54400.0,False,False,2026-07-05,6.0,paid
INV-02162,B039,2026-05-15,2026-06-29,15700.0,False,False,2026-07-17,18.0,paid
INV-11137,B200,2026-05-15,2026-06-14,34600.0,False,False,2026-06-29,15.0,paid
INV-10066,B183,2026-05-15,2026-06-29,111800.0,False,False,2026-07-27,28.0,paid
INV-05080,B093,2026-05-15,2026-06-29,19000.0,False,False,2026-06-28,-1.0,paid
INV-04654,B087,2026-05-16,2026-06-30,27300.0,False,False,2026-07-08,8.0,paid
INV-10311,B186,2026-05-16,2026-06-30,136100.0,False,False,2026-07-16,16.0,paid
INV-08636,B161,2026-05-16,2026-06-15,75200.0,False,False,2026-07-01,16.0,paid
INV-03513,B067,2026-05-16,2026-06-15,80900.0,False,False,2026-06-14,-1.0,paid
INV-05857,B103,2026-05-16,2026-06-30,42300.0,False,False,2026-07-20,20.0,paid
INV-00302,B005,2026-05-16,2026-06-15,51400.0,False,True,2026-06-22,7.0,paid
INV-09228,B171,2026-05-16,2026-06-15,145200.0,False,False,2026-07-03,18.0,paid
INV-05662,B100,2026-05-16,2026-06-15,102000.0,False,False,2026-07-27,42.0,paid
INV-09144,B169,2026-05-16,2026-06-15,55900.0,False,False,2026-06-30,15.0,paid
INV-09145,B169,2026-05-16,2026-06-15,51600.0,False,True,2026-07-15,30.0,paid
INV-04105,B077,2026-05-16,2026-06-30,67300.0,False,False,2026-07-09,9.0,paid
INV-06503,B117,2026-05-16,2026-06-15,33800.0,False,True,2026-07-17,32.0,paid
INV-09146,B169,2026-05-16,2026-06-15,47100.0,False,False,2026-06-28,13.0,paid
INV-04790,B088,2026-05-16,2026-06-15,20700.0,False,False,2026-06-13,-2.0,paid
INV-07730,B143,2026-05-16,2026-06-30,19000.0,False,False,2026-07-07,7.0,paid
INV-03984,B075,2026-05-17,2026-07-01,59300.0,False,True,2026-08-01,31.0,paid
INV-11652,B210,2026-05-17,2026-06-16,154400.0,False,False,2026-06-30,14.0,paid
INV-06446,B115,2026-05-17,2026-07-01,82600.0,False,False,2026-07-15,14.0,paid
INV-07871,B144,2026-05-17,2026-06-16,35600.0,False,False,2026-06-08,-8.0,paid
INV-04922,B090,2026-05-17,2026-07-01,204100.0,False,False,2026-07-07,6.0,paid
INV-01494,B025,2026-05-17,2026-07-01,22500.0,False,False,2026-07-29,28.0,paid
INV-10110,B184,2026-05-17,2026-06-16,105700.0,False,False,2026-07-06,20.0,paid
INV-02224,B040,2026-05-17,2026-06-16,48200.0,False,False,,,open
INV-05997,B104,2026-05-17,2026-06-16,225300.0,False,False,2026-06-22,6.0,paid
INV-06703,B120,2026-05-18,2026-07-02,23700.0,False,False,2026-07-11,9.0,paid
INV-11694,B211,2026-05-18,2026-07-02,397500.0,True,False,2026-09-14,74.0,paid
INV-03173,B060,2026-05-18,2026-07-02,28100.0,False,False,2026-07-02,0.0,paid
INV-00398,B007,2026-05-18,2026-06-17,58300.0,False,False,2026-07-10,23.0,paid
INV-00235,B004,2026-05-18,2026-07-02,47000.0,False,False,2026-07-26,24.0,paid
INV-11476,B206,2026-05-18,2026-07-02,27400.0,False,False,2026-07-15,13.0,paid
INV-11407,B205,2026-05-18,2026-07-02,30700.0,False,False,2026-07-04,2.0,paid
INV-07872,B144,2026-05-18,2026-06-17,17500.0,False,False,2026-06-09,-8.0,paid
INV-00611,B012,2026-05-18,2026-07-02,54200.0,False,False,2026-07-11,9.0,paid
INV-02773,B053,2026-05-18,2026-06-17,58700.0,False,False,2026-06-24,7.0,paid
INV-05663,B100,2026-05-18,2026-06-17,57100.0,False,False,2026-07-17,30.0,paid
INV-10394,B187,2026-05-19,2026-06-18,123700.0,False,False,2026-07-24,36.0,paid
INV-02917,B055,2026-05-19,2026-06-18,46600.0,False,False,2026-07-06,18.0,paid
INV-03174,B060,2026-05-19,2026-07-03,101300.0,False,True,2026-07-25,22.0,paid
INV-03514,B067,2026-05-19,2026-06-18,34700.0,False,False,2026-06-08,-10.0,paid
INV-03985,B075,2026-05-19,2026-07-03,72200.0,False,False,2026-07-27,24.0,paid
INV-03617,B068,2026-05-19,2026-06-18,78600.0,False,False,2026-06-10,-8.0,paid
INV-06275,B109,2026-05-19,2026-06-18,23100.0,False,False,2026-07-14,26.0,paid
INV-06227,B108,2026-05-19,2026-06-18,14400.0,False,True,2026-07-03,15.0,paid
INV-09612,B176,2026-05-19,2026-07-03,9100.0,False,False,2026-07-24,21.0,paid
INV-03843,B072,2026-05-19,2026-06-18,27000.0,False,True,2026-07-03,15.0,paid
INV-07560,B140,2026-05-19,2026-07-03,2800.0,False,False,2026-07-05,2.0,paid
INV-11695,B211,2026-05-19,2026-07-03,164100.0,True,False,2026-09-11,70.0,paid
INV-06400,B114,2026-05-19,2026-07-03,5000.0,False,False,2026-07-16,13.0,paid
INV-05521,B099,2026-05-19,2026-06-18,54200.0,False,False,2026-06-30,12.0,paid
INV-05385,B097,2026-05-19,2026-06-18,59300.0,False,False,2026-06-21,3.0,paid
INV-01900,B035,2026-05-19,2026-07-03,41700.0,False,False,2026-07-04,1.0,paid
INV-10395,B187,2026-05-20,2026-06-19,168000.0,False,False,2026-07-20,31.0,paid
INV-10886,B196,2026-05-20,2026-06-19,47300.0,False,False,2026-07-19,30.0,paid
INV-04071,B076,2026-05-20,2026-07-04,58700.0,False,False,2026-07-25,21.0,paid
INV-00811,B015,2026-05-20,2026-06-19,82200.0,False,False,2026-06-15,-4.0,paid
INV-05998,B104,2026-05-20,2026-06-19,45000.0,False,False,2026-06-26,7.0,paid
INV-00542,B010,2026-05-20,2026-07-04,14200.0,False,False,2026-07-17,13.0,paid
INV-04999,B092,2026-05-20,2026-07-04,38700.0,False,False,2026-06-27,-7.0,paid
INV-06135,B107,2026-05-20,2026-07-04,138100.0,False,False,2026-07-03,-1.0,paid
INV-09730,B178,2026-05-20,2026-06-19,14900.0,False,False,2026-07-01,12.0,paid
INV-02519,B048,2026-05-21,2026-07-05,56700.0,False,True,2026-08-06,32.0,paid
INV-08829,B165,2026-05-21,2026-06-20,17400.0,False,False,2026-06-21,1.0,paid
INV-08496,B160,2026-05-21,2026-06-20,183800.0,False,False,2026-07-03,13.0,paid
INV-07731,B143,2026-05-21,2026-07-05,19700.0,False,False,2026-07-20,15.0,paid
INV-10312,B186,2026-05-21,2026-07-05,196400.0,False,True,2026-07-23,18.0,paid
INV-03175,B060,2026-05-21,2026-07-05,51000.0,False,False,2026-07-09,4.0,paid
INV-10729,B193,2026-05-21,2026-07-05,122700.0,False,False,2026-08-06,32.0,paid
INV-02774,B053,2026-05-21,2026-06-20,66600.0,False,True,2026-06-25,5.0,paid
INV-02163,B039,2026-05-21,2026-07-05,12600.0,False,False,2026-07-08,3.0,paid
INV-10198,B185,2026-05-21,2026-07-05,231200.0,False,False,2026-08-16,42.0,paid
INV-08637,B161,2026-05-21,2026-06-20,158400.0,False,True,2026-07-17,27.0,paid
INV-04393,B084,2026-05-21,2026-07-05,14000.0,False,False,2026-08-13,39.0,paid
INV-06704,B120,2026-05-21,2026-07-05,65000.0,False,False,2026-07-19,14.0,paid
INV-04923,B090,2026-05-21,2026-07-05,65200.0,False,False,2026-07-10,5.0,paid
INV-03098,B058,2026-05-21,2026-07-05,51300.0,False,True,2026-08-05,31.0,paid
INV-06785,B122,2026-05-21,2026-07-05,37900.0,False,False,2026-06-26,-9.0,paid
INV-09822,B180,2026-05-21,2026-06-20,6000.0,False,False,2026-07-08,18.0,paid
INV-02682,B051,2026-05-21,2026-06-20,30100.0,False,False,2026-06-30,10.0,paid
INV-09553,B175,2026-05-22,2026-06-21,188000.0,False,False,2026-06-25,4.0,paid
INV-10067,B183,2026-05-22,2026-07-06,135300.0,False,False,2026-08-05,30.0,paid
INV-04791,B088,2026-05-22,2026-06-21,59800.0,False,False,2026-06-11,-10.0,paid
INV-03025,B056,2026-05-22,2026-07-06,100400.0,False,False,2026-07-29,23.0,paid
INV-03234,B062,2026-05-22,2026-07-06,7400.0,False,False,2026-08-17,42.0,paid
INV-11279,B203,2026-05-22,2026-06-21,4800.0,False,False,2026-07-21,30.0,paid
INV-12175,B218,2026-05-22,2026-07-06,117500.0,False,False,2026-07-29,23.0,paid
INV-02062,B038,2026-05-22,2026-06-21,19400.0,False,False,2026-07-02,11.0,paid
INV-10836,B195,2026-05-22,2026-06-21,16400.0,False,False,,,open
INV-10458,B188,2026-05-22,2026-06-21,11400.0,False,False,2026-06-29,8.0,paid
INV-06705,B120,2026-05-22,2026-07-06,65900.0,False,False,2026-07-22,16.0,paid
INV-07518,B139,2026-05-22,2026-06-21,103600.0,False,False,2026-07-13,22.0,paid
INV-01852,B034,2026-05-22,2026-07-06,193500.0,False,False,2026-07-12,6.0,paid
INV-00212,B003,2026-05-23,2026-06-22,25300.0,False,False,2026-07-14,22.0,paid
INV-05257,B096,2026-05-23,2026-07-07,15100.0,False,True,2026-07-30,23.0,paid
INV-10511,B189,2026-05-23,2026-07-07,101100.0,False,False,2026-07-17,10.0,paid
INV-09850,B181,2026-05-23,2026-07-07,28100.0,False,False,2026-07-12,5.0,paid
INV-04311,B082,2026-05-23,2026-07-07,37300.0,False,False,2026-07-16,9.0,paid
INV-07282,B136,2026-05-23,2026-06-22,157000.0,False,False,2026-06-25,3.0,paid
INV-07350,B137,2026-05-23,2026-07-07,18800.0,False,False,2026-06-27,-10.0,paid
INV-05258,B096,2026-05-24,2026-07-08,67400.0,False,False,2026-08-14,37.0,paid
INV-06592,B119,2026-05-24,2026-06-23,38500.0,True,False,2026-07-10,17.0,paid
INV-06372,B113,2026-05-24,2026-07-08,132400.0,False,False,2026-08-21,44.0,paid
INV-02683,B051,2026-05-24,2026-06-23,68100.0,False,True,2026-07-24,31.0,paid
INV-01179,B020,2026-05-24,2026-06-23,76800.0,False,False,2026-07-15,22.0,paid
INV-10837,B195,2026-05-24,2026-06-23,8600.0,False,False,2026-07-19,26.0,paid
INV-02684,B051,2026-05-25,2026-06-24,40300.0,False,False,2026-09-14,82.0,paid
INV-01279,B022,2026-05-25,2026-06-24,6700.0,False,False,2026-07-25,31.0,paid
INV-02063,B038,2026-05-25,2026-06-24,141600.0,False,False,2026-07-22,28.0,paid
INV-06706,B120,2026-05-25,2026-07-09,42400.0,False,False,2026-07-19,10.0,paid
INV-04450,B085,2026-05-25,2026-06-24,71800.0,False,False,2026-07-17,23.0,paid
INV-08089,B148,2026-05-25,2026-06-24,15900.0,False,False,2026-07-24,30.0,paid
INV-01495,B025,2026-05-25,2026-07-09,10600.0,False,False,2026-08-06,28.0,paid
INV-08758,B163,2026-05-25,2026-06-24,19400.0,False,False,,,open
INV-04072,B076,2026-05-25,2026-07-09,40400.0,True,False,2026-08-25,47.0,paid
INV-11344,B204,2026-05-26,2026-06-25,153100.0,True,False,2026-09-02,69.0,paid
INV-09613,B176,2026-05-26,2026-07-10,10500.0,False,False,2026-08-02,23.0,paid
INV-08124,B149,2026-05-26,2026-06-25,91100.0,False,False,2026-07-19,24.0,paid
INV-11138,B200,2026-05-26,2026-06-25,27000.0,False,False,,,open
INV-07351,B137,2026-05-26,2026-07-10,46100.0,False,False,2026-07-04,-6.0,paid
INV-02426,B046,2026-05-26,2026-07-10,13900.0,False,True,2026-08-28,49.0,paid
INV-12049,B216,2026-05-26,2026-07-10,6600.0,True,True,2026-08-25,46.0,paid
INV-05858,B103,2026-05-26,2026-07-10,43000.0,False,False,2026-07-28,18.0,paid
INV-05386,B097,2026-05-26,2026-06-25,21300.0,False,False,2026-06-29,4.0,paid
INV-03235,B062,2026-05-26,2026-07-10,23800.0,False,False,2026-08-18,39.0,paid
INV-01932,B036,2026-05-26,2026-07-10,52900.0,True,False,2026-08-19,40.0,paid
INV-09044,B168,2026-05-26,2026-07-10,39200.0,False,False,2026-07-29,19.0,paid
INV-06962,B129,2026-05-27,2026-07-11,81200.0,False,False,,,open
INV-11183,B201,2026-05-27,2026-07-11,11000.0,False,True,2026-08-16,36.0,paid
INV-10730,B193,2026-05-27,2026-07-11,107500.0,False,False,2026-08-17,37.0,paid
INV-02278,B042,2026-05-27,2026-06-26,85600.0,False,False,2026-07-10,14.0,paid
INV-03301,B064,2026-05-27,2026-07-11,146500.0,False,False,2026-07-31,20.0,paid
INV-09045,B168,2026-05-27,2026-07-11,34000.0,False,False,2026-08-01,21.0,paid
INV-00739,B014,2026-05-27,2026-06-26,65300.0,False,False,2026-07-01,5.0,paid
INV-10887,B196,2026-05-27,2026-06-26,22300.0,False,False,2026-07-21,25.0,paid
INV-08759,B163,2026-05-27,2026-06-26,40300.0,False,False,2026-07-11,15.0,paid
INV-03515,B067,2026-05-27,2026-06-26,54500.0,False,False,2026-06-28,2.0,paid
INV-00040,B000,2026-05-28,2026-07-12,16000.0,False,True,2026-07-22,10.0,paid
INV-07519,B139,2026-05-28,2026-06-27,87800.0,False,False,2026-07-24,27.0,paid
INV-10927,B197,2026-05-28,2026-07-12,47900.0,False,False,2026-07-02,-10.0,paid
INV-04212,B080,2026-05-28,2026-06-27,177900.0,False,True,2026-07-15,18.0,paid
INV-11605,B209,2026-05-28,2026-07-12,60700.0,False,False,2026-07-24,12.0,paid
INV-08409,B158,2026-05-28,2026-07-12,16700.0,False,True,2026-09-02,52.0,paid
INV-05664,B100,2026-05-28,2026-06-27,44100.0,False,False,2026-07-16,19.0,paid
INV-02225,B040,2026-05-28,2026-06-27,58200.0,False,False,2026-06-23,-4.0,paid
INV-06551,B118,2026-05-28,2026-06-27,15600.0,True,False,2026-09-02,67.0,paid
INV-05187,B095,2026-05-28,2026-07-12,28800.0,False,False,2026-07-31,19.0,paid
INV-01791,B032,2026-05-29,2026-06-28,22000.0,False,False,2026-07-30,32.0,paid
INV-07414,B138,2026-05-29,2026-06-28,80300.0,False,False,2026-07-20,22.0,paid
INV-02520,B048,2026-05-29,2026-07-13,76000.0,False,False,2026-08-14,32.0,paid
INV-03735,B070,2026-05-29,2026-07-13,100600.0,False,False,2026-07-24,11.0,paid
INV-11139,B200,2026-05-29,2026-06-28,14600.0,False,False,2026-07-20,22.0,paid
INV-07873,B144,2026-05-29,2026-06-28,24200.0,False,False,2026-06-18,-10.0,paid
INV-10838,B195,2026-05-30,2026-06-29,17300.0,False,False,2026-07-18,19.0,paid
INV-08090,B148,2026-05-30,2026-06-29,5500.0,False,False,2026-07-09,10.0,paid
INV-07283,B136,2026-05-30,2026-06-29,68400.0,False,False,2026-07-05,6.0,paid
INV-09942,B182,2026-05-30,2026-06-29,43200.0,False,False,2026-09-15,78.0,paid
INV-04073,B076,2026-05-30,2026-07-14,31500.0,False,False,2026-08-09,26.0,paid
INV-01771,B031,2026-05-30,2026-06-29,38200.0,False,False,2026-07-25,26.0,paid
INV-03516,B067,2026-05-30,2026-06-29,49500.0,False,False,2026-06-19,-10.0,paid
INV-04865,B089,2026-05-30,2026-06-29,58500.0,False,False,2026-07-09,10.0,paid
INV-11477,B206,2026-05-30,2026-07-14,8700.0,False,False,2026-07-27,13.0,paid
INV-06304,B110,2026-05-30,2026-06-29,14600.0,False,False,2026-07-04,5.0,paid
INV-08638,B161,2026-05-31,2026-06-30,99000.0,False,True,2026-07-23,23.0,paid
INV-04792,B088,2026-05-31,2026-06-30,26400.0,False,False,2026-06-24,-6.0,paid
INV-01656,B029,2026-05-31,2026-07-15,26700.0,False,False,2026-07-31,16.0,paid
INV-08475,B159,2026-05-31,2026-07-15,113900.0,False,False,2026-08-05,21.0,paid
INV-01727,B030,2026-05-31,2026-06-30,120000.0,False,False,2026-07-10,10.0,paid
INV-06963,B129,2026-05-31,2026-07-15,69700.0,False,False,2026-07-16,1.0,paid
INV-08010,B147,2026-05-31,2026-06-30,38500.0,False,False,2026-07-10,10.0,paid
INV-08009,B147,2026-05-31,2026-06-30,15500.0,False,False,2026-07-11,11.0,paid
INV-05259,B096,2026-05-31,2026-07-15,42500.0,False,False,2026-08-24,40.0,paid
INV-11915,B212,2026-06-01,2026-07-16,84600.0,False,False,2026-07-22,6.0,paid
INV-05188,B095,2026-06-01,2026-07-16,19300.0,False,False,2026-07-18,2.0,paid
INV-01014,B018,2026-06-01,2026-07-01,16000.0,False,False,2026-08-06,36.0,paid
INV-01346,B023,2026-06-02,2026-07-17,48600.0,False,False,2026-08-10,24.0,paid
INV-03986,B075,2026-06-02,2026-07-17,64200.0,False,False,2026-08-03,17.0,paid
INV-00543,B010,2026-06-02,2026-07-17,6100.0,False,False,2026-07-20,3.0,paid
INV-10313,B186,2026-06-02,2026-07-17,104900.0,False,False,2026-07-25,8.0,paid
INV-06228,B108,2026-06-02,2026-07-02,45200.0,False,True,2026-08-05,34.0,paid
INV-09654,B177,2026-06-02,2026-07-17,112700.0,False,False,2026-08-02,16.0,paid
INV-05189,B095,2026-06-02,2026-07-17,22600.0,False,True,2026-08-05,19.0,paid
INV-04074,B076,2026-06-02,2026-07-17,62100.0,False,False,2026-08-06,20.0,paid
INV-06593,B119,2026-06-02,2026-07-02,62700.0,False,False,2026-06-24,-8.0,paid
INV-08181,B151,2026-06-02,2026-07-17,52900.0,False,False,2026-07-24,7.0,paid
INV-04866,B089,2026-06-03,2026-07-03,84900.0,True,False,2026-08-03,31.0,paid
INV-07953,B146,2026-06-03,2026-07-03,47000.0,False,False,2026-07-07,4.0,paid
INV-06707,B120,2026-06-03,2026-07-18,19900.0,False,False,2026-08-01,14.0,paid
INV-08372,B157,2026-06-03,2026-07-03,35000.0,False,False,2026-08-08,36.0,paid
INV-00154,B002,2026-06-03,2026-07-03,98300.0,False,False,2026-07-05,2.0,paid
INV-02165,B039,2026-06-03,2026-07-18,20400.0,False,False,2026-08-03,16.0,paid
INV-02164,B039,2026-06-03,2026-07-18,12000.0,False,False,2026-08-02,15.0,paid
INV-06323,B111,2026-06-03,2026-07-18,36300.0,False,False,2026-07-20,2.0,paid
INV-06276,B109,2026-06-03,2026-07-03,46600.0,False,False,2026-07-22,19.0,paid
INV-08639,B161,2026-06-04,2026-07-04,119200.0,False,False,2026-07-13,9.0,paid
INV-08640,B161,2026-06-04,2026-07-04,65100.0,False,False,2026-07-22,18.0,paid
INV-08641,B161,2026-06-04,2026-07-04,140500.0,False,True,2026-08-03,30.0,paid
INV-05665,B100,2026-06-04,2026-07-04,74700.0,False,True,2026-08-14,41.0,paid
INV-01901,B035,2026-06-04,2026-07-19,34200.0,False,False,2026-07-16,-3.0,paid
INV-05460,B098,2026-06-04,2026-07-04,6000.0,False,False,2026-06-24,-10.0,paid
INV-02732,B052,2026-06-04,2026-07-04,40400.0,True,False,,,open
INV-11964,B213,2026-06-04,2026-07-19,25800.0,False,False,2026-07-28,9.0,paid
INV-04924,B090,2026-06-04,2026-07-19,139900.0,False,False,2026-08-03,15.0,paid
INV-00668,B013,2026-06-04,2026-07-19,34500.0,False,True,2026-09-16,59.0,paid
INV-01828,B033,2026-06-04,2026-07-19,39400.0,False,False,2026-08-19,31.0,paid
INV-06921,B128,2026-06-04,2026-07-19,25900.0,True,False,2026-08-07,19.0,paid
INV-02064,B038,2026-06-04,2026-07-04,58700.0,False,False,,,open
INV-02586,B050,2026-06-04,2026-07-04,50000.0,False,False,2026-08-07,34.0,paid
INV-08760,B163,2026-06-04,2026-07-04,40500.0,False,False,2026-07-31,27.0,paid
INV-01180,B020,2026-06-04,2026-07-04,88800.0,False,False,2026-07-18,14.0,paid
INV-07732,B143,2026-06-04,2026-07-19,28400.0,False,False,2026-07-29,10.0,paid
INV-01280,B022,2026-06-05,2026-07-05,14800.0,True,False,2026-08-25,51.0,paid
INV-07352,B137,2026-06-05,2026-07-20,42300.0,False,False,2026-07-10,-10.0,paid
INV-08317,B156,2026-06-05,2026-07-05,9900.0,False,False,2026-07-21,16.0,paid
INV-08182,B151,2026-06-05,2026-07-20,135800.0,False,False,2026-08-03,14.0,paid
INV-09731,B178,2026-06-05,2026-07-05,8000.0,False,False,2026-07-16,11.0,paid
INV-01016,B018,2026-06-05,2026-07-05,26000.0,False,False,2026-08-15,41.0,paid
INV-01589,B028,2026-06-05,2026-07-20,11400.0,False,False,2026-08-21,32.0,paid
INV-02471,B047,2026-06-05,2026-07-05,36600.0,True,False,2026-08-09,35.0,paid
INV-02685,B051,2026-06-05,2026-07-05,22500.0,False,True,2026-08-04,30.0,paid
INV-08687,B162,2026-06-05,2026-07-05,15700.0,False,False,2026-07-24,19.0,paid
INV-04577,B086,2026-06-05,2026-07-20,99400.0,False,False,2026-07-24,4.0,paid
INV-01015,B018,2026-06-05,2026-07-05,27100.0,False,False,2026-07-26,21.0,paid
INV-09289,B172,2026-06-06,2026-07-21,47200.0,False,False,2026-07-30,9.0,paid
INV-11140,B200,2026-06-06,2026-07-06,17400.0,False,False,2026-07-22,16.0,paid
INV-08847,B166,2026-06-06,2026-07-06,247800.0,False,False,2026-07-17,11.0,paid
INV-02840,B054,2026-06-06,2026-07-06,17500.0,False,False,2026-06-26,-10.0,paid
INV-01590,B028,2026-06-06,2026-07-21,23400.0,False,True,2026-09-12,53.0,paid
INV-10614,B191,2026-06-06,2026-07-06,57000.0,False,False,2026-07-29,23.0,paid
INV-08373,B157,2026-06-06,2026-07-06,51300.0,False,False,2026-08-13,38.0,paid
INV-06483,B116,2026-06-06,2026-07-21,171900.0,False,False,2026-08-03,13.0,paid
INV-06482,B116,2026-06-06,2026-07-21,127200.0,False,False,2026-08-03,13.0,paid
INV-11408,B205,2026-06-06,2026-07-21,108200.0,False,False,2026-08-07,17.0,paid
INV-01657,B029,2026-06-06,2026-07-21,81400.0,False,False,2026-08-20,30.0,paid
INV-11046,B199,2026-06-06,2026-07-21,11900.0,False,True,2026-07-25,4.0,paid
INV-08476,B159,2026-06-06,2026-07-21,75500.0,False,True,2026-09-01,42.0,paid
INV-01591,B028,2026-06-07,2026-07-22,4200.0,False,False,2026-08-17,26.0,paid
INV-08374,B157,2026-06-07,2026-07-07,16100.0,False,False,2026-07-27,20.0,paid
INV-11916,B212,2026-06-07,2026-07-22,34300.0,False,False,2026-07-20,-2.0,paid
INV-02334,B043,2026-06-07,2026-07-22,40800.0,True,False,2026-09-05,45.0,paid
INV-01347,B023,2026-06-07,2026-07-22,26700.0,False,False,2026-08-12,21.0,paid
INV-03026,B056,2026-06-07,2026-07-22,131400.0,False,False,2026-08-11,20.0,paid
INV-04655,B087,2026-06-07,2026-07-22,12800.0,False,False,2026-07-12,-10.0,paid
INV-05666,B100,2026-06-07,2026-07-07,88400.0,False,False,2026-07-27,20.0,paid
INV-11142,B200,2026-06-07,2026-07-07,12900.0,False,False,2026-07-17,10.0,paid
INV-11141,B200,2026-06-07,2026-07-07,33100.0,False,False,2026-07-19,12.0,paid
INV-03348,B065,2026-06-07,2026-07-07,94400.0,False,False,2026-07-26,19.0,paid
INV-10673,B192,2026-06-07,2026-07-22,18700.0,False,False,2026-07-12,-10.0,paid
INV-04175,B079,2026-06-07,2026-07-07,184100.0,False,False,2026-07-09,2.0,paid
INV-00236,B004,2026-06-08,2026-07-23,14100.0,False,False,2026-07-30,7.0,paid
INV-11409,B205,2026-06-08,2026-07-23,80100.0,False,False,2026-08-02,10.0,paid
INV-04157,B078,2026-06-08,2026-07-08,54500.0,True,False,2026-09-03,57.0,paid
INV-10731,B193,2026-06-08,2026-07-23,78300.0,False,False,2026-08-23,31.0,paid
INV-02686,B051,2026-06-08,2026-07-08,79200.0,False,False,2026-07-24,16.0,paid
INV-06345,B112,2026-06-08,2026-07-23,29400.0,False,False,2026-07-13,-10.0,paid
INV-00237,B004,2026-06-08,2026-07-23,26200.0,False,False,2026-07-29,6.0,paid
INV-03099,B058,2026-06-09,2026-07-24,178700.0,False,False,2026-08-28,35.0,paid
INV-01658,B029,2026-06-09,2026-07-24,30400.0,False,False,2026-07-30,6.0,paid
INV-06401,B114,2026-06-09,2026-07-24,5700.0,False,False,2026-08-12,19.0,paid
INV-02166,B039,2026-06-09,2026-07-24,11200.0,False,False,2026-08-13,20.0,paid
INV-05461,B098,2026-06-09,2026-07-09,8300.0,False,True,2026-06-29,-10.0,paid
INV-01829,B033,2026-06-09,2026-07-24,21000.0,False,True,2026-09-03,41.0,paid
INV-09655,B177,2026-06-09,2026-07-24,42200.0,False,False,2026-08-17,24.0,paid
INV-08375,B157,2026-06-09,2026-07-09,22000.0,False,False,2026-07-26,17.0,paid
INV-03176,B060,2026-06-09,2026-07-24,51800.0,False,False,2026-07-27,3.0,paid
INV-07561,B140,2026-06-09,2026-07-24,4300.0,False,False,2026-07-28,4.0,paid
INV-03302,B064,2026-06-09,2026-07-24,169900.0,False,False,2026-08-28,35.0,paid
INV-03686,B069,2026-06-09,2026-07-09,66200.0,False,True,2026-08-24,46.0,paid
INV-04075,B076,2026-06-09,2026-07-24,91500.0,False,False,2026-08-13,20.0,paid
INV-06905,B127,2026-06-10,2026-07-10,78200.0,False,False,2026-07-30,20.0,paid
INV-11965,B213,2026-06-10,2026-07-25,35000.0,False,False,2026-07-22,-3.0,paid
INV-00896,B017,2026-06-10,2026-07-10,68000.0,False,False,2026-06-30,-10.0,paid
INV-02167,B039,2026-06-10,2026-07-25,36400.0,False,False,2026-08-14,20.0,paid
INV-00041,B000,2026-06-10,2026-07-25,18700.0,True,False,2026-08-14,20.0,paid
INV-08497,B160,2026-06-10,2026-07-10,384400.0,False,False,2026-07-26,16.0,paid
INV-10732,B193,2026-06-10,2026-07-25,106000.0,False,False,2026-08-29,35.0,paid
INV-10587,B190,2026-06-10,2026-07-25,69200.0,False,False,2026-09-08,45.0,paid
INV-09943,B182,2026-06-10,2026-07-10,138700.0,False,False,2026-07-23,13.0,paid
INV-05387,B097,2026-06-10,2026-07-10,52200.0,True,False,2026-08-24,45.0,paid
INV-02841,B054,2026-06-11,2026-07-11,17300.0,False,False,,,open
INV-03349,B065,2026-06-11,2026-07-11,179500.0,False,False,,,open
INV-11478,B206,2026-06-11,2026-07-26,39400.0,False,False,2026-08-22,27.0,paid
INV-10888,B196,2026-06-11,2026-07-11,16500.0,False,False,2026-08-12,32.0,paid
INV-05667,B100,2026-06-11,2026-07-11,24400.0,False,False,2026-07-20,9.0,paid
INV-09444,B174,2026-06-11,2026-07-11,54600.0,False,False,2026-07-12,1.0,paid
INV-06708,B120,2026-06-11,2026-07-26,42700.0,False,False,2026-08-02,7.0,paid
INV-10111,B184,2026-06-11,2026-07-11,66600.0,False,False,2026-08-01,21.0,paid
INV-09197,B170,2026-06-11,2026-07-26,60400.0,False,False,2026-08-31,36.0,paid
INV-03133,B059,2026-06-11,2026-07-26,2900.0,False,False,2026-08-09,14.0,paid
INV-10459,B188,2026-06-11,2026-07-11,19200.0,False,False,2026-07-22,11.0,paid
INV-04925,B090,2026-06-12,2026-07-27,126000.0,False,False,2026-07-30,3.0,paid
INV-01017,B018,2026-06-12,2026-07-12,14900.0,False,True,2026-08-23,42.0,paid
INV-05999,B104,2026-06-12,2026-07-12,67800.0,False,True,2026-07-22,10.0,paid
INV-10199,B185,2026-06-12,2026-07-27,125500.0,False,False,2026-09-08,43.0,paid
INV-09823,B180,2026-06-12,2026-07-12,12600.0,False,False,2026-08-09,28.0,paid
INV-07353,B137,2026-06-12,2026-07-27,135500.0,False,True,2026-08-08,12.0,paid
INV-00155,B002,2026-06-12,2026-07-12,124000.0,False,False,2026-07-16,4.0,paid
INV-03767,B071,2026-06-12,2026-07-12,41300.0,False,False,2026-07-25,13.0,paid
INV-02472,B047,2026-06-12,2026-07-12,117200.0,False,False,2026-07-16,4.0,paid
INV-06277,B109,2026-06-12,2026-07-12,18600.0,True,False,2026-08-15,34.0,paid
INV-02335,B043,2026-06-13,2026-07-28,14900.0,False,True,2026-09-06,40.0,paid
INV-11143,B200,2026-06-13,2026-07-13,16100.0,False,False,2026-07-28,15.0,paid
INV-04076,B076,2026-06-13,2026-07-28,61100.0,False,True,2026-08-20,23.0,paid
INV-08154,B150,2026-06-13,2026-07-28,75300.0,False,False,2026-08-17,20.0,paid
INV-10460,B188,2026-06-13,2026-07-13,14600.0,False,False,2026-07-19,6.0,paid
INV-01524,B026,2026-06-13,2026-07-28,37700.0,False,False,2026-08-06,9.0,paid
INV-02255,B041,2026-06-13,2026-07-28,112800.0,False,False,2026-08-06,9.0,paid
INV-03027,B056,2026-06-13,2026-07-28,138100.0,False,False,2026-08-23,26.0,paid
INV-00399,B007,2026-06-13,2026-07-13,106900.0,False,False,2026-07-22,9.0,paid
INV-01413,B024,2026-06-13,2026-07-13,281400.0,False,False,2026-08-12,30.0,paid
INV-06823,B123,2026-06-13,2026-07-28,83500.0,False,False,2026-09-02,36.0,paid
INV-04793,B088,2026-06-13,2026-07-13,17400.0,False,False,2026-07-09,-4.0,paid
INV-06001,B104,2026-06-13,2026-07-13,159200.0,True,True,2026-08-10,28.0,paid
INV-06000,B104,2026-06-13,2026-07-13,86500.0,False,False,2026-07-14,1.0,paid
INV-07874,B144,2026-06-13,2026-07-13,42400.0,False,False,2026-07-04,-9.0,paid
INV-09944,B182,2026-06-13,2026-07-13,44900.0,False,False,2026-07-06,-7.0,paid
INV-10674,B192,2026-06-13,2026-07-28,20800.0,False,False,2026-07-18,-10.0,paid
INV-04656,B087,2026-06-13,2026-07-28,50400.0,False,False,2026-07-25,-3.0,paid
INV-11917,B212,2026-06-14,2026-07-29,115700.0,False,False,2026-08-06,8.0,paid
INV-04926,B090,2026-06-14,2026-07-29,61200.0,False,False,2026-08-04,6.0,paid
INV-03055,B057,2026-06-14,2026-07-14,53600.0,False,False,2026-07-04,-10.0,paid
INV-11696,B211,2026-06-14,2026-07-29,325700.0,True,False,,,open
INV-03269,B063,2026-06-14,2026-07-14,31700.0,False,False,2026-07-12,-2.0,paid
INV-03177,B060,2026-06-14,2026-07-29,53400.0,False,False,2026-08-10,12.0,paid
INV-12004,B215,2026-06-14,2026-07-14,99200.0,False,False,2026-08-29,46.0,paid
INV-00866,B016,2026-06-14,2026-07-29,32500.0,False,False,2026-08-08,10.0,paid
INV-06922,B128,2026-06-14,2026-07-29,56800.0,False,False,2026-08-04,6.0,paid
INV-01525,B026,2026-06-14,2026-07-29,113800.0,False,False,2026-08-08,10.0,paid
INV-05668,B100,2026-06-14,2026-07-14,61400.0,False,False,2026-08-07,24.0,paid
INV-04287,B081,2026-06-14,2026-07-14,48700.0,False,False,2026-08-17,34.0,paid
INV-02842,B054,2026-06-14,2026-07-14,15300.0,False,False,2026-07-09,-5.0,paid
INV-06484,B116,2026-06-15,2026-07-30,153400.0,False,False,2026-08-05,6.0,paid
INV-05669,B100,2026-06-15,2026-07-15,73300.0,False,False,2026-08-16,32.0,paid
INV-07520,B139,2026-06-15,2026-07-15,27300.0,False,False,2026-07-22,7.0,paid
INV-08642,B161,2026-06-15,2026-07-15,85800.0,False,False,2026-08-01,17.0,paid
INV-10675,B192,2026-06-15,2026-07-30,30700.0,False,False,2026-07-20,-10.0,paid
INV-12005,B215,2026-06-15,2026-07-15,87200.0,False,False,2026-09-04,51.0,paid
INV-03028,B056,2026-06-15,2026-07-30,103500.0,False,False,2026-08-03,4.0,paid
INV-01181,B020,2026-06-15,2026-07-15,42700.0,False,False,2026-08-01,17.0,paid
INV-01549,B027,2026-06-15,2026-07-15,70300.0,False,False,2026-07-07,-8.0,paid
INV-12050,B216,2026-06-16,2026-07-31,21700.0,False,False,2026-09-05,36.0,paid
INV-08688,B162,2026-06-16,2026-07-16,15100.0,False,False,2026-08-02,17.0,paid
INV-08904,B167,2026-06-16,2026-07-16,32300.0,False,False,2026-07-29,13.0,paid
INV-01018,B018,2026-06-16,2026-07-16,52000.0,False,False,2026-08-27,42.0,paid
INV-09290,B172,2026-06-16,2026-07-31,59900.0,False,True,2026-08-18,18.0,paid
INV-06786,B122,2026-06-16,2026-07-31,41600.0,False,False,2026-07-23,-8.0,paid
INV-10461,B188,2026-06-16,2026-07-16,18300.0,False,False,2026-07-29,13.0,paid
INV-06709,B120,2026-06-16,2026-07-31,76500.0,False,True,2026-08-25,25.0,paid
INV-04077,B076,2026-06-16,2026-07-31,39200.0,False,True,2026-08-26,26.0,paid
INV-10068,B183,2026-06-16,2026-07-31,114100.0,False,False,2026-08-27,27.0,paid
INV-00156,B002,2026-06-16,2026-07-16,236900.0,False,False,2026-07-24,8.0,paid
INV-08689,B162,2026-06-16,2026-07-16,27700.0,False,False,2026-08-14,29.0,paid
INV-04927,B090,2026-06-17,2026-08-01,143900.0,False,False,2026-08-05,4.0,paid
INV-06002,B104,2026-06-17,2026-07-17,109800.0,False,False,2026-07-19,2.0,paid
INV-11991,B214,2026-06-17,2026-08-01,138100.0,False,False,2026-09-12,42.0,paid
INV-01348,B023,2026-06-17,2026-08-01,58800.0,False,False,2026-08-31,30.0,paid
INV-10200,B185,2026-06-17,2026-08-01,191400.0,False,False,2026-09-09,39.0,paid
INV-05462,B098,2026-06-17,2026-07-17,25700.0,False,False,2026-07-07,-10.0,paid
INV-06229,B108,2026-06-17,2026-07-17,17400.0,False,False,2026-07-26,9.0,paid
INV-12176,B218,2026-06-18,2026-08-02,50500.0,False,False,,,open
INV-00303,B005,2026-06-18,2026-07-18,17600.0,False,True,2026-07-13,-5.0,paid
INV-10201,B185,2026-06-18,2026-08-02,198500.0,False,True,2026-09-28,57.0,paid
INV-06860,B125,2026-06-18,2026-08-02,9500.0,False,False,2026-08-08,6.0,paid
INV-08410,B158,2026-06-18,2026-08-02,23900.0,False,False,2026-09-21,50.0,paid
INV-09332,B173,2026-06-18,2026-08-02,56300.0,True,False,2026-09-11,40.0,paid
INV-06738,B121,2026-06-18,2026-08-02,148100.0,False,False,2026-08-17,15.0,paid
INV-09945,B182,2026-06-18,2026-07-18,65900.0,False,False,2026-07-25,7.0,paid
INV-02687,B051,2026-06-18,2026-07-18,73500.0,True,False,2026-09-14,58.0,paid
INV-01496,B025,2026-06-18,2026-08-02,5100.0,False,False,2026-08-15,13.0,paid
INV-06594,B119,2026-06-18,2026-07-18,31500.0,False,False,2026-07-08,-10.0,paid
INV-12193,B219,2026-06-19,2026-07-19,3000.0,False,False,2026-07-10,-9.0,paid
INV-07599,B141,2026-06-19,2026-07-19,123400.0,True,False,2026-09-01,44.0,paid
INV-03056,B057,2026-06-19,2026-07-19,90800.0,False,False,2026-07-12,-7.0,paid
INV-02226,B040,2026-06-19,2026-07-19,32400.0,False,False,2026-07-14,-5.0,paid
INV-02521,B048,2026-06-19,2026-08-03,64000.0,False,False,2026-08-26,23.0,paid
INV-01182,B020,2026-06-19,2026-07-19,206600.0,False,True,2026-09-09,52.0,paid
INV-03380,B066,2026-06-19,2026-08-03,43300.0,False,False,2026-08-10,7.0,paid
INV-06710,B120,2026-06-19,2026-08-03,21600.0,False,False,2026-08-14,11.0,paid
INV-01497,B025,2026-06-19,2026-08-03,22200.0,False,False,2026-08-27,24.0,paid
INV-06485,B116,2026-06-19,2026-08-03,111900.0,False,False,,,open
INV-02843,B054,2026-06-19,2026-07-19,19900.0,False,True,2026-07-22,3.0,paid
INV-06787,B122,2026-06-19,2026-08-03,114600.0,False,False,2026-07-30,-4.0,paid
INV-02002,B037,2026-06-19,2026-08-03,133000.0,False,False,2026-08-15,12.0,paid
INV-10202,B185,2026-06-19,2026-08-03,98200.0,False,False,2026-09-07,35.0,paid
INV-01019,B018,2026-06-19,2026-07-19,18600.0,False,False,2026-09-01,44.0,paid
INV-06964,B129,2026-06-19,2026-08-03,116600.0,False,False,2026-08-05,2.0,paid
INV-06486,B116,2026-06-20,2026-08-04,114500.0,False,False,2026-08-02,-2.0,paid
INV-00544,B010,2026-06-20,2026-08-04,5800.0,False,False,2026-08-04,0.0,paid
INV-06487,B116,2026-06-20,2026-08-04,104000.0,False,False,2026-08-13,9.0,paid
INV-08643,B161,2026-06-20,2026-07-20,60200.0,False,False,2026-07-23,3.0,paid
INV-09554,B175,2026-06-20,2026-07-20,64100.0,False,False,2026-07-11,-9.0,paid
INV-05260,B096,2026-06-20,2026-08-04,17100.0,False,False,2026-08-27,23.0,paid
INV-06906,B127,2026-06-20,2026-07-20,68600.0,False,False,2026-08-10,21.0,paid
INV-08905,B167,2026-06-20,2026-07-20,111700.0,False,False,2026-08-12,23.0,paid
INV-03844,B072,2026-06-20,2026-07-20,12800.0,False,False,2026-07-18,-2.0,paid
INV-07733,B143,2026-06-20,2026-08-04,23900.0,False,False,2026-07-31,-4.0,paid
INV-02427,B046,2026-06-20,2026-08-04,29900.0,False,False,2026-09-06,33.0,paid
INV-03057,B057,2026-06-20,2026-07-20,41600.0,False,True,2026-07-28,8.0,paid
INV-05000,B092,2026-06-20,2026-08-04,9800.0,False,False,2026-07-25,-10.0,paid
INV-04578,B086,2026-06-20,2026-08-04,76200.0,False,False,2026-07-28,-7.0,paid
INV-10069,B183,2026-06-20,2026-08-04,40900.0,False,False,2026-08-22,18.0,paid
INV-07253,B135,2026-06-20,2026-08-04,67200.0,False,True,2026-08-29,25.0,paid
INV-10203,B185,2026-06-20,2026-08-04,78200.0,False,False,2026-09-11,38.0,paid
INV-08091,B148,2026-06-20,2026-07-20,19600.0,False,False,2026-07-26,6.0,paid
INV-10973,B198,2026-06-21,2026-08-05,8600.0,False,False,2026-09-09,35.0,paid
INV-10615,B191,2026-06-21,2026-07-21,52900.0,False,False,2026-08-11,21.0,paid
INV-09291,B172,2026-06-21,2026-08-05,174200.0,False,False,2026-08-25,20.0,paid
INV-04579,B086,2026-06-21,2026-08-05,152300.0,False,False,2026-07-26,-10.0,paid
INV-11653,B210,2026-06-21,2026-07-21,97900.0,False,False,2026-08-09,19.0,paid
INV-10396,B187,2026-06-21,2026-07-21,153500.0,False,False,2026-08-07,17.0,paid
INV-04158,B078,2026-06-21,2026-07-21,18100.0,False,False,2026-07-28,7.0,paid
INV-11606,B209,2026-06-21,2026-08-05,60000.0,False,False,2026-08-15,10.0,paid
INV-09775,B179,2026-06-21,2026-07-21,14800.0,False,False,2026-08-23,33.0,paid
INV-00812,B015,2026-06-21,2026-07-21,110400.0,False,False,2026-07-18,-3.0,paid
INV-12177,B218,2026-06-22,2026-08-06,40600.0,False,False,2026-08-20,14.0,paid
INV-00213,B003,2026-06-22,2026-07-22,23500.0,False,False,2026-08-14,23.0,paid
INV-04312,B082,2026-06-22,2026-08-06,21700.0,False,False,2026-08-21,15.0,paid
INV-01226,B021,2026-06-22,2026-08-06,9100.0,True,False,,,open
INV-10204,B185,2026-06-22,2026-08-06,111900.0,True,False,,,open
INV-04288,B081,2026-06-22,2026-07-22,14700.0,False,False,2026-08-31,40.0,paid
INV-11607,B209,2026-06-22,2026-08-06,84300.0,False,False,2026-08-19,13.0,paid
INV-05670,B100,2026-06-22,2026-07-22,48700.0,False,False,2026-08-02,11.0,paid
INV-05190,B095,2026-06-22,2026-08-06,16700.0,False,False,2026-08-19,13.0,paid
INV-01792,B032,2026-06-22,2026-07-22,12800.0,False,False,,,open
INV-06305,B110,2026-06-22,2026-07-22,7600.0,False,False,2026-07-28,6.0,paid
INV-06324,B111,2026-06-22,2026-08-06,28900.0,True,True,2026-09-05,30.0,paid
INV-11992,B214,2026-06-22,2026-08-06,120300.0,False,False,2026-09-12,37.0,paid
INV-04078,B076,2026-06-22,2026-08-06,117900.0,False,False,2026-09-03,28.0,paid
INV-04928,B090,2026-06-22,2026-08-06,157300.0,True,False,2026-09-03,28.0,paid
INV-11047,B199,2026-06-22,2026-08-06,11400.0,False,True,2026-08-03,-3.0,paid
INV-06488,B116,2026-06-22,2026-08-06,192600.0,False,False,2026-08-13,7.0,paid
INV-11048,B199,2026-06-22,2026-08-06,13800.0,False,False,2026-07-28,-9.0,paid
INV-04657,B087,2026-06-23,2026-08-07,14300.0,False,False,,,open
INV-02336,B043,2026-06-23,2026-08-07,25300.0,False,False,2026-09-06,30.0,paid
INV-07091,B132,2026-06-23,2026-08-07,46400.0,False,False,2026-07-28,-10.0,paid
INV-02065,B038,2026-06-23,2026-07-23,27700.0,False,False,2026-08-09,17.0,paid
INV-07734,B143,2026-06-23,2026-08-07,10800.0,False,False,2026-08-01,-6.0,paid
INV-07954,B146,2026-06-23,2026-07-23,39100.0,False,False,2026-07-22,-1.0,paid
INV-04451,B085,2026-06-23,2026-07-23,92300.0,False,False,2026-08-02,10.0,paid
INV-09555,B175,2026-06-23,2026-07-23,41300.0,False,False,2026-07-19,-4.0,paid
INV-11918,B212,2026-06-23,2026-08-07,65600.0,False,False,2026-08-13,6.0,paid
INV-03845,B072,2026-06-23,2026-07-23,27500.0,False,False,2026-08-02,10.0,paid
INV-08411,B158,2026-06-24,2026-08-08,27900.0,False,False,2026-09-26,49.0,paid
INV-02066,B038,2026-06-24,2026-07-24,77500.0,False,False,2026-08-13,20.0,paid
INV-07875,B144,2026-06-24,2026-07-24,81500.0,False,False,2026-07-15,-9.0,paid
INV-09614,B176,2026-06-24,2026-08-08,5800.0,False,True,2026-09-23,46.0,paid
INV-02587,B050,2026-06-24,2026-07-24,36200.0,False,False,2026-08-26,33.0,paid
INV-10070,B183,2026-06-24,2026-08-08,120900.0,False,True,2026-09-20,43.0,paid
INV-10071,B183,2026-06-24,2026-08-08,62400.0,False,True,2026-09-18,41.0,paid
INV-05081,B093,2026-06-24,2026-08-08,88100.0,False,False,2026-08-28,20.0,paid
INV-09556,B175,2026-06-24,2026-07-24,87200.0,False,False,2026-07-30,6.0,paid
INV-07955,B146,2026-06-25,2026-07-25,51600.0,False,False,2026-07-21,-4.0,paid
INV-00042,B000,2026-06-25,2026-08-09,6500.0,False,False,2026-08-01,-8.0,paid
INV-10205,B185,2026-06-25,2026-08-09,112200.0,False,False,2026-09-07,29.0,paid
INV-07600,B141,2026-06-25,2026-07-25,52600.0,False,False,2026-08-09,15.0,paid
INV-05822,B102,2026-06-25,2026-08-09,50600.0,False,True,2026-08-12,3.0,paid
INV-07735,B143,2026-06-25,2026-08-09,11300.0,False,False,2026-08-10,1.0,paid
INV-06069,B105,2026-06-25,2026-07-25,64500.0,False,False,2026-07-30,5.0,paid
INV-11345,B204,2026-06-25,2026-07-25,85000.0,False,False,2026-08-13,19.0,paid
INV-07415,B138,2026-06-25,2026-07-25,37200.0,False,False,2026-07-26,1.0,paid
INV-04313,B082,2026-06-25,2026-08-09,19600.0,False,False,2026-07-30,-10.0,paid
INV-11184,B201,2026-06-25,2026-08-09,17900.0,False,True,2026-09-28,50.0,paid
INV-11608,B209,2026-06-25,2026-08-09,58100.0,False,True,2026-08-23,14.0,paid
INV-08092,B148,2026-06-26,2026-07-26,5000.0,False,False,2026-07-28,2.0,paid
INV-06844,B124,2026-06-26,2026-08-10,10800.0,False,False,2026-08-18,8.0,paid
INV-02918,B055,2026-06-26,2026-07-26,30000.0,False,False,2026-08-08,13.0,paid
INV-03768,B071,2026-06-26,2026-07-26,38900.0,False,False,2026-08-06,11.0,paid
INV-02473,B047,2026-06-26,2026-07-26,45800.0,False,False,2026-07-24,-2.0,paid
INV-02688,B051,2026-06-26,2026-07-26,85600.0,True,False,2026-09-12,48.0,paid
INV-04580,B086,2026-06-26,2026-08-10,109700.0,False,False,2026-07-31,-10.0,paid
INV-11697,B211,2026-06-26,2026-08-10,253200.0,False,True,,,open
INV-08644,B161,2026-06-27,2026-07-27,105400.0,False,False,2026-08-07,11.0,paid
INV-11919,B212,2026-06-27,2026-08-11,97600.0,False,False,2026-08-19,8.0,paid
INV-05671,B100,2026-06-27,2026-07-27,37900.0,False,False,2026-08-26,30.0,paid
INV-06887,B126,2026-06-27,2026-08-11,144300.0,False,False,2026-08-15,4.0,paid
INV-03029,B056,2026-06-27,2026-08-11,46500.0,False,False,2026-09-01,21.0,paid
INV-11479,B206,2026-06-27,2026-08-11,29400.0,False,True,2026-09-12,32.0,paid
INV-04929,B090,2026-06-27,2026-08-11,145700.0,False,False,2026-08-16,5.0,paid
INV-02689,B051,2026-06-27,2026-07-27,65900.0,False,True,2026-08-24,28.0,paid
INV-10397,B187,2026-06-27,2026-07-27,94200.0,False,True,2026-08-23,27.0,paid
INV-03350,B065,2026-06-27,2026-07-27,147900.0,False,False,2026-08-03,7.0,paid
INV-08477,B159,2026-06-27,2026-08-11,116000.0,False,False,2026-09-05,25.0,paid
INV-07876,B144,2026-06-27,2026-07-27,40900.0,False,False,2026-07-17,-10.0,paid
INV-10314,B186,2026-06-28,2026-08-12,84800.0,False,False,2026-08-27,15.0,paid
INV-11480,B206,2026-06-28,2026-08-12,20200.0,False,True,2026-08-26,14.0,paid
INV-09147,B169,2026-06-28,2026-07-28,32200.0,False,False,2026-08-07,10.0,paid
INV-09229,B171,2026-06-28,2026-07-28,261700.0,False,False,2026-08-17,20.0,paid
INV-07736,B143,2026-06-28,2026-08-12,48400.0,False,False,2026-08-16,4.0,paid
INV-03381,B066,2026-06-28,2026-08-12,159200.0,False,False,2026-08-23,11.0,paid
INV-07877,B144,2026-06-28,2026-07-28,72000.0,False,False,2026-07-24,-4.0,paid
INV-08318,B156,2026-06-28,2026-07-28,26200.0,False,False,2026-08-25,28.0,paid
INV-05672,B100,2026-06-28,2026-07-28,84200.0,False,False,2026-08-24,27.0,paid
INV-03030,B056,2026-06-28,2026-08-12,31100.0,False,False,2026-08-12,0.0,paid
INV-07182,B134,2026-06-28,2026-08-12,56500.0,False,False,2026-08-29,17.0,paid
INV-08412,B158,2026-06-29,2026-08-13,24000.0,True,False,,,open
INV-04106,B077,2026-06-29,2026-08-13,13500.0,False,False,2026-08-07,-6.0,paid
INV-07601,B141,2026-06-29,2026-07-29,100700.0,False,False,2026-08-13,15.0,paid
INV-01414,B024,2026-06-29,2026-07-29,104400.0,False,False,2026-08-20,22.0,paid
INV-04289,B081,2026-06-29,2026-07-29,14600.0,False,False,2026-08-25,27.0,paid
INV-01020,B018,2026-06-29,2026-07-29,17800.0,False,False,2026-09-03,36.0,paid
INV-02359,B044,2026-06-29,2026-07-29,56200.0,False,False,2026-08-24,26.0,paid
INV-02546,B049,2026-06-29,2026-08-13,136400.0,False,False,2026-08-11,-2.0,paid
INV-10839,B195,2026-06-30,2026-07-30,17700.0,False,False,2026-08-18,19.0,paid
INV-00356,B006,2026-06-30,2026-08-14,205600.0,False,False,2026-09-15,32.0,paid
INV-03178,B060,2026-06-30,2026-08-14,46200.0,False,False,2026-08-14,0.0,paid
INV-05082,B093,2026-06-30,2026-08-14,135700.0,False,False,2026-08-25,11.0,paid
INV-05673,B100,2026-06-30,2026-07-30,42300.0,False,False,2026-08-25,26.0,paid
INV-03949,B074,2026-06-30,2026-07-30,29600.0,True,False,2026-09-19,51.0,paid
INV-00157,B002,2026-06-30,2026-07-30,196100.0,False,False,2026-08-01,2.0,paid
INV-03987,B075,2026-06-30,2026-08-14,66500.0,False,True,2026-09-07,24.0,paid
INV-01659,B029,2026-07-01,2026-08-15,20200.0,False,False,2026-08-26,11.0,paid
INV-08319,B156,2026-07-01,2026-07-31,14300.0,False,False,2026-08-22,22.0,paid
INV-10889,B196,2026-07-01,2026-07-31,12000.0,False,False,2026-08-25,25.0,paid
INV-02733,B052,2026-07-01,2026-07-31,126700.0,False,False,2026-09-22,53.0,paid
INV-04867,B089,2026-07-01,2026-07-31,45600.0,False,False,2026-08-11,11.0,paid
INV-05124,B094,2026-07-01,2026-08-15,15800.0,True,True,,,open
INV-07416,B138,2026-07-01,2026-07-31,29900.0,False,False,2026-07-31,0.0,paid
INV-05775,B101,2026-07-01,2026-08-15,65700.0,False,False,2026-09-09,25.0,paid
INV-10512,B189,2026-07-01,2026-08-15,59400.0,False,False,2026-08-27,12.0,paid
INV-09557,B175,2026-07-01,2026-07-31,55100.0,False,False,2026-07-27,-4.0,paid
INV-05001,B092,2026-07-01,2026-08-15,12700.0,False,False,2026-08-10,-5.0,paid
INV-07737,B143,2026-07-01,2026-08-15,13700.0,False,True,2026-08-26,11.0,paid
INV-08761,B163,2026-07-01,2026-07-31,40100.0,False,False,2026-08-29,29.0,paid
INV-11609,B209,2026-07-01,2026-08-15,107500.0,False,False,2026-08-26,11.0,paid
INV-00043,B000,2026-07-02,2026-08-16,22400.0,False,False,2026-08-28,12.0,paid
INV-11280,B203,2026-07-02,2026-08-01,10800.0,False,False,2026-09-03,33.0,paid
INV-05522,B099,2026-07-02,2026-08-01,57800.0,False,False,2026-08-13,12.0,paid
INV-07183,B134,2026-07-02,2026-08-16,63300.0,False,False,2026-09-15,30.0,paid
INV-06965,B129,2026-07-02,2026-08-16,42500.0,False,False,2026-08-16,0.0,paid
INV-00449,B008,2026-07-02,2026-08-16,14500.0,False,False,2026-08-22,6.0,paid
INV-07254,B135,2026-07-02,2026-08-16,62000.0,False,False,2026-09-22,37.0,paid
INV-07092,B132,2026-07-02,2026-08-16,116900.0,False,False,2026-08-30,14.0,paid
INV-00158,B002,2026-07-03,2026-08-02,373600.0,False,False,2026-08-23,21.0,paid
INV-09292,B172,2026-07-03,2026-08-17,28300.0,False,False,2026-08-23,6.0,paid
INV-11993,B214,2026-07-03,2026-08-17,270400.0,False,False,,,open
INV-06325,B111,2026-07-03,2026-08-17,44400.0,False,False,2026-09-04,18.0,paid
INV-04794,B088,2026-07-03,2026-08-02,40800.0,False,False,2026-08-02,0.0,paid
INV-09558,B175,2026-07-03,2026-08-02,88400.0,False,False,2026-07-27,-6.0,paid
INV-06595,B119,2026-07-03,2026-08-02,107100.0,False,False,2026-08-06,4.0,paid
INV-00304,B005,2026-07-03,2026-08-02,23200.0,False,False,2026-07-24,-9.0,paid
INV-01853,B034,2026-07-03,2026-08-17,141600.0,False,False,2026-08-30,13.0,paid
INV-06824,B123,2026-07-04,2026-08-18,84400.0,False,False,,,open
INV-06739,B121,2026-07-04,2026-08-18,78200.0,False,False,2026-08-28,10.0,paid
INV-09333,B173,2026-07-04,2026-08-18,50000.0,False,False,2026-08-24,6.0,paid
INV-06711,B120,2026-07-04,2026-08-18,36900.0,False,False,2026-08-28,10.0,paid
INV-03618,B068,2026-07-04,2026-08-03,45000.0,False,False,2026-07-24,-10.0,paid
INV-04213,B080,2026-07-04,2026-08-03,96400.0,False,False,2026-08-08,5.0,paid
INV-01592,B028,2026-07-04,2026-08-18,5600.0,False,False,2026-09-14,27.0,paid
INV-09046,B168,2026-07-04,2026-08-18,65900.0,False,True,2026-09-13,26.0,paid
INV-03179,B060,2026-07-04,2026-08-18,41900.0,False,True,2026-09-07,20.0,paid
INV-05261,B096,2026-07-04,2026-08-18,38400.0,False,False,2026-09-22,35.0,paid
INV-04795,B088,2026-07-04,2026-08-03,15800.0,False,False,2026-08-06,3.0,paid
INV-02690,B051,2026-07-04,2026-08-03,31800.0,False,False,2026-08-09,6.0,paid
INV-05823,B102,2026-07-04,2026-08-18,35100.0,False,False,2026-08-08,-10.0,paid
INV-05824,B102,2026-07-04,2026-08-18,29600.0,False,False,2026-08-08,-10.0,paid
INV-10676,B192,2026-07-04,2026-08-18,22000.0,False,False,,,open
INV-10840,B195,2026-07-04,2026-08-03,13800.0,False,False,2026-08-21,18.0,paid
INV-05191,B095,2026-07-05,2026-08-19,24900.0,False,False,2026-09-01,13.0,paid
INV-08155,B150,2026-07-05,2026-08-19,59900.0,False,False,2026-09-04,16.0,paid
INV-03382,B066,2026-07-05,2026-08-19,122400.0,False,False,2026-09-05,17.0,paid
INV-10513,B189,2026-07-05,2026-08-19,79500.0,False,False,2026-08-31,12.0,paid
INV-02547,B049,2026-07-05,2026-08-19,72300.0,False,True,2026-09-08,20.0,paid
INV-03100,B058,2026-07-05,2026-08-19,145500.0,False,False,,,open
INV-00450,B008,2026-07-05,2026-08-19,20900.0,False,False,2026-08-22,3.0,paid
INV-01021,B018,2026-07-05,2026-08-04,33100.0,False,False,2026-09-20,47.0,paid
INV-11346,B204,2026-07-06,2026-08-05,171700.0,False,False,2026-08-28,23.0,paid
INV-10206,B185,2026-07-06,2026-08-20,131900.0,False,True,,,open
INV-08197,B152,2026-07-06,2026-08-20,38300.0,False,False,2026-08-22,2.0,paid
INV-11410,B205,2026-07-06,2026-08-20,114200.0,False,False,2026-08-31,11.0,paid
INV-00075,B001,2026-07-06,2026-08-20,32300.0,False,False,2026-09-04,15.0,paid
INV-10761,B194,2026-07-06,2026-08-20,45700.0,True,False,2026-09-21,32.0,paid
INV-04930,B090,2026-07-06,2026-08-20,279600.0,False,False,2026-08-31,11.0,paid
INV-10112,B184,2026-07-06,2026-08-05,180700.0,False,True,2026-08-31,26.0,paid
INV-07184,B134,2026-07-06,2026-08-20,91000.0,False,False,2026-09-21,32.0,paid
INV-10072,B183,2026-07-06,2026-08-20,85400.0,False,False,2026-09-24,35.0,paid
INV-10928,B197,2026-07-06,2026-08-20,68500.0,False,False,2026-08-15,-5.0,paid
INV-00451,B008,2026-07-06,2026-08-20,12800.0,False,False,2026-08-30,10.0,paid
INV-06306,B110,2026-07-06,2026-08-05,8400.0,False,False,2026-08-30,25.0,paid
INV-01498,B025,2026-07-06,2026-08-20,20400.0,False,False,2026-09-20,31.0,paid
INV-04796,B088,2026-07-07,2026-08-06,26500.0,True,False,,,open
INV-02168,B039,2026-07-07,2026-08-21,18500.0,False,False,2026-09-06,16.0,paid
INV-03351,B065,2026-07-07,2026-08-06,118700.0,False,True,2026-08-18,12.0,paid
INV-05776,B101,2026-07-07,2026-08-21,69400.0,False,False,2026-09-24,34.0,paid
INV-08413,B158,2026-07-07,2026-08-21,9400.0,False,True,,,open
INV-00357,B006,2026-07-07,2026-08-21,99900.0,False,False,2026-08-28,7.0,paid
INV-08478,B159,2026-07-07,2026-08-21,182500.0,False,False,2026-09-11,21.0,paid
INV-09148,B169,2026-07-07,2026-08-06,53600.0,False,False,2026-08-19,13.0,paid
INV-05674,B100,2026-07-07,2026-08-06,49200.0,False,False,2026-09-13,38.0,paid
INV-00669,B013,2026-07-07,2026-08-21,16700.0,False,False,2026-09-11,21.0,paid
INV-10515,B189,2026-07-07,2026-08-21,50200.0,False,False,2026-09-08,18.0,paid
INV-00740,B014,2026-07-07,2026-08-06,50900.0,False,False,2026-08-02,-4.0,paid
INV-00867,B016,2026-07-07,2026-08-21,30900.0,False,False,2026-08-22,1.0,paid
INV-09445,B174,2026-07-07,2026-08-06,16700.0,False,False,2026-07-29,-8.0,paid
INV-07738,B143,2026-07-07,2026-08-21,19300.0,False,False,2026-08-29,8.0,paid
INV-10514,B189,2026-07-07,2026-08-21,32600.0,False,True,2026-09-11,21.0,paid
INV-12178,B218,2026-07-07,2026-08-21,41400.0,False,False,2026-09-04,14.0,paid
INV-11281,B203,2026-07-08,2026-08-07,9800.0,False,False,2026-09-09,33.0,paid
INV-02067,B038,2026-07-08,2026-08-07,59800.0,False,True,2026-09-15,39.0,paid
INV-10315,B186,2026-07-08,2026-08-22,149100.0,False,False,2026-09-05,14.0,paid
INV-01022,B018,2026-07-08,2026-08-07,22600.0,False,False,2026-09-17,41.0,paid
INV-08906,B167,2026-07-08,2026-08-07,46500.0,True,False,2026-09-14,38.0,paid
INV-09149,B169,2026-07-08,2026-08-07,29500.0,False,False,2026-08-24,17.0,paid
INV-11144,B200,2026-07-08,2026-08-07,27400.0,False,False,2026-08-26,19.0,paid
INV-06402,B114,2026-07-08,2026-08-22,10900.0,False,False,2026-09-04,13.0,paid
INV-02227,B040,2026-07-08,2026-08-07,43600.0,False,False,2026-08-15,8.0,paid
INV-10073,B183,2026-07-08,2026-08-22,80000.0,False,False,2026-09-22,31.0,paid
INV-07417,B138,2026-07-08,2026-08-07,23800.0,False,False,2026-08-03,-4.0,paid
INV-06991,B130,2026-07-08,2026-08-07,32700.0,False,False,2026-08-07,0.0,paid
INV-02228,B040,2026-07-09,2026-08-08,19800.0,False,False,2026-07-30,-9.0,paid
INV-01415,B024,2026-07-09,2026-08-08,204700.0,False,False,2026-09-09,32.0,paid
INV-09946,B182,2026-07-09,2026-08-08,140700.0,False,False,2026-08-05,-3.0,paid
INV-01023,B018,2026-07-09,2026-08-08,14200.0,False,False,2026-09-06,29.0,paid
INV-02003,B037,2026-07-09,2026-08-23,177000.0,False,False,2026-08-29,6.0,paid
INV-01281,B022,2026-07-09,2026-08-08,8200.0,False,False,2026-09-12,35.0,paid
INV-06373,B113,2026-07-09,2026-08-23,64600.0,False,False,2026-09-17,25.0,paid
INV-06907,B127,2026-07-09,2026-08-08,46400.0,False,False,2026-08-24,16.0,paid
INV-08125,B149,2026-07-09,2026-08-08,348100.0,False,False,2026-09-22,45.0,paid
INV-10462,B188,2026-07-09,2026-08-08,11900.0,False,False,2026-08-17,9.0,paid
INV-01728,B030,2026-07-09,2026-08-08,186500.0,False,False,2026-08-15,7.0,paid
INV-10074,B183,2026-07-09,2026-08-23,428100.0,False,False,,,open
INV-00044,B000,2026-07-09,2026-08-23,9900.0,False,False,2026-08-31,8.0,paid
INV-08376,B157,2026-07-09,2026-08-08,43800.0,False,False,,,open
INV-12179,B218,2026-07-10,2026-08-24,84600.0,False,False,2026-09-14,21.0,paid
INV-11347,B204,2026-07-10,2026-08-09,203300.0,True,False,,,open
INV-09047,B168,2026-07-10,2026-08-24,57700.0,False,False,2026-09-19,26.0,paid
INV-11654,B210,2026-07-10,2026-08-09,202000.0,False,False,2026-09-12,34.0,paid
INV-01073,B019,2026-07-10,2026-08-09,17900.0,False,True,2026-09-15,37.0,paid
INV-00670,B013,2026-07-10,2026-08-24,10400.0,True,False,,,open
INV-08645,B161,2026-07-10,2026-08-09,49500.0,False,False,2026-08-18,9.0,paid
INV-05388,B097,2026-07-10,2026-08-09,62900.0,False,False,2026-07-30,-10.0,paid
INV-03687,B069,2026-07-10,2026-08-09,51900.0,False,False,2026-09-11,33.0,paid
INV-06083,B106,2026-07-10,2026-08-24,88900.0,True,False,,,open
INV-10516,B189,2026-07-10,2026-08-24,43000.0,False,False,2026-09-03,10.0,paid
INV-02372,B045,2026-07-11,2026-08-25,22100.0,False,True,2026-09-29,35.0,paid
INV-09446,B174,2026-07-11,2026-08-10,31400.0,False,False,2026-08-06,-4.0,paid
INV-01660,B029,2026-07-11,2026-08-25,32300.0,False,False,2026-09-11,17.0,paid
INV-00671,B013,2026-07-11,2026-08-25,31600.0,False,False,2026-09-21,27.0,paid
INV-04931,B090,2026-07-11,2026-08-25,231700.0,False,False,2026-09-12,18.0,paid
INV-07255,B135,2026-07-11,2026-08-25,65600.0,False,True,,,open
INV-11920,B212,2026-07-11,2026-08-25,67900.0,False,False,2026-08-19,-6.0,paid
INV-00741,B014,2026-07-11,2026-08-10,106000.0,False,True,2026-09-03,24.0,paid
INV-03619,B068,2026-07-11,2026-08-10,94300.0,False,False,2026-08-01,-9.0,paid
INV-06923,B128,2026-07-11,2026-08-25,89600.0,False,False,2026-08-24,-1.0,paid
INV-00452,B008,2026-07-11,2026-08-25,29900.0,False,False,2026-08-29,4.0,paid
INV-08320,B156,2026-07-11,2026-08-10,9000.0,False,False,2026-08-20,10.0,paid
INV-09559,B175,2026-07-11,2026-08-10,68500.0,False,True,2026-08-22,12.0,paid
INV-06003,B104,2026-07-11,2026-08-10,70000.0,False,False,2026-08-09,-1.0,paid
INV-06230,B108,2026-07-11,2026-08-10,18400.0,False,False,2026-08-24,14.0,paid
INV-11185,B201,2026-07-12,2026-08-26,17200.0,False,True,,,open
INV-10075,B183,2026-07-12,2026-08-26,180100.0,False,True,,,open
INV-08479,B159,2026-07-12,2026-08-26,62600.0,False,False,2026-09-16,21.0,paid
INV-00813,B015,2026-07-12,2026-08-11,79000.0,False,False,2026-08-01,-10.0,paid
INV-06966,B129,2026-07-13,2026-08-27,58800.0,False,False,2026-09-01,5.0,paid
INV-05389,B097,2026-07-13,2026-08-12,32900.0,False,False,2026-08-14,2.0,paid
INV-02068,B038,2026-07-13,2026-08-12,65200.0,False,False,2026-09-05,24.0,paid
INV-11481,B206,2026-07-13,2026-08-27,22200.0,False,False,2026-09-07,11.0,paid
INV-01024,B018,2026-07-13,2026-08-12,36300.0,False,False,2026-09-26,45.0,paid
INV-11348,B204,2026-07-13,2026-08-12,159800.0,True,False,2026-09-26,45.0,paid
INV-08907,B167,2026-07-13,2026-08-12,39600.0,False,True,2026-09-01,20.0,paid
INV-04797,B088,2026-07-13,2026-08-12,57200.0,False,False,2026-08-09,-3.0,paid
INV-06552,B118,2026-07-13,2026-08-12,7600.0,False,False,2026-09-07,26.0,paid
INV-09732,B178,2026-07-13,2026-08-12,24600.0,False,False,2026-08-31,19.0,paid
INV-06084,B106,2026-07-13,2026-08-27,123200.0,True,True,,,open
INV-09048,B168,2026-07-13,2026-08-27,45300.0,False,False,2026-09-14,18.0,paid
INV-11921,B212,2026-07-13,2026-08-27,78500.0,False,False,2026-08-23,-4.0,paid
INV-02844,B054,2026-07-13,2026-08-12,24500.0,False,True,2026-08-28,16.0,paid
INV-10890,B196,2026-07-14,2026-08-13,21300.0,False,False,2026-09-18,36.0,paid
INV-02522,B048,2026-07-14,2026-08-28,72200.0,True,False,,,open
INV-08238,B154,2026-07-14,2026-08-28,57000.0,False,False,2026-09-13,16.0,paid
INV-06967,B129,2026-07-14,2026-08-28,168700.0,False,False,2026-09-05,8.0,paid
INV-11049,B199,2026-07-14,2026-08-28,10400.0,False,False,2026-08-18,-10.0,paid
INV-12051,B216,2026-07-14,2026-08-28,9100.0,False,False,2026-09-15,18.0,paid
INV-12180,B218,2026-07-14,2026-08-28,34400.0,False,False,2026-09-01,4.0,paid
INV-06845,B124,2026-07-14,2026-08-28,16700.0,False,False,2026-09-02,5.0,paid
INV-04932,B090,2026-07-14,2026-08-28,58700.0,False,True,2026-09-11,14.0,paid
INV-04394,B084,2026-07-14,2026-08-28,11900.0,False,False,,,open
INV-09230,B171,2026-07-14,2026-08-13,294800.0,False,False,2026-09-03,21.0,paid
INV-08848,B166,2026-07-14,2026-08-13,60600.0,False,False,2026-08-23,10.0,paid
INV-01183,B020,2026-07-14,2026-08-13,63000.0,False,False,2026-08-30,17.0,paid
INV-11543,B207,2026-07-14,2026-08-13,75000.0,False,False,2026-08-23,10.0,paid
INV-06004,B104,2026-07-14,2026-08-13,62900.0,True,False,2026-09-01,19.0,paid
INV-09824,B180,2026-07-15,2026-08-14,14100.0,False,False,2026-09-03,20.0,paid
INV-10677,B192,2026-07-15,2026-08-29,27900.0,False,False,2026-08-19,-10.0,paid
INV-10463,B188,2026-07-15,2026-08-14,41000.0,False,False,2026-08-28,14.0,paid
INV-05523,B099,2026-07-15,2026-08-14,163200.0,False,False,2026-08-31,17.0,paid
INV-06489,B116,2026-07-15,2026-08-29,87700.0,False,False,2026-09-01,3.0,paid
INV-01499,B025,2026-07-15,2026-08-29,6200.0,False,False,2026-09-16,18.0,paid
INV-05825,B102,2026-07-15,2026-08-29,78900.0,False,False,2026-08-25,-4.0,paid
INV-09851,B181,2026-07-15,2026-08-29,45200.0,False,False,2026-09-15,17.0,paid
INV-01729,B030,2026-07-15,2026-08-14,87900.0,False,False,2026-08-13,-1.0,paid
INV-03688,B069,2026-07-15,2026-08-14,37300.0,False,False,2026-09-10,27.0,paid
INV-04214,B080,2026-07-15,2026-08-14,202000.0,False,False,2026-08-20,6.0,paid
INV-00814,B015,2026-07-15,2026-08-14,76400.0,True,False,2026-09-14,31.0,paid
INV-01416,B024,2026-07-15,2026-08-14,115600.0,False,False,2026-08-29,15.0,paid
INV-00358,B006,2026-07-16,2026-08-30,75200.0,False,False,2026-09-13,14.0,paid
INV-01500,B025,2026-07-16,2026-08-30,18600.0,False,False,2026-09-23,24.0,paid
INV-11698,B211,2026-07-16,2026-08-30,352500.0,False,False,,,open
INV-04314,B082,2026-07-16,2026-08-30,28100.0,False,True,2026-09-12,13.0,paid
INV-02845,B054,2026-07-16,2026-08-15,47000.0,False,False,2026-08-17,2.0,paid
INV-10841,B195,2026-07-16,2026-08-15,19200.0,False,False,2026-09-09,25.0,paid
INV-03950,B074,2026-07-16,2026-08-15,14400.0,True,False,2026-09-21,37.0,paid
INV-03689,B069,2026-07-17,2026-08-16,37900.0,True,False,,,open
INV-03769,B071,2026-07-17,2026-08-16,49200.0,False,False,2026-08-24,8.0,paid
INV-00214,B003,2026-07-17,2026-08-16,19100.0,False,False,2026-09-16,31.0,paid
INV-09615,B176,2026-07-17,2026-08-31,6100.0,False,False,2026-09-25,25.0,paid
INV-03199,B061,2026-07-17,2026-08-16,35000.0,False,False,2026-08-06,-10.0,paid
INV-05083,B093,2026-07-17,2026-08-31,57300.0,False,False,2026-09-08,8.0,paid
INV-06712,B120,2026-07-17,2026-08-31,20200.0,False,True,2026-09-14,14.0,paid
INV-08690,B162,2026-07-17,2026-08-16,18100.0,False,False,2026-08-26,10.0,paid
INV-07739,B143,2026-07-17,2026-08-31,14200.0,False,False,2026-08-28,-3.0,paid
INV-05777,B101,2026-07-17,2026-08-31,85000.0,False,False,2026-09-26,26.0,paid
INV-08377,B157,2026-07-17,2026-08-16,41100.0,False,False,2026-09-15,30.0,paid
INV-10733,B193,2026-07-17,2026-08-31,28400.0,False,False,2026-09-15,15.0,paid
INV-03200,B061,2026-07-17,2026-08-16,25700.0,False,False,2026-08-06,-10.0,paid
INV-11922,B212,2026-07-18,2026-09-01,166200.0,False,False,2026-09-09,8.0,paid
INV-04290,B081,2026-07-18,2026-08-17,25900.0,False,False,2026-09-14,28.0,paid
INV-04581,B086,2026-07-18,2026-09-01,173000.0,False,False,2026-08-31,-1.0,paid
INV-02337,B043,2026-07-18,2026-09-01,24700.0,False,False,2026-09-24,23.0,paid
INV-06005,B104,2026-07-18,2026-08-17,97800.0,False,False,2026-08-11,-6.0,paid
INV-04159,B078,2026-07-18,2026-08-17,16200.0,False,False,2026-08-29,12.0,paid
INV-10076,B183,2026-07-18,2026-09-01,120100.0,True,False,,,open
INV-10077,B183,2026-07-18,2026-09-01,53900.0,False,True,,,open
INV-10517,B189,2026-07-19,2026-09-02,23600.0,False,False,2026-09-05,3.0,paid
INV-06713,B120,2026-07-19,2026-09-02,45900.0,False,False,2026-09-18,16.0,paid
INV-07562,B140,2026-07-19,2026-09-02,11500.0,False,False,2026-09-03,1.0,paid
INV-03846,B072,2026-07-19,2026-08-18,14000.0,False,False,2026-08-24,6.0,paid
INV-01349,B023,2026-07-19,2026-09-02,110800.0,False,False,,,open
INV-01350,B023,2026-07-19,2026-09-02,26500.0,True,False,,,open
INV-00238,B004,2026-07-19,2026-09-02,26900.0,False,False,2026-09-14,12.0,paid
INV-11923,B212,2026-07-19,2026-09-02,34500.0,False,False,2026-09-10,8.0,paid
INV-02474,B047,2026-07-19,2026-08-18,132400.0,True,False,2026-09-02,15.0,paid
INV-07616,B142,2026-07-19,2026-08-18,45000.0,False,False,2026-09-14,27.0,paid
INV-02004,B037,2026-07-19,2026-09-02,210700.0,False,False,2026-09-11,9.0,paid
INV-04349,B083,2026-07-19,2026-09-02,46100.0,False,False,2026-09-23,21.0,paid
INV-11411,B205,2026-07-19,2026-09-02,47800.0,False,False,2026-08-23,-10.0,paid
INV-07354,B137,2026-07-19,2026-09-02,22000.0,False,False,2026-09-10,8.0,paid
INV-06307,B110,2026-07-20,2026-08-19,21000.0,False,False,2026-09-05,17.0,paid
INV-05262,B096,2026-07-20,2026-09-03,59200.0,True,False,,,open
INV-07563,B140,2026-07-20,2026-09-03,2900.0,False,False,2026-09-02,-1.0,paid
INV-03770,B071,2026-07-20,2026-08-19,35600.0,False,False,2026-08-23,4.0,paid
INV-07256,B135,2026-07-21,2026-09-04,81900.0,False,False,,,open
INV-02169,B039,2026-07-21,2026-09-04,23100.0,False,False,2026-09-12,8.0,paid
INV-07602,B141,2026-07-21,2026-08-20,75500.0,False,False,2026-09-11,22.0,paid
INV-10398,B187,2026-07-21,2026-08-20,179900.0,False,False,2026-09-12,23.0,paid
INV-08908,B167,2026-07-21,2026-08-20,57600.0,False,False,2026-08-26,6.0,paid
INV-04658,B087,2026-07-21,2026-09-04,16700.0,False,False,2026-08-30,-5.0,paid
INV-00400,B007,2026-07-21,2026-08-20,513200.0,False,False,2026-09-11,22.0,paid
INV-09049,B168,2026-07-21,2026-09-04,56100.0,False,False,2026-09-21,17.0,paid
INV-02475,B047,2026-07-21,2026-08-20,246800.0,False,False,2026-08-19,-1.0,paid
INV-10207,B185,2026-07-21,2026-09-04,90300.0,False,True,,,open
INV-06861,B125,2026-07-22,2026-09-05,50800.0,False,False,2026-09-19,14.0,paid
INV-08646,B161,2026-07-22,2026-08-21,89100.0,False,False,2026-09-02,12.0,paid
INV-09198,B170,2026-07-22,2026-09-05,9500.0,False,False,2026-09-25,20.0,paid
INV-09656,B177,2026-07-22,2026-09-05,30000.0,False,False,2026-09-27,22.0,paid
INV-01730,B030,2026-07-22,2026-08-21,63400.0,False,False,2026-08-23,2.0,paid
INV-12181,B218,2026-07-22,2026-09-05,48400.0,False,False,2026-09-21,16.0,paid
INV-06714,B120,2026-07-22,2026-09-05,58000.0,False,False,2026-09-08,3.0,paid
INV-06374,B113,2026-07-22,2026-09-05,485100.0,False,False,,,open
INV-04160,B078,2026-07-22,2026-08-21,22700.0,False,False,2026-09-06,16.0,paid
INV-10208,B185,2026-07-22,2026-09-05,84700.0,False,True,,,open
INV-05125,B094,2026-07-22,2026-09-05,23800.0,True,False,2026-09-25,20.0,paid
INV-01184,B020,2026-07-22,2026-08-21,151200.0,False,False,2026-09-11,21.0,paid
INV-02170,B039,2026-07-22,2026-09-05,18400.0,False,False,2026-09-06,1.0,paid
INV-08647,B161,2026-07-22,2026-08-21,129700.0,False,False,2026-08-26,5.0,paid
INV-07937,B145,2026-07-23,2026-09-06,4500.0,False,False,2026-09-02,-4.0,paid
INV-02919,B055,2026-07-23,2026-08-22,33300.0,False,False,2026-09-20,29.0,paid
INV-08498,B160,2026-07-23,2026-08-22,438700.0,False,False,2026-09-07,16.0,paid
INV-09733,B178,2026-07-23,2026-08-22,26200.0,False,False,2026-09-06,15.0,paid
INV-01185,B020,2026-07-23,2026-08-22,124700.0,False,True,2026-09-23,32.0,paid
INV-02846,B054,2026-07-23,2026-08-22,14700.0,False,False,2026-08-14,-8.0,paid
INV-08011,B147,2026-07-23,2026-08-22,17000.0,False,False,2026-09-05,14.0,paid
INV-02735,B052,2026-07-23,2026-08-22,78800.0,False,False,,,open
INV-04659,B087,2026-07-23,2026-09-06,40700.0,False,False,2026-08-30,-7.0,paid
INV-04452,B085,2026-07-23,2026-08-22,91800.0,True,False,,,open
INV-02734,B052,2026-07-23,2026-08-22,109300.0,False,False,,,open
INV-07617,B142,2026-07-23,2026-08-22,61100.0,False,False,2026-09-14,23.0,paid
INV-05675,B100,2026-07-23,2026-08-22,39700.0,False,False,2026-09-08,17.0,paid
INV-08262,B155,2026-07-23,2026-09-06,15800.0,False,False,2026-09-07,1.0,paid
INV-08093,B148,2026-07-24,2026-08-23,5400.0,False,False,2026-08-26,3.0,paid
INV-05676,B100,2026-07-24,2026-08-23,29000.0,False,False,2026-09-02,10.0,paid
INV-09050,B168,2026-07-24,2026-09-07,32900.0,False,False,,,open
INV-11412,B205,2026-07-24,2026-09-07,52900.0,False,True,2026-09-14,7.0,paid
INV-08648,B161,2026-07-24,2026-08-23,99500.0,False,False,2026-09-03,11.0,paid
INV-01933,B036,2026-07-24,2026-09-07,51300.0,False,False,2026-09-28,21.0,paid
INV-09334,B173,2026-07-24,2026-09-07,63100.0,False,False,2026-09-23,16.0,paid
INV-06278,B109,2026-07-24,2026-08-23,90100.0,False,False,2026-09-16,24.0,paid
INV-05002,B092,2026-07-24,2026-09-07,49300.0,True,False,,,open
INV-00305,B005,2026-07-24,2026-08-23,90500.0,True,False,2026-09-24,32.0,paid
INV-10891,B196,2026-07-24,2026-08-23,39100.0,False,False,,,open
INV-07257,B135,2026-07-24,2026-09-07,32500.0,False,False,,,open
INV-07093,B132,2026-07-24,2026-09-07,46900.0,True,False,2026-09-22,15.0,paid
INV-00239,B004,2026-07-25,2026-09-08,19600.0,False,False,2026-09-28,20.0,paid
INV-03517,B067,2026-07-25,2026-08-24,66200.0,False,False,2026-08-19,-5.0,paid
INV-01074,B019,2026-07-25,2026-08-24,16000.0,False,True,2026-09-12,19.0,paid
INV-09947,B182,2026-07-25,2026-08-24,91800.0,False,False,2026-08-26,2.0,paid
INV-05390,B097,2026-07-25,2026-08-24,51800.0,False,False,2026-08-31,7.0,paid
INV-06968,B129,2026-07-25,2026-09-08,82400.0,False,True,2026-09-18,10.0,paid
INV-08156,B150,2026-07-25,2026-09-08,43100.0,False,False,2026-09-24,16.0,paid
INV-02920,B055,2026-07-25,2026-08-24,45300.0,False,False,2026-09-16,23.0,paid
INV-05678,B100,2026-07-26,2026-08-25,92300.0,False,True,2026-09-27,33.0,paid
INV-05677,B100,2026-07-26,2026-08-25,48100.0,False,False,2026-09-19,25.0,paid
INV-06447,B115,2026-07-26,2026-09-09,38600.0,False,False,2026-09-17,8.0,paid
INV-01731,B030,2026-07-26,2026-08-25,126000.0,False,False,2026-08-22,-3.0,paid
INV-05859,B103,2026-07-26,2026-09-09,70800.0,False,False,2026-09-22,13.0,paid
INV-09051,B168,2026-07-26,2026-09-09,34600.0,False,True,2026-09-23,14.0,paid
INV-06231,B108,2026-07-26,2026-08-25,18300.0,False,False,2026-09-14,20.0,paid
INV-08239,B154,2026-07-26,2026-09-09,25500.0,False,False,2026-09-06,-3.0,paid
INV-01025,B018,2026-07-26,2026-08-25,34900.0,False,True,,,open
INV-04395,B084,2026-07-26,2026-09-09,36900.0,False,False,,,open
INV-02360,B044,2026-07-26,2026-08-25,71800.0,False,True,,,open
INV-10842,B195,2026-07-27,2026-08-26,31500.0,False,False,,,open
INV-04396,B084,2026-07-27,2026-09-10,13100.0,False,False,,,open
INV-01417,B024,2026-07-27,2026-08-26,278900.0,False,False,2026-09-14,19.0,paid
INV-07521,B139,2026-07-27,2026-08-26,64200.0,False,False,2026-09-19,24.0,paid
INV-02229,B040,2026-07-27,2026-08-26,103200.0,False,False,2026-08-25,-1.0,paid
INV-08480,B159,2026-07-27,2026-09-10,180900.0,False,False,2026-09-16,6.0,paid
INV-06006,B104,2026-07-27,2026-08-26,98600.0,False,False,2026-08-25,-1.0,paid
INV-09734,B178,2026-07-27,2026-08-26,36300.0,False,False,2026-09-20,25.0,paid
INV-03058,B057,2026-07-27,2026-08-26,169400.0,False,True,2026-09-15,20.0,paid
INV-11544,B207,2026-07-28,2026-08-27,27400.0,False,True,2026-09-11,15.0,paid
INV-06992,B130,2026-07-28,2026-08-27,40400.0,False,False,2026-08-17,-10.0,paid
INV-09293,B172,2026-07-28,2026-09-11,81300.0,False,False,2026-09-27,16.0,paid
INV-00306,B005,2026-07-28,2026-08-27,41100.0,False,False,2026-08-23,-4.0,paid
INV-11145,B200,2026-07-28,2026-08-27,12300.0,False,False,2026-09-13,17.0,paid
INV-07522,B139,2026-07-28,2026-08-27,46900.0,False,False,2026-09-06,10.0,paid
INV-08378,B157,2026-07-28,2026-08-27,48500.0,False,False,2026-09-18,22.0,paid
INV-10974,B198,2026-07-28,2026-09-11,11500.0,False,False,,,open
INV-03101,B058,2026-07-28,2026-09-11,42700.0,False,True,,,open
INV-08094,B148,2026-07-29,2026-08-28,8400.0,False,False,2026-08-30,2.0,paid
INV-08909,B167,2026-07-29,2026-08-28,42500.0,False,True,2026-09-24,27.0,paid
INV-08649,B161,2026-07-29,2026-08-28,48000.0,False,False,2026-09-19,22.0,paid
INV-02279,B042,2026-07-29,2026-08-28,55600.0,False,False,2026-09-23,26.0,paid
INV-09447,B174,2026-07-29,2026-08-28,27100.0,False,False,2026-08-18,-10.0,paid
INV-06070,B105,2026-07-29,2026-08-28,132900.0,False,False,2026-08-29,1.0,paid
INV-01902,B035,2026-07-29,2026-09-12,34700.0,False,False,2026-09-03,-9.0,paid
INV-00076,B001,2026-07-29,2026-09-12,95000.0,False,True,,,open
INV-01526,B026,2026-07-29,2026-09-12,56600.0,False,True,2026-09-28,16.0,paid
INV-06825,B123,2026-07-30,2026-09-13,103200.0,False,True,,,open
INV-08379,B157,2026-07-30,2026-08-29,21300.0,False,False,2026-09-15,17.0,paid
INV-10210,B185,2026-07-30,2026-09-13,115300.0,False,False,,,open
INV-10209,B185,2026-07-30,2026-09-13,122400.0,False,False,,,open
INV-03236,B062,2026-07-30,2026-09-13,7600.0,False,False,,,open
INV-05679,B100,2026-07-30,2026-08-29,57600.0,False,False,2026-09-24,26.0,paid
INV-03518,B067,2026-07-30,2026-08-29,37600.0,False,False,2026-08-19,-10.0,paid
INV-08691,B162,2026-07-30,2026-08-29,14900.0,False,False,2026-09-14,16.0,paid
INV-02428,B046,2026-07-31,2026-09-14,23500.0,False,False,,,open
INV-02775,B053,2026-07-31,2026-08-30,27800.0,False,True,2026-08-30,0.0,paid
INV-04798,B088,2026-07-31,2026-08-30,34200.0,False,False,2026-08-20,-10.0,paid
INV-05084,B093,2026-07-31,2026-09-14,27900.0,False,False,2026-09-17,3.0,paid
INV-10399,B187,2026-07-31,2026-08-30,160900.0,False,True,,,open
INV-05391,B097,2026-07-31,2026-08-30,126000.0,False,False,2026-09-04,5.0,paid
INV-04582,B086,2026-07-31,2026-09-14,464900.0,False,False,2026-09-07,-7.0,paid
INV-09735,B178,2026-08-01,2026-08-31,35600.0,False,False,2026-09-22,22.0,paid
INV-03988,B075,2026-08-01,2026-09-15,80700.0,False,False,,,open
INV-03102,B058,2026-08-01,2026-09-15,121200.0,False,False,,,open
INV-02069,B038,2026-08-01,2026-08-31,50700.0,False,False,2026-09-16,16.0,paid
INV-09736,B178,2026-08-01,2026-08-31,17600.0,False,False,2026-09-14,14.0,paid
INV-01186,B020,2026-08-01,2026-08-31,124000.0,False,False,2026-09-22,22.0,paid
INV-06715,B120,2026-08-01,2026-09-15,43700.0,False,False,2026-09-27,12.0,paid
INV-05680,B100,2026-08-01,2026-08-31,91400.0,False,False,2026-09-27,27.0,paid
INV-08095,B148,2026-08-01,2026-08-31,4300.0,False,True,2026-09-11,11.0,paid
INV-02588,B050,2026-08-01,2026-08-31,67300.0,False,False,,,open
INV-00673,B013,2026-08-01,2026-09-15,20500.0,False,False,,,open
INV-01351,B023,2026-08-01,2026-09-15,25600.0,False,False,,,open
INV-00672,B013,2026-08-01,2026-09-15,9900.0,False,False,,,open
INV-05192,B095,2026-08-02,2026-09-16,22500.0,False,False,2026-09-28,12.0,paid
INV-08380,B157,2026-08-02,2026-09-01,38900.0,False,False,2026-09-25,24.0,paid
INV-02171,B039,2026-08-02,2026-09-16,30300.0,False,False,,,open
INV-06007,B104,2026-08-02,2026-09-01,45900.0,False,False,2026-08-25,-7.0,paid
INV-06136,B107,2026-08-02,2026-09-16,125600.0,False,True,,,open
INV-01661,B029,2026-08-02,2026-09-16,35300.0,False,False,2026-09-21,5.0,paid
INV-03620,B068,2026-08-02,2026-09-01,63000.0,False,False,2026-08-22,-10.0,paid
INV-06788,B122,2026-08-02,2026-09-16,17800.0,False,True,2026-09-10,-6.0,paid
INV-03237,B062,2026-08-02,2026-09-16,10800.0,False,False,,,open
INV-07258,B135,2026-08-02,2026-09-16,65600.0,False,False,,,open
INV-09776,B179,2026-08-02,2026-09-01,40000.0,False,False,,,open
INV-03270,B063,2026-08-02,2026-09-01,16100.0,False,False,2026-09-10,9.0,paid
INV-04453,B085,2026-08-03,2026-09-02,79900.0,False,False,2026-09-23,21.0,paid
INV-10464,B188,2026-08-03,2026-09-02,15100.0,False,False,2026-09-07,5.0,paid
INV-11050,B199,2026-08-03,2026-09-17,4000.0,False,False,,,open
INV-00742,B014,2026-08-03,2026-09-02,68400.0,False,False,2026-09-13,11.0,paid
INV-08650,B161,2026-08-03,2026-09-02,57000.0,False,False,2026-09-20,18.0,paid
INV-05085,B093,2026-08-03,2026-09-17,50900.0,False,False,2026-09-19,2.0,paid
INV-09150,B169,2026-08-03,2026-09-02,32100.0,False,False,2026-09-19,17.0,paid
INV-07284,B136,2026-08-03,2026-09-02,112800.0,False,False,2026-09-15,13.0,paid
INV-12006,B215,2026-08-03,2026-09-02,144800.0,False,False,,,open
INV-09052,B168,2026-08-03,2026-09-17,60300.0,False,False,,,open
INV-05463,B098,2026-08-04,2026-09-03,15500.0,False,False,2026-08-24,-10.0,paid
INV-00586,B011,2026-08-04,2026-09-18,22300.0,False,False,,,open
INV-10518,B189,2026-08-04,2026-09-18,62900.0,False,False,2026-09-29,11.0,paid
INV-07418,B138,2026-08-04,2026-09-03,45400.0,False,False,2026-09-07,4.0,paid
INV-01026,B018,2026-08-04,2026-09-03,21000.0,False,False,,,open
INV-08499,B160,2026-08-04,2026-09-03,474700.0,False,False,,,open
INV-04454,B085,2026-08-04,2026-09-03,59200.0,False,False,2026-09-12,9.0,paid
INV-01830,B033,2026-08-04,2026-09-18,32000.0,False,False,,,open
INV-02230,B040,2026-08-04,2026-09-03,47300.0,False,True,2026-09-16,13.0,paid
INV-12052,B216,2026-08-04,2026-09-18,16700.0,False,False,,,open
INV-02338,B043,2026-08-04,2026-09-18,15100.0,False,True,,,open
INV-02548,B049,2026-08-04,2026-09-18,142200.0,False,False,2026-09-20,2.0,paid
INV-03238,B062,2026-08-04,2026-09-18,11000.0,False,False,,,open
INV-06279,B109,2026-08-04,2026-09-03,33400.0,False,False,,,open
INV-01027,B018,2026-08-04,2026-09-03,45300.0,False,True,,,open
INV-07878,B144,2026-08-04,2026-09-03,31400.0,False,False,2026-08-30,-4.0,paid
INV-06846,B124,2026-08-05,2026-09-19,6000.0,False,False,2026-09-09,-10.0,paid
INV-05681,B100,2026-08-05,2026-09-04,47300.0,False,False,2026-09-27,23.0,paid
INV-11924,B212,2026-08-05,2026-09-19,78900.0,False,False,,,open
INV-03180,B060,2026-08-05,2026-09-19,22300.0,True,False,,,open
INV-03201,B061,2026-08-05,2026-09-04,21200.0,False,False,2026-08-29,-6.0,paid
INV-08012,B147,2026-08-05,2026-09-04,20100.0,False,False,2026-09-21,17.0,paid
INV-07879,B144,2026-08-05,2026-09-04,29500.0,False,False,2026-09-03,-1.0,paid
INV-01028,B018,2026-08-05,2026-09-04,13100.0,False,True,,,open
INV-11282,B203,2026-08-05,2026-09-04,7300.0,False,False,,,open
INV-09053,B168,2026-08-05,2026-09-19,35600.0,False,False,,,open
INV-01772,B031,2026-08-05,2026-09-04,10100.0,False,False,2026-09-15,11.0,paid
INV-12182,B218,2026-08-05,2026-09-19,153900.0,False,False,,,open
INV-03736,B070,2026-08-06,2026-09-20,114500.0,False,False,,,open
INV-06071,B105,2026-08-06,2026-09-05,88100.0,False,True,2026-09-07,2.0,paid
INV-10078,B183,2026-08-06,2026-09-20,118100.0,False,False,,,open
INV-00359,B006,2026-08-06,2026-09-20,111800.0,False,False,,,open
INV-11146,B200,2026-08-06,2026-09-05,29800.0,False,True,,,open
INV-01662,B029,2026-08-06,2026-09-20,27100.0,False,False,,,open
INV-00868,B016,2026-08-06,2026-09-20,29800.0,False,False,2026-09-27,7.0,paid
INV-03847,B072,2026-08-06,2026-09-05,24100.0,False,False,2026-09-19,14.0,paid
INV-05464,B098,2026-08-06,2026-09-05,14400.0,False,False,2026-08-26,-10.0,paid
INV-05392,B097,2026-08-06,2026-09-05,62000.0,False,False,2026-09-19,14.0,paid
INV-00897,B017,2026-08-06,2026-09-05,27900.0,False,False,2026-08-26,-10.0,paid
INV-10678,B192,2026-08-07,2026-09-21,16200.0,False,False,2026-09-11,-10.0,paid
INV-06826,B123,2026-08-07,2026-09-21,65900.0,False,False,,,open
INV-05263,B096,2026-08-07,2026-09-21,43400.0,False,False,,,open
INV-04079,B076,2026-08-07,2026-09-21,59200.0,False,False,,,open
INV-09560,B175,2026-08-07,2026-09-06,108000.0,False,False,2026-09-07,1.0,paid
INV-06346,B112,2026-08-07,2026-09-21,45100.0,False,False,2026-09-14,-7.0,paid
INV-08240,B154,2026-08-07,2026-09-21,37100.0,False,False,2026-09-20,-1.0,paid
INV-02280,B042,2026-08-08,2026-09-07,163300.0,False,True,,,open
INV-01282,B022,2026-08-08,2026-09-07,6200.0,False,False,,,open
INV-09054,B168,2026-08-08,2026-09-22,54100.0,False,True,,,open
INV-09561,B175,2026-08-08,2026-09-07,37900.0,False,False,2026-09-07,0.0,paid
INV-01593,B028,2026-08-08,2026-09-22,18600.0,False,False,,,open
INV-00898,B017,2026-08-08,2026-09-07,13800.0,False,False,2026-08-28,-10.0,paid
INV-06308,B110,2026-08-08,2026-09-07,17100.0,False,False,2026-09-10,3.0,paid
INV-04933,B090,2026-08-09,2026-09-23,143700.0,False,True,,,open
INV-07355,B137,2026-08-09,2026-09-23,41900.0,False,False,,,open
INV-04868,B089,2026-08-09,2026-09-08,35200.0,False,False,2026-09-05,-3.0,paid
INV-03303,B064,2026-08-09,2026-09-23,55000.0,False,False,,,open
INV-03519,B067,2026-08-09,2026-09-08,80900.0,False,True,2026-09-08,0.0,paid
INV-09948,B182,2026-08-09,2026-09-08,70900.0,False,False,2026-09-09,1.0,paid
INV-09949,B182,2026-08-09,2026-09-08,36000.0,False,False,2026-09-14,6.0,paid
INV-05126,B094,2026-08-09,2026-09-23,64300.0,False,False,,,open
INV-09055,B168,2026-08-10,2026-09-24,22300.0,False,False,,,open
INV-04934,B090,2026-08-10,2026-09-24,88200.0,True,True,,,open
INV-02232,B040,2026-08-10,2026-09-09,77200.0,False,False,2026-09-16,7.0,paid
INV-02231,B040,2026-08-10,2026-09-09,62000.0,False,False,2026-09-06,-3.0,paid
INV-03520,B067,2026-08-10,2026-09-09,95300.0,False,False,2026-09-11,2.0,paid
INV-08651,B161,2026-08-10,2026-09-09,59400.0,False,False,2026-09-18,9.0,paid
INV-10211,B185,2026-08-10,2026-09-24,105600.0,True,False,,,open
INV-01732,B030,2026-08-10,2026-09-09,48700.0,False,True,2026-09-10,1.0,paid
INV-03885,B073,2026-08-10,2026-09-24,114700.0,False,False,,,open
INV-10616,B191,2026-08-10,2026-09-09,44200.0,False,False,,,open
INV-05465,B098,2026-08-10,2026-09-09,9500.0,False,False,2026-08-30,-10.0,paid
INV-00215,B003,2026-08-10,2026-09-09,22300.0,False,False,2026-09-22,13.0,paid
INV-06403,B114,2026-08-10,2026-09-24,4300.0,False,False,,,open
INV-04583,B086,2026-08-10,2026-09-24,275800.0,False,False,2026-09-24,0.0,paid
INV-08157,B150,2026-08-10,2026-09-24,195700.0,False,False,,,open
INV-03032,B056,2026-08-11,2026-09-25,112600.0,False,False,,,open
INV-10892,B196,2026-08-11,2026-09-10,19700.0,False,False,,,open
INV-10212,B185,2026-08-11,2026-09-25,290000.0,False,False,,,open
INV-03304,B064,2026-08-11,2026-09-25,101000.0,False,False,,,open
INV-09737,B178,2026-08-11,2026-09-10,16100.0,False,False,,,open
INV-05393,B097,2026-08-11,2026-09-10,136400.0,False,False,2026-09-17,7.0,paid
INV-04215,B080,2026-08-11,2026-09-10,107700.0,False,False,2026-09-24,14.0,paid
INV-03031,B056,2026-08-11,2026-09-25,53000.0,False,False,,,open
INV-00307,B005,2026-08-11,2026-09-10,69500.0,False,False,,,open
INV-09562,B175,2026-08-11,2026-09-10,73200.0,False,False,2026-09-11,1.0,paid
INV-10519,B189,2026-08-11,2026-09-25,20100.0,False,False,,,open
INV-11925,B212,2026-08-11,2026-09-25,53800.0,False,False,2026-09-15,-10.0,paid
INV-06553,B118,2026-08-11,2026-09-10,14400.0,False,False,,,open
INV-10588,B190,2026-08-11,2026-09-25,70700.0,False,True,,,open
INV-01934,B036,2026-08-12,2026-09-26,16200.0,False,False,,,open
INV-11283,B203,2026-08-12,2026-09-11,7300.0,False,False,,,open
INV-02070,B038,2026-08-12,2026-09-11,34900.0,False,False,,,open
INV-03737,B070,2026-08-12,2026-09-26,113600.0,False,False,,,open
INV-11186,B201,2026-08-12,2026-09-26,20200.0,False,False,,,open
INV-00360,B006,2026-08-12,2026-09-26,184900.0,False,False,,,open
INV-05466,B098,2026-08-12,2026-09-11,7500.0,False,False,2026-09-01,-10.0,paid
INV-07740,B143,2026-08-12,2026-09-26,30100.0,False,False,,,open
INV-03181,B060,2026-08-12,2026-09-26,24100.0,False,False,2026-09-29,3.0,paid
INV-07880,B144,2026-08-12,2026-09-11,52000.0,False,False,2026-09-09,-2.0,paid
INV-09056,B168,2026-08-12,2026-09-26,75700.0,False,False,,,open
INV-03352,B065,2026-08-12,2026-09-11,116900.0,False,False,2026-09-22,11.0,paid
INV-03521,B067,2026-08-12,2026-09-11,63500.0,False,False,2026-09-01,-10.0,paid
INV-00077,B001,2026-08-13,2026-09-27,28900.0,False,False,,,open
INV-11926,B212,2026-08-13,2026-09-27,40300.0,False,False,,,open
INV-04956,B091,2026-08-13,2026-09-12,16900.0,False,False,,,open
INV-05086,B093,2026-08-13,2026-09-27,45900.0,False,False,,,open
INV-09563,B175,2026-08-13,2026-09-12,121900.0,False,False,2026-09-11,-1.0,paid
INV-00587,B011,2026-08-13,2026-09-27,50000.0,False,False,,,open
INV-00159,B002,2026-08-13,2026-09-12,170800.0,False,False,2026-09-19,7.0,paid
INV-10213,B185,2026-08-13,2026-09-27,112500.0,False,False,,,open
INV-03771,B071,2026-08-13,2026-09-12,54500.0,False,False,2026-09-20,8.0,paid
INV-03383,B066,2026-08-13,2026-09-27,65400.0,False,False,,,open
INV-11545,B207,2026-08-13,2026-09-12,21100.0,False,False,2026-09-24,12.0,paid
INV-11284,B203,2026-08-13,2026-09-12,5100.0,False,False,,,open
INV-11187,B201,2026-08-14,2026-09-28,14000.0,False,False,,,open
INV-03690,B069,2026-08-14,2026-09-13,43600.0,False,False,,,open
INV-00453,B008,2026-08-14,2026-09-28,48400.0,False,False,,,open
INV-06137,B107,2026-08-14,2026-09-28,52400.0,False,False,,,open
INV-03848,B072,2026-08-14,2026-09-13,45700.0,False,False,2026-09-20,7.0,paid
INV-04660,B087,2026-08-14,2026-09-28,31400.0,False,False,2026-09-19,-9.0,paid
INV-03033,B056,2026-08-14,2026-09-28,122700.0,False,True,,,open
INV-03384,B066,2026-08-14,2026-09-28,35000.0,False,True,,,open
INV-07881,B144,2026-08-14,2026-09-13,53400.0,False,False,2026-09-03,-10.0,paid
INV-07259,B135,2026-08-14,2026-09-28,73000.0,False,False,,,open
INV-02256,B041,2026-08-15,2026-09-29,25100.0,False,False,,,open
INV-11285,B203,2026-08-15,2026-09-14,19400.0,False,False,,,open
INV-10679,B192,2026-08-15,2026-09-29,10200.0,False,False,2026-09-22,-7.0,paid
INV-09616,B176,2026-08-15,2026-09-29,14400.0,False,False,,,open
INV-05087,B093,2026-08-15,2026-09-29,33700.0,False,False,2026-09-29,0.0,paid
INV-07741,B143,2026-08-15,2026-09-29,44700.0,False,False,,,open
INV-10680,B192,2026-08-16,2026-09-30,15500.0,False,True,2026-09-25,-5.0,paid
INV-07604,B141,2026-08-16,2026-09-15,74000.0,False,False,2026-09-17,2.0,paid
INV-05088,B093,2026-08-16,2026-09-30,37200.0,False,False,,,open
INV-05778,B101,2026-08-16,2026-09-30,56100.0,False,False,,,open
INV-05394,B097,2026-08-16,2026-09-15,113000.0,False,False,,,open
INV-07603,B141,2026-08-16,2026-09-15,50600.0,False,False,,,open
INV-08652,B161,2026-08-16,2026-09-15,96000.0,False,False,,,open
INV-05467,B098,2026-08-16,2026-09-15,12100.0,False,False,2026-09-05,-10.0,paid
INV-00160,B002,2026-08-16,2026-09-15,122400.0,False,False,2026-09-21,6.0,paid
INV-01550,B027,2026-08-16,2026-09-15,53100.0,False,False,2026-09-05,-10.0,paid
INV-03134,B059,2026-08-16,2026-09-30,6500.0,False,False,,,open
INV-02339,B043,2026-08-17,2026-10-01,30800.0,False,False,,,open
INV-06969,B129,2026-08-17,2026-10-01,43600.0,False,False,,,open
INV-03034,B056,2026-08-17,2026-10-01,138400.0,False,False,,,open
INV-06716,B120,2026-08-17,2026-10-01,30000.0,False,False,,,open
INV-04350,B083,2026-08-17,2026-10-01,27300.0,False,False,,,open
INV-07882,B144,2026-08-17,2026-09-16,126400.0,False,False,2026-09-17,1.0,paid
INV-05826,B102,2026-08-17,2026-10-01,31700.0,False,False,2026-09-27,-4.0,paid
INV-01903,B035,2026-08-18,2026-10-02,32300.0,False,False,,,open
INV-11570,B208,2026-08-18,2026-09-17,43400.0,False,False,,,open
INV-02776,B053,2026-08-18,2026-09-17,152700.0,False,False,2026-09-29,12.0,paid
INV-11927,B212,2026-08-18,2026-10-02,45500.0,False,False,,,open
INV-04869,B089,2026-08-18,2026-09-17,84900.0,False,False,2026-09-17,0.0,paid
INV-03691,B069,2026-08-18,2026-09-17,23300.0,False,False,,,open
INV-03271,B063,2026-08-18,2026-09-17,21200.0,False,False,2026-09-19,2.0,paid
INV-03353,B065,2026-08-18,2026-09-17,117700.0,False,False,2026-09-25,8.0,paid
INV-01029,B018,2026-08-18,2026-09-17,25500.0,False,False,,,open
INV-08321,B156,2026-08-18,2026-09-17,55800.0,False,False,,,open
INV-01030,B018,2026-08-18,2026-09-17,21400.0,False,False,,,open
INV-04161,B078,2026-08-18,2026-09-17,6800.0,False,False,2026-09-22,5.0,paid
INV-02691,B051,2026-08-18,2026-09-17,25500.0,False,False,,,open
INV-10929,B197,2026-08-19,2026-10-03,38500.0,False,False,,,open
INV-08653,B161,2026-08-19,2026-09-18,88400.0,False,False,,,open
INV-11051,B199,2026-08-19,2026-10-03,8800.0,False,False,2026-09-26,-7.0,paid
INV-00454,B008,2026-08-19,2026-10-03,25500.0,False,False,,,open
INV-09448,B174,2026-08-19,2026-09-18,42600.0,False,False,2026-09-15,-3.0,paid
INV-04455,B085,2026-08-19,2026-09-18,42700.0,False,False,2026-09-25,7.0,paid
INV-03035,B056,2026-08-19,2026-10-03,182000.0,False,False,,,open
INV-01187,B020,2026-08-19,2026-09-18,98300.0,False,False,,,open
INV-06490,B116,2026-08-19,2026-10-03,229300.0,False,False,,,open
INV-03305,B064,2026-08-19,2026-10-03,58800.0,False,False,,,open
INV-07884,B144,2026-08-19,2026-09-18,30000.0,False,False,2026-09-08,-10.0,paid
INV-01904,B035,2026-08-19,2026-10-03,73400.0,False,False,,,open
INV-07742,B143,2026-08-19,2026-10-03,36400.0,False,False,,,open
INV-01284,B022,2026-08-19,2026-09-18,3800.0,False,False,,,open
INV-01283,B022,2026-08-19,2026-09-18,6700.0,False,True,,,open
INV-10843,B195,2026-08-19,2026-09-18,29600.0,False,False,,,open
INV-02373,B045,2026-08-19,2026-10-03,23200.0,False,False,,,open
INV-07883,B144,2026-08-19,2026-09-18,57000.0,False,False,2026-09-08,-10.0,paid
INV-05682,B100,2026-08-19,2026-09-18,68800.0,False,False,,,open
INV-08206,B153,2026-08-20,2026-09-19,49600.0,False,False,,,open
INV-06008,B104,2026-08-20,2026-09-19,125200.0,False,False,2026-09-22,3.0,paid
INV-01188,B020,2026-08-20,2026-09-19,81200.0,False,False,,,open
INV-07019,B131,2026-08-20,2026-10-04,67100.0,True,False,,,open
INV-02476,B047,2026-08-20,2026-09-19,21000.0,False,False,2026-09-09,-10.0,paid
INV-07885,B144,2026-08-20,2026-09-19,84400.0,False,False,2026-09-17,-2.0,paid
INV-06717,B120,2026-08-20,2026-10-04,43900.0,False,False,,,open
INV-10681,B192,2026-08-20,2026-10-04,14600.0,False,False,2026-09-25,-9.0,paid
INV-07094,B132,2026-08-20,2026-10-04,88200.0,False,False,,,open
INV-05193,B095,2026-08-20,2026-10-04,30800.0,False,False,,,open
INV-03522,B067,2026-08-20,2026-09-19,121100.0,False,True,,,open
INV-07285,B136,2026-08-20,2026-09-19,58200.0,False,False,2026-09-20,1.0,paid
INV-10930,B197,2026-08-21,2026-10-05,104000.0,False,False,,,open
INV-02921,B055,2026-08-21,2026-09-20,85000.0,False,False,,,open
INV-03523,B067,2026-08-21,2026-09-20,36400.0,False,False,2026-09-10,-10.0,paid
INV-02071,B038,2026-08-21,2026-09-20,41800.0,False,False,,,open
INV-03135,B059,2026-08-21,2026-10-05,7500.0,False,False,,,open
INV-05468,B098,2026-08-21,2026-09-20,15300.0,False,False,2026-09-10,-10.0,paid
INV-11482,B206,2026-08-21,2026-10-05,26600.0,False,False,,,open
INV-00674,B013,2026-08-21,2026-10-05,7700.0,False,True,,,open
INV-03202,B061,2026-08-21,2026-09-20,19900.0,False,False,2026-09-10,-10.0,paid
INV-10400,B187,2026-08-22,2026-09-21,140000.0,False,False,,,open
INV-01031,B018,2026-08-22,2026-09-21,20600.0,False,False,,,open
INV-05127,B094,2026-08-22,2026-10-06,35500.0,False,False,,,open
INV-08096,B148,2026-08-22,2026-09-21,11400.0,False,False,2026-09-26,5.0,paid
INV-08241,B154,2026-08-22,2026-10-06,63300.0,False,False,,,open
INV-06009,B104,2026-08-22,2026-09-21,132400.0,False,False,2026-09-26,5.0,paid
INV-01189,B020,2026-08-22,2026-09-21,146600.0,False,True,,,open
INV-09294,B172,2026-08-22,2026-10-06,63000.0,False,False,,,open
INV-11928,B212,2026-08-22,2026-10-06,92300.0,False,False,,,open
INV-01285,B022,2026-08-22,2026-09-21,6900.0,False,False,,,open
INV-01227,B021,2026-08-22,2026-10-06,10600.0,False,False,,,open
INV-07523,B139,2026-08-22,2026-09-21,110200.0,False,False,,,open
INV-05683,B100,2026-08-22,2026-09-21,128000.0,False,True,,,open
INV-08097,B148,2026-08-23,2026-09-22,1800.0,False,False,2026-09-25,3.0,paid
INV-09449,B174,2026-08-23,2026-09-22,84600.0,False,False,2026-09-21,-1.0,paid
INV-03738,B070,2026-08-23,2026-10-07,64000.0,False,False,,,open
INV-10214,B185,2026-08-23,2026-10-07,184600.0,False,False,,,open
INV-05128,B094,2026-08-23,2026-10-07,43400.0,False,True,,,open
INV-10316,B186,2026-08-23,2026-10-07,128300.0,False,False,,,open
INV-07886,B144,2026-08-23,2026-09-22,30900.0,False,False,2026-09-12,-10.0,paid
INV-11929,B212,2026-08-23,2026-10-07,133900.0,False,False,,,open
INV-10589,B190,2026-08-23,2026-10-07,109800.0,False,True,,,open
INV-09617,B176,2026-08-24,2026-10-08,3300.0,False,False,,,open
INV-02005,B037,2026-08-24,2026-10-08,216000.0,False,False,,,open
INV-09151,B169,2026-08-24,2026-09-23,63000.0,True,False,,,open
INV-06740,B121,2026-08-24,2026-10-08,122800.0,False,False,,,open
INV-11655,B210,2026-08-24,2026-09-23,142000.0,False,False,,,open
INV-06010,B104,2026-08-24,2026-09-23,143900.0,False,False,2026-09-16,-7.0,paid
INV-00078,B001,2026-08-24,2026-10-08,25000.0,False,False,,,open
INV-01418,B024,2026-08-24,2026-09-23,175800.0,False,False,,,open
INV-07564,B140,2026-08-24,2026-10-08,6300.0,False,True,,,open
INV-00361,B006,2026-08-24,2026-10-08,212500.0,False,False,,,open
INV-09057,B168,2026-08-24,2026-10-08,107900.0,False,False,,,open
INV-09738,B178,2026-08-24,2026-09-23,14400.0,False,False,,,open
INV-11930,B212,2026-08-24,2026-10-08,110700.0,False,False,,,open
INV-07956,B146,2026-08-25,2026-09-24,61200.0,False,False,2026-09-19,-5.0,paid
INV-10893,B196,2026-08-25,2026-09-24,47000.0,False,False,,,open
INV-10215,B185,2026-08-25,2026-10-09,55700.0,True,False,,,open
INV-05827,B102,2026-08-25,2026-10-09,23800.0,False,False,,,open
INV-06280,B109,2026-08-25,2026-09-24,16600.0,False,False,,,open
INV-06011,B104,2026-08-25,2026-09-24,63600.0,False,True,2026-09-25,1.0,paid
INV-09058,B168,2026-08-25,2026-10-09,37900.0,False,False,,,open
INV-01854,B034,2026-08-25,2026-10-09,136400.0,False,False,,,open
INV-12053,B216,2026-08-25,2026-10-09,20900.0,True,False,,,open
INV-03203,B061,2026-08-25,2026-09-24,21500.0,False,False,2026-09-14,-10.0,paid
INV-06862,B125,2026-08-25,2026-10-09,16900.0,False,False,,,open
INV-00240,B004,2026-08-25,2026-10-09,32900.0,False,False,,,open
INV-00815,B015,2026-08-25,2026-09-24,66300.0,True,False,,,open
INV-01032,B018,2026-08-25,2026-09-24,47100.0,False,False,,,open
INV-00362,B006,2026-08-25,2026-10-09,77100.0,False,False,,,open
INV-00216,B003,2026-08-25,2026-09-24,44000.0,False,False,,,open
INV-04935,B090,2026-08-25,2026-10-09,148100.0,False,True,,,open
INV-02006,B037,2026-08-26,2026-10-10,133900.0,False,False,,,open
INV-11147,B200,2026-08-26,2026-09-25,14900.0,False,False,,,open
INV-00816,B015,2026-08-26,2026-09-25,58600.0,False,False,2026-09-25,0.0,paid
INV-02072,B038,2026-08-26,2026-09-25,19500.0,False,False,,,open
INV-03692,B069,2026-08-26,2026-09-25,38100.0,False,False,,,open
INV-12074,B217,2026-08-26,2026-10-10,163400.0,False,False,,,open
INV-09231,B171,2026-08-26,2026-09-25,381900.0,False,False,,,open
INV-00161,B002,2026-08-26,2026-09-25,122100.0,False,True,,,open
INV-07133,B133,2026-08-26,2026-09-25,31300.0,False,True,,,open
INV-01190,B020,2026-08-26,2026-09-25,129400.0,False,False,,,open
INV-08322,B156,2026-08-26,2026-09-25,9600.0,False,False,,,open
INV-08126,B149,2026-08-26,2026-09-25,144000.0,False,False,,,open
INV-02233,B040,2026-08-27,2026-09-26,53000.0,False,False,2026-09-24,-2.0,paid
INV-07957,B146,2026-08-27,2026-09-26,150800.0,False,False,2026-09-22,-4.0,paid
INV-10734,B193,2026-08-27,2026-10-11,91700.0,False,False,,,open
INV-10317,B186,2026-08-27,2026-10-11,162100.0,False,False,,,open
INV-01075,B019,2026-08-27,2026-09-26,35100.0,False,False,,,open
INV-06404,B114,2026-08-27,2026-10-11,8400.0,False,False,,,open
INV-07134,B133,2026-08-28,2026-09-27,36500.0,False,False,2026-09-24,-3.0,paid
INV-08242,B154,2026-08-28,2026-10-12,48000.0,False,False,,,open
INV-10520,B189,2026-08-28,2026-10-12,42200.0,False,False,,,open
INV-10318,B186,2026-08-28,2026-10-12,86300.0,False,True,,,open
INV-00588,B011,2026-08-28,2026-10-12,21900.0,False,False,,,open
INV-00162,B002,2026-08-28,2026-09-27,88300.0,False,False,,,open
INV-03059,B057,2026-08-28,2026-09-27,67300.0,False,False,2026-09-17,-10.0,paid
INV-01773,B031,2026-08-28,2026-09-27,25100.0,False,False,,,open
INV-02523,B048,2026-08-28,2026-10-12,28400.0,False,False,,,open
INV-09564,B175,2026-08-28,2026-09-27,20500.0,False,False,2026-09-17,-10.0,paid
INV-01033,B018,2026-08-28,2026-09-27,47100.0,False,False,,,open
INV-05395,B097,2026-08-28,2026-09-27,91500.0,True,False,,,open
INV-11052,B199,2026-08-28,2026-10-12,40000.0,False,False,,,open
INV-09950,B182,2026-08-29,2026-09-28,98000.0,False,False,,,open
INV-04799,B088,2026-08-29,2026-09-28,38400.0,False,False,2026-09-27,-1.0,paid
INV-00817,B015,2026-08-29,2026-09-28,101700.0,False,False,2026-09-24,-4.0,paid
INV-10401,B187,2026-08-29,2026-09-28,98700.0,False,True,,,open
INV-07524,B139,2026-08-29,2026-09-28,54300.0,False,False,,,open
INV-08830,B165,2026-08-29,2026-09-28,10900.0,True,False,,,open
INV-03103,B058,2026-08-29,2026-10-13,109900.0,False,False,,,open
INV-00163,B002,2026-08-29,2026-09-28,72000.0,False,False,,,open
INV-11571,B208,2026-08-29,2026-09-28,121600.0,False,True,,,open
INV-01733,B030,2026-08-30,2026-09-29,64100.0,False,False,2026-09-26,-3.0,paid
INV-07887,B144,2026-08-30,2026-09-29,63100.0,False,True,,,open
INV-07185,B134,2026-08-30,2026-10-14,17800.0,True,False,,,open
INV-09059,B168,2026-08-30,2026-10-14,70500.0,False,False,,,open
INV-11188,B201,2026-08-30,2026-10-14,38500.0,False,False,,,open
INV-10319,B186,2026-08-30,2026-10-14,71900.0,False,False,,,open
INV-05684,B100,2026-08-30,2026-09-29,48100.0,False,True,,,open
INV-06309,B110,2026-08-30,2026-09-29,8900.0,False,False,2026-09-29,0.0,paid
INV-11931,B212,2026-08-30,2026-10-14,88300.0,False,False,,,open
INV-01286,B022,2026-08-30,2026-09-29,5800.0,False,False,,,open
INV-06232,B108,2026-08-30,2026-09-29,40100.0,False,False,,,open
INV-06596,B119,2026-08-30,2026-09-29,96700.0,False,False,2026-09-19,-10.0,paid
INV-09951,B182,2026-08-30,2026-09-29,142200.0,False,False,,,open
INV-09152,B169,2026-08-30,2026-09-29,64600.0,True,False,,,open
INV-01034,B018,2026-08-31,2026-09-30,20300.0,False,False,,,open
INV-00486,B009,2026-08-31,2026-10-15,114200.0,False,False,,,open
INV-00455,B008,2026-08-31,2026-10-15,20800.0,False,True,,,open
INV-07095,B132,2026-08-31,2026-10-15,51600.0,False,False,,,open
INV-07958,B146,2026-08-31,2026-09-30,44200.0,True,False,,,open
INV-09657,B177,2026-08-31,2026-10-15,36300.0,False,False,,,open
INV-11053,B199,2026-08-31,2026-10-15,18000.0,False,False,,,open
INV-04291,B081,2026-08-31,2026-09-30,46300.0,False,True,,,open
INV-02172,B039,2026-09-01,2026-10-16,17800.0,False,False,,,open
INV-07260,B135,2026-09-01,2026-10-16,126200.0,False,False,,,open
INV-06970,B129,2026-09-01,2026-10-16,89000.0,True,False,,,open
INV-10844,B195,2026-09-01,2026-10-01,30200.0,False,False,,,open
INV-09199,B170,2026-09-01,2026-10-16,37000.0,False,False,,,open
INV-10682,B192,2026-09-01,2026-10-16,23300.0,False,False,,,open
INV-10216,B185,2026-09-01,2026-10-16,231100.0,True,False,,,open
INV-05264,B096,2026-09-01,2026-10-16,30900.0,False,False,,,open
INV-09450,B174,2026-09-01,2026-10-01,21100.0,False,False,,,open
INV-03239,B062,2026-09-01,2026-10-16,12800.0,False,False,,,open
INV-10931,B197,2026-09-01,2026-10-16,58600.0,False,False,,,open
INV-00401,B007,2026-09-01,2026-10-01,470900.0,False,True,,,open
INV-10402,B187,2026-09-01,2026-10-01,201700.0,False,True,,,open
INV-04080,B076,2026-09-02,2026-10-17,67400.0,False,True,,,open
INV-05396,B097,2026-09-02,2026-10-02,50400.0,False,False,,,open
INV-11286,B203,2026-09-02,2026-10-02,14300.0,False,False,,,open
INV-10894,B196,2026-09-02,2026-10-02,31000.0,False,False,,,open
INV-02847,B054,2026-09-02,2026-10-02,17000.0,False,False,,,open
INV-11148,B200,2026-09-02,2026-10-02,29700.0,False,False,,,open
INV-03104,B058,2026-09-02,2026-10-17,136100.0,False,False,,,open
INV-06827,B123,2026-09-02,2026-10-17,61600.0,False,True,,,open
INV-08831,B165,2026-09-02,2026-10-02,11000.0,False,False,2026-09-28,-4.0,paid
INV-01501,B025,2026-09-02,2026-10-17,5900.0,False,False,,,open
INV-01905,B035,2026-09-02,2026-10-17,47000.0,False,False,,,open
INV-07888,B144,2026-09-02,2026-10-02,54300.0,True,True,,,open
INV-05397,B097,2026-09-02,2026-10-02,141000.0,False,False,,,open
INV-05194,B095,2026-09-03,2026-10-18,6200.0,False,False,,,open
INV-00743,B014,2026-09-03,2026-10-03,93000.0,False,False,,,open
INV-03693,B069,2026-09-03,2026-10-03,51600.0,False,False,,,open
INV-04315,B082,2026-09-03,2026-10-18,8700.0,False,False,,,open
INV-09658,B177,2026-09-03,2026-10-18,51500.0,False,False,,,open
INV-00045,B000,2026-09-03,2026-10-18,11100.0,True,False,,,open
INV-11656,B210,2026-09-03,2026-10-03,97400.0,False,False,,,open
INV-10320,B186,2026-09-03,2026-10-18,108300.0,False,False,,,open
INV-04216,B080,2026-09-03,2026-10-03,182800.0,False,False,,,open
INV-06138,B107,2026-09-03,2026-10-18,71200.0,False,False,,,open
INV-01035,B018,2026-09-03,2026-10-03,27000.0,False,False,,,open
INV-04081,B076,2026-09-04,2026-10-19,62500.0,False,False,,,open
INV-05089,B093,2026-09-04,2026-10-19,50700.0,False,False,,,open
INV-02692,B051,2026-09-04,2026-10-04,84700.0,False,False,,,open
INV-04584,B086,2026-09-04,2026-10-19,177500.0,False,False,,,open
INV-01831,B033,2026-09-04,2026-10-19,16200.0,False,False,,,open
INV-08481,B159,2026-09-04,2026-10-19,111500.0,False,False,,,open
INV-00241,B004,2026-09-04,2026-10-19,15700.0,False,False,,,open
INV-11413,B205,2026-09-04,2026-10-19,106800.0,False,False,,,open
INV-01191,B020,2026-09-05,2026-10-05,54800.0,False,False,,,open
INV-10895,B196,2026-09-05,2026-10-05,55900.0,False,True,,,open
INV-03849,B072,2026-09-05,2026-10-05,25200.0,False,False,,,open
INV-08243,B154,2026-09-05,2026-10-20,129200.0,False,True,,,open
INV-10321,B186,2026-09-05,2026-10-20,71500.0,False,True,,,open
INV-05779,B101,2026-09-06,2026-10-21,27300.0,True,False,,,open
INV-01551,B027,2026-09-06,2026-10-06,100700.0,False,False,,,open
INV-02477,B047,2026-09-06,2026-10-06,41300.0,False,True,,,open
INV-02693,B051,2026-09-06,2026-10-06,35800.0,False,False,,,open
INV-08013,B147,2026-09-06,2026-10-06,33900.0,False,False,,,open
INV-03951,B074,2026-09-06,2026-10-06,13800.0,False,True,,,open
INV-10590,B190,2026-09-06,2026-10-21,38100.0,False,True,,,open
INV-03240,B062,2026-09-06,2026-10-21,6500.0,False,False,,,open
INV-03850,B072,2026-09-07,2026-10-07,26300.0,False,False,,,open
INV-03036,B056,2026-09-07,2026-10-22,65700.0,False,False,,,open
INV-09060,B168,2026-09-07,2026-10-22,50100.0,False,False,,,open
INV-01076,B019,2026-09-07,2026-10-07,11900.0,False,False,,,open
INV-07096,B132,2026-09-07,2026-10-22,38300.0,False,False,,,open
INV-04316,B082,2026-09-07,2026-10-22,23300.0,False,False,,,open
INV-09739,B178,2026-09-07,2026-10-07,16100.0,False,False,,,open
INV-00217,B003,2026-09-07,2026-10-07,25500.0,False,True,,,open
INV-05780,B101,2026-09-08,2026-10-23,110200.0,False,False,,,open
INV-11287,B203,2026-09-08,2026-10-08,16800.0,False,False,,,open
INV-10521,B189,2026-09-08,2026-10-23,22600.0,False,False,,,open
INV-09061,B168,2026-09-08,2026-10-23,39400.0,False,False,,,open
INV-01663,B029,2026-09-08,2026-10-23,57200.0,False,False,,,open
INV-07419,B138,2026-09-08,2026-10-08,48100.0,False,False,,,open
INV-01906,B035,2026-09-08,2026-10-23,40800.0,True,False,,,open
INV-04957,B091,2026-09-09,2026-10-09,8800.0,False,False,,,open
INV-09153,B169,2026-09-09,2026-10-09,90300.0,False,False,,,open
INV-02340,B043,2026-09-09,2026-10-24,31200.0,False,False,,,open
INV-08654,B161,2026-09-09,2026-10-09,46200.0,False,False,,,open
INV-02694,B051,2026-09-09,2026-10-09,148000.0,False,False,,,open
INV-01192,B020,2026-09-09,2026-10-09,97200.0,False,False,,,open
INV-01527,B026,2026-09-09,2026-10-24,20200.0,False,False,,,open
INV-01036,B018,2026-09-09,2026-10-09,52000.0,False,False,,,open
INV-11932,B212,2026-09-09,2026-10-24,73200.0,True,False,,,open
INV-02429,B046,2026-09-09,2026-10-24,13100.0,False,False,,,open
INV-02173,B039,2026-09-09,2026-10-24,28700.0,False,True,,,open
INV-05685,B100,2026-09-09,2026-10-09,56500.0,False,False,,,open
INV-07135,B133,2026-09-10,2026-10-10,70800.0,False,False,,,open
INV-11288,B203,2026-09-10,2026-10-10,14500.0,False,False,,,open
INV-07889,B144,2026-09-10,2026-10-10,70000.0,False,False,,,open
INV-10403,B187,2026-09-10,2026-10-10,164800.0,False,False,,,open
INV-03037,B056,2026-09-10,2026-10-25,152900.0,False,False,,,open
INV-07286,B136,2026-09-10,2026-10-10,12900.0,False,False,,,open
INV-10975,B198,2026-09-10,2026-10-25,22600.0,False,False,,,open
INV-06012,B104,2026-09-10,2026-10-10,60900.0,False,False,,,open
INV-03136,B059,2026-09-11,2026-10-26,3200.0,True,False,,,open
INV-01594,B028,2026-09-11,2026-10-26,10100.0,False,False,,,open
INV-08482,B159,2026-09-11,2026-10-26,65300.0,False,True,,,open
INV-08692,B162,2026-09-11,2026-10-11,16800.0,False,True,,,open
INV-10322,B186,2026-09-11,2026-10-26,263900.0,False,False,,,open
INV-08762,B163,2026-09-11,2026-10-11,22200.0,False,False,,,open
INV-08483,B159,2026-09-11,2026-10-26,99500.0,False,False,,,open
INV-02848,B054,2026-09-11,2026-10-11,47100.0,False,False,,,open
INV-05686,B100,2026-09-11,2026-10-11,138100.0,False,False,,,open
INV-01037,B018,2026-09-11,2026-10-11,21900.0,False,False,,,open
INV-11189,B201,2026-09-11,2026-10-26,14500.0,False,False,,,open
INV-06597,B119,2026-09-12,2026-10-12,68600.0,False,False,,,open
INV-04107,B077,2026-09-12,2026-10-27,22100.0,False,False,,,open
INV-06718,B120,2026-09-12,2026-10-27,68500.0,False,False,,,open
INV-11483,B206,2026-09-12,2026-10-27,60700.0,False,False,,,open
INV-07565,B140,2026-09-12,2026-10-27,5100.0,False,False,,,open
INV-10522,B189,2026-09-12,2026-10-27,42800.0,False,False,,,open
INV-03182,B060,2026-09-12,2026-10-27,60200.0,False,False,,,open
INV-01193,B020,2026-09-12,2026-10-12,66300.0,False,True,,,open
INV-03952,B074,2026-09-12,2026-10-12,22900.0,False,False,,,open
INV-06233,B108,2026-09-12,2026-10-12,28300.0,False,False,,,open
INV-11610,B209,2026-09-12,2026-10-27,93600.0,True,False,,,open
INV-01228,B021,2026-09-12,2026-10-27,3900.0,False,False,,,open
INV-00818,B015,2026-09-12,2026-10-12,80300.0,False,False,,,open
INV-10079,B183,2026-09-12,2026-10-27,78800.0,True,False,,,open
INV-05265,B096,2026-09-12,2026-10-27,64200.0,False,False,,,open
INV-04082,B076,2026-09-12,2026-10-27,104400.0,False,False,,,open
INV-08244,B154,2026-09-13,2026-10-28,82900.0,False,False,,,open
INV-03038,B056,2026-09-13,2026-10-28,72100.0,False,False,,,open
INV-00612,B012,2026-09-13,2026-10-28,29500.0,False,False,,,open
INV-07356,B137,2026-09-13,2026-10-28,70100.0,False,False,,,open
INV-00046,B000,2026-09-13,2026-10-28,12800.0,False,True,,,open
INV-01194,B020,2026-09-13,2026-10-13,88700.0,False,False,,,open
INV-02736,B052,2026-09-13,2026-10-13,55500.0,False,False,,,open
INV-06888,B126,2026-09-13,2026-10-28,93500.0,False,False,,,open
INV-03851,B072,2026-09-13,2026-10-13,25200.0,False,False,,,open
INV-09062,B168,2026-09-13,2026-10-28,25800.0,False,False,,,open
INV-10976,B198,2026-09-14,2026-10-29,10000.0,False,True,,,open
INV-05398,B097,2026-09-14,2026-10-14,24100.0,True,False,,,open
INV-01038,B018,2026-09-14,2026-10-14,30200.0,False,False,,,open
INV-08655,B161,2026-09-14,2026-10-14,125600.0,False,False,,,open
INV-01595,B028,2026-09-14,2026-10-29,22800.0,False,False,,,open
INV-08245,B154,2026-09-14,2026-10-29,49100.0,False,False,,,open
INV-07420,B138,2026-09-14,2026-10-14,27200.0,False,False,,,open
INV-07261,B135,2026-09-14,2026-10-29,152300.0,False,False,,,open
INV-02849,B054,2026-09-14,2026-10-14,5600.0,False,False,,,open
INV-05860,B103,2026-09-14,2026-10-29,41100.0,False,False,,,open
INV-11611,B209,2026-09-14,2026-10-29,63900.0,False,False,,,open
INV-05399,B097,2026-09-14,2026-10-14,42900.0,False,False,,,open
INV-11966,B213,2026-09-14,2026-10-29,21900.0,False,False,,,open
INV-01419,B024,2026-09-15,2026-10-15,177600.0,False,False,,,open
INV-07605,B141,2026-09-15,2026-10-15,48300.0,False,False,,,open
INV-06554,B118,2026-09-15,2026-10-15,13500.0,True,False,,,open
INV-07525,B139,2026-09-15,2026-10-15,41300.0,False,False,,,open
INV-04162,B078,2026-09-15,2026-10-15,22100.0,False,False,,,open
INV-10465,B188,2026-09-15,2026-10-15,12600.0,False,False,,,open
INV-08656,B161,2026-09-15,2026-10-15,87400.0,False,False,,,open
INV-07262,B135,2026-09-15,2026-10-30,77300.0,False,False,,,open
INV-07020,B131,2026-09-15,2026-10-30,131600.0,False,False,,,open
INV-00164,B002,2026-09-16,2026-10-16,182800.0,False,True,,,open
INV-02589,B050,2026-09-16,2026-10-16,22100.0,False,False,,,open
INV-11289,B203,2026-09-16,2026-10-16,7200.0,False,False,,,open
INV-11290,B203,2026-09-16,2026-10-16,16600.0,False,False,,,open
INV-06719,B120,2026-09-16,2026-10-31,24900.0,False,True,,,open
INV-09063,B168,2026-09-16,2026-10-31,59200.0,False,False,,,open
INV-06234,B108,2026-09-16,2026-10-16,23400.0,False,False,,,open
INV-09295,B172,2026-09-16,2026-10-31,51500.0,False,False,,,open
INV-01352,B023,2026-09-16,2026-10-31,34600.0,False,False,,,open
INV-08246,B154,2026-09-16,2026-10-31,45600.0,False,False,,,open
INV-00589,B011,2026-09-16,2026-10-31,30700.0,False,False,,,open
INV-00744,B014,2026-09-16,2026-10-16,83100.0,False,True,,,open
INV-01832,B033,2026-09-16,2026-10-31,15500.0,False,False,,,open
INV-03204,B061,2026-09-17,2026-10-17,19500.0,False,False,,,open
INV-08910,B167,2026-09-17,2026-10-17,35700.0,False,False,,,open
INV-05687,B100,2026-09-17,2026-10-17,71400.0,False,False,,,open
INV-08484,B159,2026-09-17,2026-11-01,211100.0,False,False,,,open
INV-02430,B046,2026-09-17,2026-11-01,14300.0,False,False,,,open
INV-10217,B185,2026-09-17,2026-11-01,180600.0,False,False,,,open
INV-08247,B154,2026-09-17,2026-11-01,47900.0,False,False,,,open
INV-09659,B177,2026-09-17,2026-11-01,39400.0,False,False,,,open
INV-11190,B201,2026-09-17,2026-11-01,22700.0,False,False,,,open
INV-09451,B174,2026-09-17,2026-10-17,26900.0,False,False,,,open
INV-07890,B144,2026-09-17,2026-10-17,22400.0,False,True,,,open
INV-10218,B185,2026-09-17,2026-11-01,119500.0,False,False,,,open
INV-09618,B176,2026-09-18,2026-11-02,14500.0,False,False,,,open
INV-08098,B148,2026-09-18,2026-10-18,11300.0,False,False,,,open
INV-09232,B171,2026-09-18,2026-10-18,317200.0,False,False,,,open
INV-09452,B174,2026-09-18,2026-10-18,16700.0,False,False,,,open
INV-01596,B028,2026-09-18,2026-11-02,12500.0,False,False,,,open
INV-11414,B205,2026-09-18,2026-11-02,78700.0,False,False,,,open
INV-02257,B041,2026-09-18,2026-11-02,13100.0,False,False,,,open
INV-07891,B144,2026-09-18,2026-10-18,90200.0,False,False,,,open
INV-07136,B133,2026-09-18,2026-10-18,21000.0,False,False,,,open
INV-07097,B132,2026-09-18,2026-11-02,89000.0,True,False,,,open
INV-09852,B181,2026-09-18,2026-11-02,359500.0,False,False,,,open
INV-03852,B072,2026-09-18,2026-10-18,24200.0,False,False,,,open
INV-04958,B091,2026-09-18,2026-10-18,6900.0,False,False,,,open
INV-10591,B190,2026-09-18,2026-11-02,91100.0,False,False,,,open
INV-06072,B105,2026-09-18,2026-10-18,72800.0,False,False,,,open
INV-11150,B200,2026-09-18,2026-10-18,15900.0,False,False,,,open
INV-02850,B054,2026-09-18,2026-10-18,14700.0,False,False,,,open
INV-12007,B215,2026-09-18,2026-10-18,95000.0,False,False,,,open
INV-11149,B200,2026-09-18,2026-10-18,11200.0,False,False,,,open
INV-04800,B088,2026-09-19,2026-10-19,50100.0,False,False,,,open
INV-04163,B078,2026-09-19,2026-10-19,19600.0,False,False,,,open
INV-08198,B152,2026-09-19,2026-11-03,77800.0,False,False,,,open
INV-10404,B187,2026-09-19,2026-10-19,76600.0,False,False,,,open
INV-11291,B203,2026-09-19,2026-10-19,15500.0,False,False,,,open
INV-03886,B073,2026-09-19,2026-11-03,103500.0,False,True,,,open
INV-07526,B139,2026-09-19,2026-10-19,106900.0,False,False,,,open
INV-07892,B144,2026-09-19,2026-10-19,45000.0,False,False,,,open
INV-01734,B030,2026-09-19,2026-10-19,214800.0,False,False,,,open
INV-00218,B003,2026-09-19,2026-10-19,10900.0,False,False,,,open
INV-11933,B212,2026-09-19,2026-11-03,106800.0,False,False,,,open
INV-02374,B045,2026-09-19,2026-11-03,20100.0,False,True,,,open
INV-09154,B169,2026-09-19,2026-10-19,101200.0,False,False,,,open
INV-12008,B215,2026-09-19,2026-10-19,82600.0,False,False,,,open
INV-07527,B139,2026-09-20,2026-10-20,44000.0,False,False,,,open
INV-11151,B200,2026-09-20,2026-10-20,12500.0,False,False,,,open
INV-09064,B168,2026-09-20,2026-11-04,63300.0,False,True,,,open
INV-11934,B212,2026-09-20,2026-11-04,33900.0,False,False,,,open
INV-04801,B088,2026-09-20,2026-10-20,39800.0,False,False,,,open
INV-10845,B195,2026-09-20,2026-10-20,28300.0,False,False,,,open
INV-00219,B003,2026-09-20,2026-10-20,12000.0,False,False,,,open
INV-06491,B116,2026-09-20,2026-11-04,166600.0,False,False,,,open
INV-08832,B165,2026-09-20,2026-10-20,13500.0,False,True,,,open
INV-02007,B037,2026-09-20,2026-11-04,202100.0,False,False,,,open
INV-08199,B152,2026-09-20,2026-11-04,81600.0,False,False,,,open
INV-02073,B038,2026-09-20,2026-10-20,25000.0,False,False,,,open
INV-06235,B108,2026-09-20,2026-10-20,19900.0,False,False,,,open
INV-01552,B027,2026-09-20,2026-10-20,89500.0,True,False,,,open
INV-11967,B213,2026-09-20,2026-11-04,34700.0,False,False,,,open
INV-01774,B031,2026-09-21,2026-10-21,14300.0,False,False,,,open
INV-00675,B013,2026-09-21,2026-11-05,26900.0,True,False,,,open
INV-01907,B035,2026-09-21,2026-11-05,85400.0,False,True,,,open
INV-08183,B151,2026-09-21,2026-11-05,94700.0,False,False,,,open
INV-08248,B154,2026-09-21,2026-11-05,34000.0,False,False,,,open
INV-11699,B211,2026-09-21,2026-11-05,111500.0,False,False,,,open
INV-02008,B037,2026-09-21,2026-11-05,124500.0,False,False,,,open
INV-11152,B200,2026-09-21,2026-10-21,4200.0,False,False,,,open
INV-00165,B002,2026-09-21,2026-10-21,157600.0,False,False,,,open
INV-11205,B202,2026-09-21,2026-10-21,5900.0,False,False,,,open
INV-06073,B105,2026-09-21,2026-10-21,152100.0,False,False,,,open
INV-10405,B187,2026-09-21,2026-10-21,110200.0,False,False,,,open
INV-07287,B136,2026-09-21,2026-10-21,112500.0,True,False,,,open
INV-09065,B168,2026-09-22,2026-11-06,119200.0,True,False,,,open
INV-07893,B144,2026-09-22,2026-10-22,49000.0,False,False,,,open
INV-04585,B086,2026-09-22,2026-11-06,189800.0,False,False,,,open
INV-05688,B100,2026-09-22,2026-10-22,54800.0,False,False,,,open
INV-02478,B047,2026-09-22,2026-10-22,56700.0,False,False,,,open
INV-01195,B020,2026-09-22,2026-10-22,90500.0,False,False,,,open
INV-05400,B097,2026-09-22,2026-10-22,25400.0,False,False,,,open
INV-10896,B196,2026-09-22,2026-10-22,17100.0,False,False,,,open
INV-11484,B206,2026-09-22,2026-11-06,48300.0,False,False,,,open
INV-05861,B103,2026-09-23,2026-11-07,52500.0,False,False,,,open
INV-09066,B168,2026-09-23,2026-11-07,96400.0,False,False,,,open
INV-01664,B029,2026-09-23,2026-11-07,35600.0,False,False,,,open
INV-02479,B047,2026-09-23,2026-10-23,31700.0,False,False,,,open
INV-01039,B018,2026-09-23,2026-10-23,24000.0,False,False,,,open
INV-06347,B112,2026-09-23,2026-11-07,16700.0,False,False,,,open
INV-05781,B101,2026-09-23,2026-11-07,107900.0,False,False,,,open
INV-04802,B088,2026-09-23,2026-10-23,89600.0,False,False,,,open
INV-11349,B204,2026-09-23,2026-10-23,238700.0,True,False,,,open
INV-01908,B035,2026-09-23,2026-11-07,32100.0,False,False,,,open
INV-09155,B169,2026-09-24,2026-10-24,56900.0,False,False,,,open
INV-09068,B168,2026-09-24,2026-11-08,31800.0,False,False,,,open
INV-00456,B008,2026-09-24,2026-11-08,24800.0,False,False,,,open
INV-10683,B192,2026-09-24,2026-11-08,24000.0,False,False,,,open
INV-10080,B183,2026-09-24,2026-11-08,154500.0,False,False,,,open
INV-04164,B078,2026-09-24,2026-10-24,10000.0,False,False,,,open
INV-09067,B168,2026-09-24,2026-11-08,156000.0,False,False,,,open
INV-11935,B212,2026-09-24,2026-11-08,86400.0,False,False,,,open
INV-05469,B098,2026-09-24,2026-10-24,28200.0,True,False,,,open
INV-07566,B140,2026-09-24,2026-11-08,5500.0,False,False,,,open
INV-05689,B100,2026-09-24,2026-10-24,75100.0,False,False,,,open
INV-07098,B132,2026-09-24,2026-11-08,67800.0,False,False,,,open
INV-05470,B098,2026-09-24,2026-10-24,10900.0,False,False,,,open
INV-06789,B122,2026-09-24,2026-11-08,11100.0,False,False,,,open
INV-04661,B087,2026-09-24,2026-11-08,57700.0,False,False,,,open
INV-10977,B198,2026-09-25,2026-11-09,12800.0,False,False,,,open
INV-00220,B003,2026-09-25,2026-10-25,28800.0,False,False,,,open
INV-06492,B116,2026-09-25,2026-11-09,205000.0,False,False,,,open
INV-01229,B021,2026-09-25,2026-11-09,5200.0,False,False,,,open
INV-10219,B185,2026-09-25,2026-11-09,106300.0,False,False,,,open
INV-07894,B144,2026-09-25,2026-10-25,30900.0,False,False,,,open
INV-04803,B088,2026-09-25,2026-10-25,59800.0,False,True,,,open
INV-01935,B036,2026-09-25,2026-11-09,30200.0,False,False,,,open
INV-06139,B107,2026-09-25,2026-11-09,60400.0,False,True,,,open
INV-11936,B212,2026-09-25,2026-11-09,55200.0,False,False,,,open
INV-10735,B193,2026-09-25,2026-11-09,86000.0,False,False,,,open
INV-04351,B083,2026-09-25,2026-11-09,8500.0,False,False,,,open
INV-06236,B108,2026-09-25,2026-10-25,12700.0,False,False,,,open
INV-02174,B039,2026-09-25,2026-11-09,16000.0,False,True,,,open
INV-11657,B210,2026-09-26,2026-10-26,177800.0,False,False,,,open
INV-10406,B187,2026-09-26,2026-10-26,99600.0,False,True,,,open
INV-12183,B218,2026-09-26,2026-11-10,48100.0,False,False,,,open
INV-02922,B055,2026-09-26,2026-10-26,48700.0,False,False,,,open
INV-00899,B017,2026-09-26,2026-10-26,27300.0,False,False,,,open
INV-07099,B132,2026-09-26,2026-11-10,53700.0,True,False,,,open
INV-09953,B182,2026-09-26,2026-10-26,55900.0,False,False,,,open
INV-09952,B182,2026-09-26,2026-10-26,101900.0,False,False,,,open
INV-11658,B210,2026-09-26,2026-10-26,150700.0,False,False,,,open
INV-08099,B148,2026-09-26,2026-10-26,9800.0,False,False,,,open
INV-09825,B180,2026-09-26,2026-10-26,10800.0,False,True,,,open
INV-03524,B067,2026-09-26,2026-10-26,121300.0,False,False,,,open
INV-08184,B151,2026-09-26,2026-11-10,23700.0,False,False,,,open
INV-07895,B144,2026-09-26,2026-10-26,74100.0,False,True,,,open
INV-03385,B066,2026-09-26,2026-11-10,26200.0,False,False,,,open
INV-07421,B138,2026-09-26,2026-10-26,43500.0,False,False,,,open
INV-11612,B209,2026-09-26,2026-11-10,99900.0,False,False,,,open
INV-07567,B140,2026-09-26,2026-11-10,6600.0,False,False,,,open
INV-07743,B143,2026-09-26,2026-11-10,16400.0,False,True,,,open
INV-07528,B139,2026-09-26,2026-10-26,44800.0,False,False,,,open
INV-03137,B059,2026-09-27,2026-11-11,5100.0,False,False,,,open
INV-03739,B070,2026-09-27,2026-11-11,113800.0,False,False,,,open
INV-02923,B055,2026-09-27,2026-10-27,30600.0,False,True,,,open
INV-01196,B020,2026-09-27,2026-10-27,133200.0,False,False,,,open
INV-08849,B166,2026-09-27,2026-10-27,161400.0,False,False,,,open
INV-02524,B048,2026-09-27,2026-11-11,85000.0,False,False,,,open
INV-00363,B006,2026-09-27,2026-11-11,87600.0,False,False,,,open
INV-06013,B104,2026-09-27,2026-10-27,91900.0,False,False,,,open
INV-01420,B024,2026-09-28,2026-10-28,237600.0,False,False,,,open
INV-11937,B212,2026-09-28,2026-11-12,37300.0,False,False,,,open
INV-00457,B008,2026-09-28,2026-11-12,84100.0,True,False,,,open
INV-10081,B183,2026-09-28,2026-11-12,58000.0,False,False,,,open
INV-02361,B044,2026-09-28,2026-10-28,102700.0,False,False,,,open
INV-11292,B203,2026-09-28,2026-10-28,5800.0,False,True,,,open
INV-07100,B132,2026-09-29,2026-11-13,60300.0,False,False,,,open
INV-08014,B147,2026-09-29,2026-10-29,9400.0,False,False,,,open
INV-02777,B053,2026-09-29,2026-10-29,20200.0,False,False,,,open
INV-06375,B113,2026-09-29,2026-11-13,104200.0,False,False,,,open
INV-09565,B175,2026-09-29,2026-10-29,56700.0,False,False,,,open
INV-02431,B046,2026-09-29,2026-11-13,17100.0,False,False,,,open
INV-02074,B038,2026-09-29,2026-10-29,24200.0,False,False,,,open
INV-00676,B013,2026-09-29,2026-11-13,7200.0,False,False,,,open
INV-05401,B097,2026-09-29,2026-10-29,47200.0,False,False,,,open
INV-00079,B001,2026-09-29,2026-11-13,32600.0,False,False,,,open
INV-11153,B200,2026-09-29,2026-10-29,10200.0,False,False,,,open
INV-07529,B139,2026-09-29,2026-10-29,81300.0,False,False,,,open
INV-00364,B006,2026-09-29,2026-11-13,143600.0,False,False,,,open
